position,D,Sseq,Sevo,Sstruct,plddt,n
1.0,1.060801708937762,0.28355778581888197,0.589799369820989,-0.04416244272540001,39.05,57
2.0,0.6080594485925692,-0.3121817063175306,0.10876389439445994,-0.4117830167921214,42.31,57
3.0,0.6268312494685392,-0.7677398671798945,-0.139285410164357,-0.581676600918104,38.22,57
4.0,0.6759451172837038,-0.6401541823818386,-0.4800559645932864,-1.1077037368753577,40.58,57
5.0,0.5354272650131147,-1.1296060373759171,-0.4527404268104129,-0.8427682739938059,37.34,57
6.0,0.627065007377219,-0.9159491994015109,-0.5477004593386524,-0.7562919448522011,42.54,57
7.0,0.7324566149471158,-0.9467146746951244,-0.41840026033256633,-0.7864284460553584,39.49,57
8.0,0.6734423690864544,-0.7074146002215868,-1.1491013823265888,-0.4142372734268622,37.89,57
9.0,0.48664032462673845,-0.7216036335230293,-0.9251780442495349,-0.31905580461504673,35.84,57
10.0,0.5123192670025376,-1.1371538616462318,-1.0597085216907998,-0.6326586694380733,40.53,57
11.0,0.5594389441678222,-0.6587878127237584,-0.44450497348492096,-0.6637418180840656,46.75,57
12.0,0.5314446980818327,-0.4664957901071945,-0.3945098767904516,-0.034641050244865,48.48,57
13.0,0.6112196433050295,-0.4511017136092884,0.10836775383739906,0.255134653298207,46.14,57
14.0,0.5895095721973189,-0.07973959151778823,0.18486997110838263,-0.014014205020489242,51.48,57
15.0,0.5739202050517794,-0.054535776044099614,0.4953503628531084,0.22045731685198564,62.1,57
16.0,0.6691359025583087,-0.32210723194683066,0.2628325230059198,-0.8294164280302341,51.34,57
17.0,0.6264874174051283,-0.09923144136841941,0.18619882193576454,0.12997458888496066,56.52,57
18.0,0.629120110614168,-0.4081293876783481,0.18017403298275833,-0.8711377823572821,62.02,57
19.0,0.8202225746229311,-0.08486742816598072,0.877337163805136,0.03868685044814028,56.27,57
20.0,0.5401658445661541,-0.23160106323009247,-0.45094652144091224,-0.4013615246338859,66.74,57
21.0,0.6028006497694502,-0.1238664578180604,-0.2699290672975016,-0.5350762883178493,67.21,57
22.0,0.5858189776864224,0.29678973243728735,0.3470129224383636,0.36310950477350135,69.09,57
23.0,0.9470654330088526,-0.34465466189712,0.4398511852549826,-1.3508680227342869,68.57,57
24.0,0.6928950392323039,-0.8283231111345045,-0.6061368769216086,-0.12803230268869548,72.03,57
25.0,0.6585618656735993,-0.5052068705556202,-0.14943570012991192,-0.10368665503537276,70.71,57
26.0,0.6520133429768822,-0.07161920451088323,0.13107649071924207,0.17520118364456846,57.71,57
27.0,0.9227222197577317,-0.7575491135971576,-0.34893960948104885,0.7215309261423574,62.51,57
28.0,0.6541957462713672,-0.3787177511193228,-0.7861180389711794,-0.28328696724504987,50.97,57
29.0,0.6209155155900886,-0.7561677313093279,-0.8274006833180234,-0.4578798953512198,41.11,57
30.0,0.6878452579952522,-0.9262265851477389,-0.9724999062326806,-1.0367414988058055,36.23,57
31.0,0.5713361313489669,-0.9642864765438254,-0.9039762205952301,-0.5748248342858168,39.99,57
32.0,0.570096036445729,-0.5908287817889407,-0.5090950789596548,-0.44919969446175956,32.39,57
33.0,0.6159962628903519,-0.42124423631285735,-0.6376806238246927,-0.46885952928886104,34.35,57
34.0,0.7423043879795793,-0.5463838995795831,-1.0569927235434187,-0.1013582838151128,32.25,57
35.0,0.5895764918086556,-0.6934608151854086,-1.0722959965693555,-0.7719700289112893,33.3,57
36.0,0.7987263578307753,-0.43700901941112147,-1.2056823577894231,-0.5176866558212769,33.83,57
37.0,0.5283800489292588,-0.6543125548604364,-0.9039651384604693,-0.5960784623203833,30.47,57
38.0,0.6215898145293324,-1.0333020834558384,-1.4038689994063274,-0.9094635848522872,34.53,57
39.0,0.5822915731790597,-1.082464588423145,-1.1325190523409263,-0.7524125032856946,36.92,57
40.0,0.5715005128510166,-1.1167003177274835,-1.1122010502985067,-1.4458614963930136,33.29,57
41.0,0.6949669465555909,-0.4173741639643227,-0.7366155531316991,-0.46465295950479835,31.19,57
42.0,0.5928536457804426,-0.4475123557730648,-0.47497065212737954,-0.43482679976611927,36.17,57
43.0,0.5516470335511486,-0.5530407848557892,-0.7334560052841371,-0.2133034077303855,38.37,57
44.0,0.6067790184892591,-1.540507688779139,-1.5369598926240204,-1.3291038687132015,34.25,57
45.0,0.6249383488162983,-0.4832333824188263,-0.5805633463960153,-0.394137979389003,41.74,57
46.0,0.552811453360758,-0.4473277228201628,-0.8940382712993781,-0.46410768769937727,37.28,57
47.0,0.546839954778918,-0.5616047863571121,-0.6946325057416414,-0.7166788652914636,33.82,57
48.0,0.6377786822920508,-0.6570459995319744,-1.0317924175903646,-0.04097485525161363,42.05,57
49.0,0.6589583456153679,-0.7225714630227775,-0.5311988113717386,-0.193971990977,40.6,57
50.0,0.6789667782469135,-0.6785601223929636,-1.0016890423792075,-0.7553216890986777,42.62,57
51.0,0.6292199032877243,-0.983009263682559,-1.2785675125392397,-0.5630716865323638,40.15,57
52.0,0.6157968172678641,-1.0313976699266416,-1.4850739534500113,-0.7185756217540389,39.79,57
53.0,0.7388682593303263,-0.8787102747791868,-0.5812564846459337,-0.829177849686357,40.69,57
54.0,0.6671849006518897,-0.5245348225216622,-1.0371623623081587,-0.45030401560029415,35.56,57
55.0,0.5652305073012622,-1.1609983007992934,-1.4142837743305456,-0.34920847168625274,39.38,57
56.0,0.6379127750848066,-0.863491788292338,-0.8652976191608975,-0.3896158018852492,38.8,57
57.0,0.6151377411408353,-1.1248165149013263,-0.8492343302113642,-0.5237576538292338,41.27,57
58.0,0.6037044232607007,-0.778378563245791,-1.0547782480150123,-0.15131963388675498,42.62,57
59.0,0.6222907524335998,-0.842355266895305,-1.3280428646137319,-0.6094176811303607,39.74,57
60.0,0.6551484227403271,-0.8560083071675788,-0.7472798108995851,-0.3978134594532871,45.97,57
61.0,0.6017221000661718,-1.1920325489004644,-0.9861401710614356,-0.48210817696409025,43.59,57
62.0,0.5909608612435895,-0.8062235798041634,-0.954920546401531,-0.434464212154728,42.07,57
63.0,0.5694730038226867,-0.5700346689259137,-0.8509401939770327,-0.3378122007590474,48.47,57
64.0,0.8050168098973013,-0.45309705779238285,-1.0188022961181062,-0.059824725316900675,39.55,57
65.0,0.6417218398977351,-1.1415221702262086,-1.5217307718600193,-0.6293031163634936,41.01,57
66.0,0.7334012964018255,-1.841769649011379,-1.3749879081967844,-1.4430767498673889,52.3,57
67.0,0.6824381919044533,-0.3352868866067428,-0.6171196058763583,-0.5500506646952769,40.69,57
68.0,0.6722311655866061,-0.8479914940604861,-1.0703780088961834,-0.2260426631089788,40.69,57
69.0,0.6880859360106791,-0.49302874516417233,-1.118869620182173,-0.10806036621347741,42.45,57
70.0,0.7228229118091049,-0.4829288856387465,-0.9370196143567733,-0.3039000630426579,42.02,57
71.0,0.8973187984724746,-0.2769400895949854,-1.1418988686089055,-0.08179753464192241,50.99,57
72.0,0.8064644458203989,-1.3745260407625748,-2.1394965702091993,-0.702922079434365,46.72,57
73.0,0.7189925715020256,-0.94866225452305,-1.6797738716973045,-0.4963711315431067,42.94,57
74.0,0.7589657107447356,-0.26637703426034254,-1.0897023111650663,-0.09997211229135317,52.78,57
75.0,0.7664536110398976,-0.0335618831120269,-0.6084582147326684,0.3003848283195787,49.63,57
76.0,0.7753388078092938,-0.26309060418823244,-0.8545769323564554,0.1735902675601467,48.95,57
77.0,0.762510809829028,0.030717344732982457,-0.504274564386494,0.507987611738777,50.75,57
78.0,0.7348626991983755,-0.1971076940438552,-0.798967142955327,0.2410159834504142,47.11,57
79.0,0.7211028237859645,-0.16139318872598765,-0.6758826983272348,0.09008505614785522,48.01,57
80.0,0.6615056739002616,-0.03400946328169412,-0.34122791486988224,0.5779557480697148,48.55,57
81.0,0.7080132361525393,-0.6427733218525432,-1.2989207459040315,-0.47610299779891285,49.77,57
82.0,0.7547327027771636,-0.048706809880719036,-0.4420544709247651,0.6863333403935966,53.78,57
83.0,0.7524256493500597,-0.29180612846432047,-0.8352770042236465,0.1754120151204979,51.68,57
84.0,0.7453987946119452,-0.1438136302986215,-0.562281275064196,0.22054179357030027,50.65,57
85.0,0.70522962228819,0.0035539162645939404,-0.24498294706576826,0.6534547074976124,52.7,57
86.0,0.7215559668976735,-0.30569261986654317,-0.42726677635880345,0.2654549120465015,50.11,57
87.0,0.7226474337136376,-0.06591730494171812,-0.16496783678621518,0.6964705858399017,46.01,57
88.0,0.6150392281376572,-0.23941660269539658,-0.39825999432187603,0.14009298054762986,53.38,57
89.0,0.7413235391672318,-0.2882863780321241,-0.9458448309483324,0.3836128058746559,50.56,57
90.0,0.49782485807153243,-0.6141953827942619,-0.5923462862706671,-0.7506112364944265,57.79,57
91.0,1.1080646435279957,-1.2639948050050358,-0.16090933420390974,-0.7855935842902081,58.92,57
92.0,0.47760187678404653,-0.303212272973023,-0.07614220176753998,0.8055957617667101,65.04,57
93.0,0.6298888164007512,-0.5916035696046205,0.07740652844217787,-0.5226292065011919,64.22,57
94.0,0.48348471655207065,-0.4580695038237721,-0.10205882327947528,0.12557541944390707,79.13,57
95.0,0.5768019564416604,-0.31823868388217535,0.20718810635024362,0.3072354457481437,89.67,57
96.0,0.4745115337373667,-0.3461652604389154,-0.45949684027314897,-0.012504479766433726,92.42,57
97.0,0.685160127983431,-0.19112542401074206,0.4634694209439545,0.8463239399046122,94.61,57
98.0,0.5628261402213617,0.3555231997167235,0.8339253216480852,0.944743598352796,95.72,57
99.0,0.5472120622741034,-0.13861635646994383,0.1690931357458616,0.7291586314850605,96.33,57
100.0,0.7148392988147981,-0.6679083081064471,-0.2771775435645612,-0.5906655620764365,95.09,57
101.0,0.6947383469424576,-0.783703600407895,-0.16862473155824587,-0.3528257683373657,96.7,57
102.0,0.6430626819469853,-0.328452304651457,-0.0723966627069822,-0.41043305601054136,97.62,58
103.0,0.6110234166949166,0.2578824122587416,0.7068281118159739,-0.005863061053443068,98.19,57
104.0,0.581048482021222,-0.6225727517372424,-0.9402619782740625,-0.594141882500335,97.72,59
105.0,0.6332826617085007,0.6399263227241817,0.8477131176871228,1.8706807120937998,96.58,63
106.0,0.5638936084390137,-0.3675351237073669,-0.982473298965537,-0.20625487629449682,97.1,59
107.0,0.6035591125365336,0.096144481670008,0.499845663459215,0.9409163879448181,97.57,60
108.0,0.7017576445991117,0.12367740192557275,-0.04525323644723094,1.550451551950018,97.44,60
109.0,0.7409826394128483,0.8544386052807551,1.0652315478295595,1.171320895544924,98.32,61
110.0,0.5870279157410969,0.005027712310619167,-0.3221191820674795,0.44045689129032634,97.96,63
111.0,0.6378179355199193,0.6138210934782439,0.8990591767079484,1.2859946718842081,98.33,61
112.0,0.6804165107088264,-0.06027879404847097,0.07061771350518387,0.8580806311455262,97.39,59
113.0,0.6504456564128888,0.6078336589809271,0.7936016323113869,1.0389906912983164,97.83,63
114.0,0.7022602105779745,-0.10101208039019141,0.09645114957004408,-0.5079581644253681,94.82,58
115.0,0.7479046523233224,-0.15379535987078974,-0.5974214027171589,-1.0095478282521393,90.28,58
116.0,0.6038671630909831,0.13001093429626673,0.3677577018697463,-0.5147435025119048,91.81,60
117.0,0.5756275811177424,0.36409124522418856,0.6095806051737248,0.8720870517008535,92.77,59
118.0,0.5348970623652594,0.15388258331957544,0.3151153471551527,0.31316743333138175,94.02,60
119.0,0.6190737673100759,0.32175029013895495,0.7684179598459924,-0.03694007171601746,94.8,60
120.0,0.8590648570423183,0.649472412980236,0.9887221968931836,-0.6882456526260027,91.07,62
121.0,0.679821647533927,0.3768840678708836,0.610336515656002,0.2625562028928605,94.3,59
122.0,0.5947599372653827,0.6528117729134986,0.8727347999090587,0.43305701956968795,96.67,58
123.0,0.6150542446856655,0.3220525392262978,0.4783729078758803,-0.27898395592069986,97.37,59
124.0,0.724818352053199,0.3570720648329584,0.5319465176156387,0.06639633943900977,97.97,62
125.0,0.6928637048178137,0.5167586992358145,0.6811529066243291,0.9443575136710973,98.18,62
126.0,0.5168286160493012,0.8387406084505075,1.170284179581499,1.317212967375308,98.38,64
127.0,0.7237430858040471,0.8697849040902965,1.1763297070806749,1.6295420906395934,97.75,62
128.0,0.46339546235212953,0.3374206073631826,-0.012596366942383285,0.16917947674937647,96.68,61
129.0,0.7999606105775281,-0.49298241084677136,-1.562767116154271,0.143590058259257,95.84,61
130.0,0.5943591454683412,0.6164149922534857,0.9178851374069166,1.1341073526806589,96.77,63
131.0,0.554080571628379,0.40394673306702045,0.36679628368571426,0.7729398262328926,97.77,64
132.0,0.7130674870741122,0.8217588403370859,0.7236767697087589,0.4692943142610517,98.38,64
133.0,0.8531656757056895,0.2944866129082013,-0.1522418520473169,0.4295657145001688,98.57,63
134.0,0.7941247242641223,0.9108006875231232,1.3446454979746565,1.1461472580476966,98.67,62
135.0,0.7724500583031303,0.8848770039883955,1.1337412617525904,0.7542267708802477,98.44,64
136.0,0.6329950668918114,0.6872972534688218,0.5827931447256633,0.4012881188247766,98.27,63
137.0,0.6910264542737091,0.8774459256161914,0.6019496806737278,0.4281867516395855,97.26,61
138.0,0.7902560477385743,0.4230010632283818,0.5537275500670703,-0.20143607827268883,95.76,62
139.0,0.7128866054309639,0.6238128587510849,0.5377057550775524,0.028132353043587417,96.98,62
140.0,0.5508314268323722,0.3174448154079726,0.2779061580374659,-0.016841312043290296,97.21,62
141.0,0.8277139960477709,0.8103101429690771,1.073076649133414,0.3604551116274872,97.76,64
142.0,0.5731790305104996,0.7996861941503534,0.9984882497723098,0.8947762628585738,97.64,64
143.0,0.5276155649459515,0.8808410492347956,0.8976192892511774,1.0458181314511,98.41,62
144.0,0.47378344621193824,0.2454077271166003,0.4045788662401585,0.164016242045196,98.06,62
145.0,0.5599054400158371,0.807445290819581,0.6077476884879722,1.2316490500389863,98.26,62
146.0,0.7589472325942008,-0.20435332308336868,-0.00267563624031113,-0.8475981987975626,98.2,62
147.0,0.46092303542561286,0.7228445217591861,0.6696206215430697,0.8662148155424702,97.84,63
148.0,0.5757575054417063,-0.24606873028243587,-0.5991777913802574,0.14614341156120975,97.09,64
149.0,0.508097195221333,-0.2202397798981117,-0.3213938879385219,0.24384369931193675,96.08,61
150.0,0.5193995652001129,-0.5266104217277334,-0.8499728661122311,-0.12959297770663805,96.22,63
151.0,0.6875621060403513,0.646487508843583,0.7728960522142003,1.7406246135241745,97.15,62
152.0,0.4586577924128713,0.379717482227065,0.625909200593343,0.7053929769579899,96.77,63
153.0,0.5109781732577101,-0.09972064203237815,-0.44279761945070006,0.15267479775515302,96.6,64
154.0,0.5684055926236905,0.39990150191941504,0.30148923157993374,1.2771345217420171,96.78,63
155.0,0.654780657340803,0.20683756950794985,-0.047458417951966286,1.039280023924159,98.38,63
156.0,0.6154092066881064,-0.10837678161868676,-0.31090829586029234,0.6409665528842402,98.28,63
157.0,0.6519894650024669,0.9768012471374363,0.8326934806729547,1.2551079552787474,98.57,62
158.0,0.5507638906362743,0.7852863536583348,0.8197625074386405,0.9150821324821836,98.63,66
159.0,0.6256340389842614,0.9588853978386452,0.622805154349574,0.4326871827475216,98.66,64
160.0,0.5895599864806856,0.5583886808211399,0.599070438692754,0.15717706890082497,98.5,63
161.0,0.5880405329231584,0.6681157684180381,0.8614864069974757,0.13962135551243915,98.47,64
162.0,0.5621711399377736,0.8450179549456512,0.7910700952678216,0.7966167487927341,98.18,63
163.0,0.6714577483240717,1.056094453239164,1.2595135674967033,0.8164018568717067,98.4,63
164.0,0.5280824476709471,0.8811522696751354,0.6191771049962137,0.08065467306259898,97.74,63
165.0,0.6999453065574821,-0.025057491496959027,-0.4602795127034439,-0.0800682087095517,95.45,62
166.0,0.5632140725608944,0.286746632820551,0.25655163575015816,-0.25376420635480834,94.86,62
167.0,0.5067440864672583,0.008648121308622796,0.014977440254014724,-0.5003227267994353,95.04,62
168.0,0.5414280121595373,0.4262868994097659,0.5013057175584317,0.10266967194675718,95.11,65
169.0,0.703115230880476,0.16494704432755286,0.5015254387841398,0.06991214878792988,95.18,61
170.0,0.6419173364540645,0.16570228642360862,0.2072149979126955,-0.028301762101729633,95.76,63
171.0,0.6984070462575556,0.6928229765247319,0.6124349663335706,0.17191003395705715,96.0,63
172.0,0.559257238899095,1.0094537453602095,0.6837040106067072,0.9315648850415035,96.81,62
173.0,0.6694483116889018,1.3015630825019728,1.3722248357557933,1.2112602156558043,97.38,63
174.0,0.5553127746505053,0.6458343028742445,0.3313659120517119,0.7394467354621953,95.67,63
175.0,0.627915102754784,0.9371581387850388,0.696758863480893,0.7619488443009886,96.85,64
176.0,0.7367332034691731,1.7748145667237245,1.4942769740669881,1.3316501312625888,96.75,63
177.0,0.7352495933178503,0.8996094826780626,1.2441934847012532,0.4098121457885097,95.29,65
178.0,0.7496819484792401,0.5965450958164724,0.7905396359276549,-0.8424098798414406,95.12,64
179.0,0.8383314468026255,1.130318990994568,0.9833450747449778,0.20020111762593867,94.52,64
180.0,0.6085842663890312,0.253082210724162,0.6949645063648894,0.3869666785534441,93.22,63
181.0,0.4681338399385961,0.01474618265386313,0.19037554921069452,-0.1378314805870983,91.0,63
182.0,0.7070003807704596,-0.11894519843495797,0.023148142617004316,-1.0828564122476265,82.68,60
183.0,0.37079730250457416,-0.29029643709631603,-0.28704979920521684,-0.45716483616580245,68.17,59
184.0,0.4914705094457405,0.01824459300825063,0.21143622888349015,-0.35221820330135456,67.83,63
185.0,0.41770021178154626,-0.3710707201846905,-0.40998178919866146,-0.3750181634990238,66.16,63
186.0,0.5721159894039985,-0.07246873891113477,0.43243398069121236,0.44036652262519255,67.83,63
187.0,0.5240879116758944,-0.049877318632579035,-0.011670876457546489,-0.15344239504851964,75.24,63
188.0,0.5473982343746616,-0.17080431416485187,-0.3719687204351303,-0.2498897183998472,82.45,59
189.0,0.5448052658163642,0.04093241109254932,0.07705999439731588,0.1901385833169057,91.37,63
190.0,0.4993983480215058,0.3482004555159724,0.7326541242491671,0.8465509895620915,93.36,63
191.0,0.4672594438119455,0.2619677372841469,0.5028387139190826,0.1610642247436176,93.69,62
192.0,0.6026188604128184,-0.10504430209352643,-0.3264625478041757,-0.2898978475685888,94.1,62
193.0,0.8747135822627148,0.8783706586134462,1.3205574976495034,0.20563582916906545,96.42,64
194.0,0.636713214747743,0.9061019475668868,1.062906954736567,0.7015329998617101,97.49,63
195.0,0.5376119267846107,1.0179130699434469,0.9760457379635394,0.8533290823638487,97.92,64
196.0,0.5091619767996854,0.8767791540990383,0.7675146981226162,0.18288149235874618,96.77,62
197.0,0.5514461076061669,0.9997189247575857,0.6595620050563925,0.8926429230223545,96.8,62
198.0,0.6875557554458733,0.7107940188935523,0.7589868304014185,-0.2965786143583373,93.03,62
199.0,0.5853550151921221,1.081879041066154,0.6601757147152767,0.6946618914376185,90.48,62
200.0,0.5329928422862372,0.31516421151913715,0.33483919483354607,0.6028288133034546,89.98,63
201.0,0.8491962791618939,-0.13274995604660464,-0.4096382726899538,-0.9336152371321935,91.68,60
202.0,0.533611174627054,-0.1365219074034733,-0.40071787636334544,-0.38262602180846095,94.88,63
203.0,0.5779023467377922,0.08446858883868956,-0.284991508309997,0.37929057444639624,96.19,62
204.0,0.5256506482892803,0.22080089037869882,-0.2553685008155541,0.17936111972624158,96.48,63
205.0,0.6404006709323053,0.7310908688260283,0.9713291003571509,1.0551681218524271,96.97,63
206.0,0.5577086559164167,-0.09096335299126752,-0.4707855824429046,0.0008298166858061728,96.1,59
207.0,0.7904054175119118,0.028710334530515427,0.1028794255515684,-0.7585077811812948,95.77,64
208.0,0.4662966421706901,0.6243403198790931,0.8592897868197378,0.9297009469943782,94.94,64
209.0,0.5552545728666394,-0.40287685636178155,-0.9940754555284493,-0.6109763663968343,92.82,61
210.0,0.6145188419267524,-0.23553952028479053,-0.7277869932715281,-0.9133609842498279,92.43,64
211.0,0.5278441344787956,0.36470655898876014,0.6070889813808493,0.9843727879723949,93.8,62
212.0,0.8770541360297686,-0.31172297779884905,-0.24132417162570008,-0.050994503410643426,95.0,62
213.0,0.6577213811592161,0.7389846694447426,1.0211168512169524,0.4822103800642723,96.91,62
214.0,0.523150507174819,0.4038068526429255,0.40706584997028616,0.18126654014955074,97.48,62
215.0,0.5935615776642593,0.8227931998886875,0.7172855100429838,0.9475949729738788,98.05,64
216.0,0.577438138578549,1.0739608485526266,0.9585383029453808,1.0567590831031823,97.92,63
217.0,0.5326401787828718,0.48670354567974766,-0.015513922350413595,0.44325135877459343,98.06,63
218.0,0.45293453326750466,1.1593439158226329,0.8119575147700872,1.066391642342425,97.92,62
219.0,0.45204920719856917,0.8272346534117193,0.7447228476605955,0.9099697617496595,97.83,63
220.0,0.6296207083296471,0.9108950104779294,0.6606342996860388,1.3990497999457,97.7,63
221.0,0.5759516629254519,0.39623179921449914,0.46643160315891985,-0.18860935621522434,96.24,62
222.0,0.49204353185190314,0.06622923502897456,-0.2625602408084206,0.43368747376715394,95.83,63
223.0,0.507558045211627,0.8381131269644723,1.2161811841818042,1.3606575900956137,96.29,63
224.0,0.7715089444377986,-0.047783739082009315,0.6726115718735187,-0.04283804917510281,95.42,61
225.0,0.6758959465509455,0.16509243411364483,0.4101923992399355,-0.4860640813645957,95.32,63
226.0,0.5393632880953267,0.6770387800852238,0.8320030857339311,1.1816239984804884,94.6,62
227.0,0.4788493009495666,0.210048527504634,0.3043419289534748,-0.08570827163896617,95.02,61
228.0,0.5451984191108786,0.1603976765177748,0.20919425252116397,-0.11587316241030816,94.54,65
229.0,0.665463625840028,-0.009514565767731227,-0.18624450487575495,-0.7478714064442875,95.63,63
230.0,0.46560407221333067,0.4447485570789097,0.43291979796421165,0.5944994628332256,96.97,62
231.0,0.4497130635110512,0.40636229471345275,0.460713548473966,0.6104445419265608,97.31,61
232.0,0.5009062482147819,0.6855391668886817,0.5667363186537018,0.7932933002275534,97.99,63
233.0,0.7684759924562168,-0.1679322181027917,0.3690608653083423,-0.283445354818199,97.61,63
234.0,0.6927470828785003,0.834675626530737,0.871262283095578,0.698371485728368,98.12,65
235.0,0.7707205012382407,0.40388816852220644,0.46727699251453747,-0.9658359860657835,97.16,64
236.0,0.784533524323636,0.6204335150288988,0.6076691271221121,1.0366107036346097,98.04,63
237.0,0.8579639164448772,0.6725462891931809,0.9544525221804356,-0.2944376998492937,97.0,63
238.0,0.8058145450587616,1.8997582376181827,1.7477867868657706,0.481442000630509,97.41,64
239.0,0.8925104514784317,1.0483820060864406,0.7646888339603704,-0.8817330773645747,98.3,64
240.0,0.5766142117773462,1.0112554519200332,0.8333644808287352,-0.01927844765967162,98.33,64
241.0,0.7358172102682711,1.1743398195823542,1.2212567328236708,0.11306745956936771,97.88,63
242.0,0.772027244785596,1.8600602770668444,1.7938204023545878,1.079808295041881,97.59,62
243.0,0.8968626969458174,0.5024857636052787,0.5500324430135346,-1.0797452324917869,96.72,63
244.0,0.5949814707779606,1.1133212884324721,1.4261257274958372,0.7349954996818726,93.87,64
245.0,0.63252424914955,1.4027616347853182,1.415948901204594,1.3490699913920605,95.37,68
246.0,0.833678016262454,0.560655368014864,0.8492782193872331,-0.298793244693998,97.4,63
247.0,0.7074999937889676,0.8706565445223208,0.97719506915278,0.37663119962115654,97.57,64
248.0,0.9276963558283792,1.292959428341214,1.0560948927046074,-0.3733658590596931,97.32,62
249.0,0.7250876611111351,1.2290102636836886,1.1267471234294895,0.2521440349252868,97.82,65
250.0,0.7153904138435461,0.7712274117818539,0.9832997551350795,0.5750109274593506,98.19,65
251.0,0.7786237726616178,0.8812657759108486,0.9948523235272168,0.33447411155099677,98.63,63
252.0,0.6074920773205197,0.1916177798616159,0.438991175022889,-0.09818511082719222,98.49,62
253.0,0.7659800063889071,0.5860051122506161,0.5865628250862207,-0.30838652269145284,98.66,62
254.0,0.7139930312755166,0.6004398458015742,1.1296624242055113,0.944800545586811,98.65,65
255.0,0.6431102694900201,0.5336304296512208,0.9071775848609586,0.6471426195983407,98.7,63
256.0,0.6968128899466919,0.5609639208676761,0.8262155545866054,-0.42687837341959084,98.72,62
257.0,0.7402859244095971,0.9402848443737709,1.0103832682723297,1.4115349947033842,98.61,61
258.0,0.8185354076170268,0.6459632847980494,1.1394832768905614,0.47025361962770196,98.49,64
259.0,0.7611496750203817,0.5437416916619741,0.4283635273578352,1.4627063149830315,97.53,66
260.0,0.5297355548696314,-0.36937831249187064,-0.44391448450682996,0.25260639282650826,96.51,63
261.0,0.5305447265419801,-0.6095718662901033,-0.5530604428703959,-0.19464902786673255,96.37,63
262.0,0.490469728478765,0.6171074042303962,0.7537033573266121,1.1934390435268551,94.75,62
263.0,0.5537213764223976,-0.37610648687550685,-0.3671417377512747,0.45381210199885785,97.24,62
264.0,0.524684335103071,0.2190154690910442,0.3520097598466053,0.8631378867050619,98.09,62
265.0,0.5089041840555458,0.5241538202400942,0.9139399401008765,1.1973913690632256,98.35,62
266.0,0.7184016095420008,0.9311600691822405,1.136034783600723,2.071385250683941,98.3,61
267.0,0.5426791534712607,0.8114556806024783,0.7712297924464632,0.9544171774703765,98.7,63
268.0,0.7388458762027273,-0.3088709544996417,-0.2355688579176247,0.17956500238578474,98.36,63
269.0,0.45108922623784575,0.2666183749584673,0.43158330054819555,0.2676689081390517,98.28,63
270.0,0.6697117168965137,0.6263014429987024,1.1392881100300343,1.169769488218081,98.56,63
271.0,0.6325747247966833,0.7185442327479837,0.8143312613629171,-0.10684217312510998,98.58,65
272.0,0.5638359687734098,0.9040579992927191,0.9232180608784751,0.6966873617236671,98.73,62
273.0,0.7131588250306908,1.0793989872641472,0.9501647616939854,-0.36687246139478646,98.6,66
274.0,0.6333843013300554,1.2062764881122183,0.8415312233274556,0.8761359738263869,98.72,63
275.0,0.838497187594524,1.6591356576937042,1.3357225454334902,0.6058004366971975,98.23,63
276.0,0.7111494422503255,1.1361750389499927,0.9098148222514647,-0.20295670129044,97.7,63
277.0,1.156404699216837,1.7909124672202896,1.5061092114079733,-1.390504131619516,97.39,63
278.0,0.7062700822391588,1.4335777352960417,1.414723250712257,1.9383682281372272,98.18,63
279.0,0.7782172834393267,1.0312877352866336,1.0204225077770117,1.804537108567291,97.64,61
280.0,0.8395144119966306,1.3774881340051635,1.0994371830531957,-0.17420502963483506,97.48,63
281.0,0.9137598881244546,1.3595426793849636,0.8863142905455379,-0.12380290053801189,97.67,66
282.0,0.5702574589520212,0.7711184867435583,0.9537969193743508,0.32190795238175574,97.8,64
283.0,0.5281060831714315,0.5938453359866548,0.5472186187184841,-0.4015127369072655,96.8,63
284.0,0.6363348264482535,0.16930980689126346,0.07701308481779194,-0.6987932345481281,96.78,61
285.0,0.7001505420997823,0.7756418504742496,0.8460534395823595,0.32044866065672933,97.04,63
286.0,0.5326557274599739,0.8603759729771114,1.0852403854276889,1.046310981288232,96.64,64
287.0,0.5013740328828263,0.26646382368772015,-0.05292508090477643,-0.4634536480680415,95.55,63
288.0,0.5876722971434423,-0.17749670987296773,0.2680061058342029,-0.6820469163856446,94.07,62
289.0,0.6032371867646675,-0.32940657595945455,-0.9063148395031007,0.43907875344760594,92.56,62
290.0,0.5559426300525117,0.02250112770071436,-0.31968929120988915,0.2516456549614506,91.82,61
291.0,0.4851856936393165,0.13063371147999753,0.16872198142326014,-0.23985943048170602,89.4,63
292.0,0.4893770305024655,-0.20084906142492956,-0.1294406990130322,-0.44015796250442063,81.35,64
293.0,0.6015994245871777,-0.5887091019056997,-0.5989092124894121,-1.5288314478592309,67.85,57
294.0,0.5848609793063932,-0.5975126096309015,-0.4034771163503344,0.13946434739253252,55.73,57
295.0,0.5027697499961424,-0.6728294442216832,-0.6416337766557252,-0.3638551231124507,48.42,57
296.0,0.7274669240403095,-1.3185674642278966,-1.9533994938645243,-0.6927574256238934,49.38,57
297.0,0.6435116121176531,-1.288714305695656,-1.8666101095303531,-0.8553739725705225,47.66,57
298.0,0.5024271447301871,-0.9594004757842535,-0.8784558714877716,-0.5946025339631098,38.82,57
299.0,0.48552799165598776,-0.752813516137951,-0.8914413250504709,-0.33371793299099234,45.25,57
300.0,0.43485201263016987,-0.3647120651081959,-0.30714293591038105,0.38892338969184825,42.89,57
301.0,0.4404029303726277,-0.49925735436726215,-0.5376990080995853,-0.1477302766322048,42.16,57
302.0,0.5149348403416358,-0.43549628007893215,-0.46928865805041076,0.13954602209723402,39.57,57
303.0,0.465942477300284,-0.17506345478624283,-0.3099641063229646,-0.2997906515635463,43.65,57
304.0,0.4344586135698627,-0.6921929790213959,-0.6146684874317648,-0.7129542948366882,41.07,57
305.0,0.6667823569333122,0.49329618567739464,0.24132256109361072,-0.7909699424116443,43.28,57
306.0,0.5837833096608892,0.3131119827123813,0.2306149385557107,-0.5117541989331538,44.93,57
307.0,0.418275038216655,-0.4516030481892962,-0.366498437550244,-0.6349438604152985,39.8,57
308.0,0.5148616680830124,-0.4124465152751237,-0.14678085882031291,-0.49881978604487526,48.65,57
309.0,0.46057304000194976,-0.4182997402930412,-0.07059986350290327,-0.6937887043778188,40.97,57
310.0,0.5555888463725718,-1.0549089251081576,-1.3766582022736011,-0.9884584213313357,47.56,57
311.0,0.4849368626744941,-0.9020353741392029,-0.800079730665123,-1.0533108645590088,41.61,57
312.0,0.4973019659698263,-0.49731778052892023,-0.33606977686456735,-0.6503175330426124,43.76,57
313.0,0.47423742441068556,-0.3643343551264203,-0.6964497512140241,-0.43175814732403817,44.39,57
314.0,0.4696009999139574,-0.2770820085948662,-0.4227022132488117,-0.3158515692467231,41.48,57
315.0,0.43312766807861214,-0.486310591348853,-0.3781192352588409,-0.499585408063439,38.98,57
316.0,0.5073142883073882,-0.22776790781407596,-0.36070819535103404,-0.8388214649734138,43.19,57
317.0,0.455893348962816,-0.7795147403844223,-0.8727914044273722,-0.7129012111695996,44.92,57
318.0,0.46187988096092264,-0.39310420307083,-0.5095654749050522,-0.22778138845957485,44.62,57
319.0,0.4759626577810465,0.0684328183644955,-0.027148214001729398,-0.5867825259172569,46.28,57
320.0,0.45105066201672983,0.23600338015901176,0.010320008554987407,-0.3552606931661848,48.1,57
321.0,0.5147751391481034,-0.16731274950927855,-0.04182782160800035,-0.10104649773707565,45.93,57
322.0,0.5753698778456122,-0.48570101402174604,-0.3764565005172609,0.3237917258905208,49.24,57
323.0,0.5133351726832722,-0.5195146054252804,-0.5190075571508138,-0.4117175845259879,51.59,57
324.0,0.5613903519374308,-0.010757804687843365,0.341431766786287,-0.5509798254548425,68.91,57
325.0,0.5282857924351513,-0.09746417096311219,-0.20080498406794137,0.5796038413855391,76.21,57
326.0,0.47600828643129744,0.3093403364187064,0.4719062481668929,-0.3141354334632392,86.07,57
327.0,0.8496724073679643,-0.11523783087955046,0.16838589941381524,-0.9083904982898066,87.49,57
328.0,0.665497716340631,0.6564475616590173,0.823508299828973,-0.5010113738596751,90.91,57
329.0,0.4576906340495579,0.1042321191686526,-0.15662620692917253,-0.3383937274357682,93.45,57
330.0,0.5415300292987515,1.1228404536793397,1.0415903778544668,0.2796188012127719,94.01,57
331.0,0.5184474897759771,0.17934341514380134,-0.20224172071486982,-0.8199663221169727,95.66,57
332.0,0.5848868890709686,1.043531641501875,0.808464870747924,1.0073664354252436,95.88,57
333.0,0.4796706531295944,0.42639813400341453,0.2494860510485458,-0.3436422393064351,96.37,57
334.0,0.6558258259338698,1.2097347316054812,0.9131572074756215,0.9628539409617538,95.29,57
335.0,0.46213072121913,0.47003044931272997,0.2706936865833019,0.06105168547857647,94.93,57
336.0,0.5137433267554614,0.5237185051957597,0.014747775183886697,0.09225381144632216,95.66,57
337.0,0.6803457685118023,0.5615502854970486,0.35129661385528177,-0.049611580025480016,95.09,57
338.0,0.7017652020159373,0.6242737607043003,0.6981642755621991,-0.4413958241587947,96.98,57
339.0,0.6143684824758331,0.39871748749309394,-0.023812787687729996,0.0948510534947874,96.27,57
340.0,0.6551716937003457,0.2727689013109981,0.29978958443543274,-0.9691715813155293,95.6,57
341.0,0.68834699219559,0.643373104123183,0.9021662654295818,0.14891362200552155,96.98,57
342.0,0.5415169626281214,0.23455593815988948,0.04936800787656918,0.16967846589633692,95.03,57
343.0,0.7912259474119564,-0.3329581377031091,-0.353154795490544,-0.10470143434314762,95.87,57
344.0,0.6706306644124463,0.9697658271733582,0.8264409850288231,-0.13498847410622483,95.94,57
345.0,0.7754436143434121,0.08703469689618266,0.4742313200183476,-0.6241674518507015,95.36,57
346.0,0.5725409415085816,0.22957904203140736,0.5865901124778145,0.20156012547333343,92.9,57
347.0,0.5245714485215777,0.2434326273038019,0.5717727033664545,0.17781815717863747,94.55,57
348.0,0.45098623781838676,0.6319549843795532,0.7286499925236066,0.03856503382319232,92.7,57
349.0,0.5558300757449451,0.062005066342944615,0.5971641615173231,-0.23783037224479675,90.1,57
350.0,0.5567920014860671,-0.07992228165142308,0.06594867879769023,-0.45043716965335223,87.5,57
351.0,0.5550179476431504,-0.23856591826723852,-0.05711489355663315,-0.2005169181792709,89.43,57
352.0,0.6341704069833651,-0.2940868893685609,0.40884297584584606,-0.6596402658725451,88.09,57
353.0,0.6059187771409229,-0.6505658935056812,-0.26344870384784264,-0.1833187576095223,81.79,57
354.0,0.5737353965203222,-0.8306777963214972,-0.583780303614097,-0.179176937709127,79.14,57
355.0,0.4863646491910563,-0.7309290164613034,-0.4201948744389867,0.09529665875834537,78.82,57
356.0,0.501683680253845,-0.6851496280379941,-0.7671876812310422,-0.1985471812621066,65.16,57
357.0,0.5872656876257882,-0.7952322787786306,-0.5004879649867879,0.0964285578325434,58.88,57
358.0,0.48757810918940286,-0.6612262384544773,-0.43912226549844346,-0.523252410119679,43.74,57
359.0,0.4593632987640694,-0.6904127005553107,-0.4432394338539439,-0.5507437200331479,49.45,57
360.0,0.5418198991360299,-0.5363483827657416,-0.6991034681230598,-0.8931875282638252,36.39,57
361.0,0.6337264026671775,-0.7094240944925893,-0.6813588213191591,0.5517086734685314,34.18,57
362.0,0.4843249438083452,-0.6057505215662695,-0.46005035855155924,-0.5667147376879791,36.97,57
363.0,0.5451192873729336,-0.8272016355508759,-0.2965520159373225,-0.8953217262141244,36.49,57
364.0,0.5358726375453364,-0.8396512118383441,-0.5096696802030464,-0.6284358836889998,38.33,57
365.0,0.6565342933848852,-1.174527003667181,-0.21024552341759406,-0.9842448468487465,38.59,57
366.0,0.4770400255303745,-0.6613041444306135,-0.5837679765769409,-0.5359348947717549,39.56,57
367.0,0.5686528922788338,-0.6858835957706342,-0.38698093298986685,-0.7430046383463115,45.72,57
368.0,0.459957862723641,-1.134132656215386,-0.905853083796861,-0.8965525394058584,39.68,57
369.0,0.6309912724896012,-1.0157630417325447,-0.41263793956687317,-0.47463112682928843,41.81,57
370.0,0.6006201504336276,-0.7515220408527227,-0.08518637630908532,-0.5072788257553862,42.57,57
371.0,0.5139813029509412,-0.8041142359173005,-0.5275025872389574,-0.7712132437572187,40.05,57
372.0,0.5194837908274418,-0.6866163657772987,-0.19950459646120478,-0.38597880750412844,46.4,57
373.0,0.5619759951252324,-0.5766721078169625,-0.17980852460099736,-0.47389865575992585,41.83,57
374.0,0.5834376374104642,-0.8461326526958374,-0.5254425996054525,0.35833441402932437,37.52,57
375.0,0.5256947077567136,-1.1161597512991355,-0.6525773730014869,-0.8337693262621393,39.39,57
376.0,0.5070368453634313,-0.6596850802821377,-0.578710176088324,-0.3855658507970355,37.56,57
377.0,0.6374187025194687,-0.9157137115203956,-0.305332084960649,-0.41492445324855876,43.01,57
378.0,0.5151278242224236,-0.6101608300112451,-0.14048539407864377,-0.4046226537779885,45.2,57
379.0,0.4602766951003027,-0.7430996968944675,-0.35447603546520917,-0.5200169728911471,42.92,57
380.0,0.657063249722096,-1.0981209426212795,-0.46185641751718487,-1.2058962603550836,43.86,57
381.0,0.6166547843492127,-0.44257721093035046,0.3779442645091193,-0.5657365844954702,44.57,57
382.0,0.627409243836978,-0.44320142581659744,0.42522304245334075,-0.23394578347003614,44.77,57
383.0,0.5382147341268461,-0.9470050283077864,-0.22815524374932106,-0.38114704986360426,36.45,57
384.0,0.7773704408058814,-1.4366904521539858,-0.20719165980271628,-1.3947481834921016,48.41,57
385.0,0.6649538462098649,-0.9097607226287863,-0.6582409082761879,-1.0042674825605526,43.8,57
386.0,0.6869629878538467,-0.009372028185736181,0.5807757800850956,-0.4360832973636626,50.02,57
387.0,0.5590147894639992,-0.8855267199696676,-1.1564802723589347,-0.6298466577528578,46.46,57
388.0,0.5071840097589121,-0.24907091844836368,0.09262888923066831,-0.5237090609048757,44.16,57
389.0,0.5924855752082588,-0.8268424567657625,-0.6275886718873042,-0.03193987990273134,53.23,57
390.0,0.5671605205385347,-0.7613887541394584,-0.12544291470487826,-0.6758661329257034,53.67,57
391.0,0.6704225926519359,-0.24337640709327674,0.4781270010807985,-0.8982949680848039,50.47,57
392.0,0.6307483420883306,-0.09415410209006139,0.4401224652041049,-0.5267192428670407,51.01,57
393.0,0.8545025355559475,-0.2302450217480077,0.6042081165756645,-0.7372863718278523,48.39,57
