DMS_id,n_variants,median_D,p95_D,frac_highD
A0A140D2T1_ZIKV_Sourisseau_2019,9576,0.7252922285603578,1.0622990967693007,0.10004177109440267
A0A192B1T2_9HIV1_Haddox_2018,12577,0.6575078116287657,0.9989163187022171,0.10002385306511886
A0A1I9GEU1_NEIME_Kennouche_2019,922,0.5522904816302094,0.8735107559502158,0.10086767895878525
A0A247D711_LISMN_Stadelmann_2021,1653,0.671728453456052,1.130374712391351,0.10042347247428918
A0A2Z5U3Z0_9INFA_Doud_2016,10715,0.6653802248114643,1.0187715048933506,0.10004666355576294
A0A2Z5U3Z0_9INFA_Wu_2014,2350,0.652538515912254,1.0072831929647457,0.1
A4D664_9INFA_Soh_2019,14421,0.766978179101834,1.1190850809722692,0.10006240898689411
A4GRB6_PSEAI_Chen_2020,5004,0.533466021819851,0.9072114655396956,0.10011990407673861
A4_HUMAN_Seuma_2022,796,0.6507265640491365,0.9669021584455018,0.10050251256281408
AACC1_PSEAI_Dandage_2018,1801,0.551082211544688,0.8989785402017333,0.10049972237645752
ACE2_HUMAN_Chan_2020,2223,0.6048559606188093,0.9093941404335624,0.100314889788574
ADRB2_HUMAN_Jones_2020,7800,0.5087307563421252,0.8380123801855967,0.1
AICDA_HUMAN_Gajula_2014_3cycles,209,0.6776934612285905,0.9633624782155115,0.10047846889952153
AMFR_HUMAN_Tsuboyama_2023_4G3O,820,0.576748071540981,0.884909443510121,0.1
AMIE_PSEAE_Wrenbeck_2017,6227,0.6183990592981041,0.9635068053445686,0.10004817729243616
ANCSZ_Hobbs_2022,4670,0.5403277968868982,0.8000343349933634,0.1
ARGR_ECOLI_Tsuboyama_2023_1AOY,1287,0.5598191860652884,0.8896307230142766,0.10023310023310024
B2L11_HUMAN_Dutta_2010_binding-Mcl-1,170,0.7234574249011552,1.0610106279171578,0.1
BBC1_YEAST_Tsuboyama_2023_1TG0,1084,0.5358612190141653,0.9012481496010356,0.10055350553505535
BCHB_CHLTE_Tsuboyama_2023_2KRU,890,0.6099215183895936,0.9808632715795831,0.1
BLAT_ECOLX_Deng_2012,4996,0.5817640612817934,0.8972354177821062,0.100080064051241
BLAT_ECOLX_Firnberg_2014,4783,0.5827232467729114,0.8941112920955225,0.10014635166213673
BLAT_ECOLX_Jacquier_2013,989,0.5785162650546254,0.886736765925551,0.10010111223458039
BLAT_ECOLX_Stiffler_2015,4996,0.5817193334203393,0.8952849251090246,0.100080064051241
BRCA1_HUMAN_Findlay_2018,1837,0.6457581172891688,0.9534533619191717,0.10016330974414807
BRCA2_HUMAN_Erwood_2022_HEK293T,265,0.7410825051501885,1.0351952651736103,0.1018867924528302
C6KNH7_9INFA_Lee_2018,10754,0.7087828661362574,1.0323789822437333,0.10005579319323042
CALM1_HUMAN_Weile_2017,1813,0.5521106960537897,0.7986924953225335,0.10038610038610038
CAPSD_AAV2S_Sinai_2021,532,0.7626123245829786,1.112256582199441,0.10150375939849623
CAR11_HUMAN_Meitlis_2020_gof,2374,0.6378036010788497,0.8940399106631018,0.10025273799494525
CAR11_HUMAN_Meitlis_2020_lof,2395,0.6359144565557197,0.8967279698923245,0.10020876826722339
CAS9_STRP1_Spencer_2017_positive,8117,0.6771536696081366,1.0044290004977054,0.10003695946778367
CASP3_HUMAN_Roychowdhury_2020,1567,0.5402557106406687,0.9238654622924142,0.1001914486279515
CASP7_HUMAN_Roychowdhury_2020,1680,0.5286577705818881,0.8421206688435698,0.1
CATR_CHLRE_Tsuboyama_2023_2AMI,1340,0.5334887555035213,0.9458379458081607,0.1
CBPA2_HUMAN_Tsuboyama_2023_1O6X,1357,0.5955875949629598,1.028794671108326,0.10022107590272661
CBS_HUMAN_Sun_2020,7217,0.53982842450464,0.8488920082860136,0.10004156851877512
CBX4_HUMAN_Tsuboyama_2023_2K28,917,0.5740199132692096,0.9528734845589727,0.10032715376226826
CCDB_ECOLI_Adkar_2012,1176,0.6041156680405401,0.9409731722796144,0.10034013605442177
CCDB_ECOLI_Tripathi_2016,1663,0.6075270906354091,0.938513885480982,0.10042092603728202
CCR5_HUMAN_Gill_2023,6137,0.5266296133889109,0.8592218045728759,0.10004888381945576
CD19_HUMAN_Klesmith_2019_FMC_singles,3761,0.6426553219193987,0.9954508369433879,0.10023929805902686
CP2C9_HUMAN_Amorosi_2021_abundance,6370,0.5174488528283573,0.7959090959233375,0.1
CP2C9_HUMAN_Amorosi_2021_activity,6142,0.5205925878654918,0.7890019247176455,0.10013025073266037
CSN4_MOUSE_Tsuboyama_2023_1UFM,1353,0.5824210541930351,0.9247163628074495,0.10051736881005174
CUE1_YEAST_Tsuboyama_2023_2MYX,955,0.5920142017573446,0.9016371971140004,0.10052356020942409
D7PM05_CLYGR_Somermeyer_2022,1169,0.7149922296658496,1.1061526412899612,0.10008554319931566
DLG4_HUMAN_Faure_2021,1280,0.5816797487324357,0.8069610841709751,0.1
DLG4_RAT_McLaughlin_2012,1576,0.5710528725057764,0.8255936716618526,0.10025380710659898
DN7A_SACS2_Tsuboyama_2023_1JIC,1008,0.6687305542689777,1.0489587226619095,0.1001984126984127
DNJA1_HUMAN_Tsuboyama_2023_2LO1,1216,0.5011946652729538,0.9484351736598967,0.10032894736842106
DOCK1_MOUSE_Tsuboyama_2023_2M0Y,1213,0.5540159750976391,0.9287790473092231,0.10057708161582853
DYR_ECOLI_Nguyen_2023,2916,0.563921233521498,0.8566212154864467,0.10013717421124829
DYR_ECOLI_Thompson_2019,2363,0.5778671046201982,0.8800608732828747,0.10029623360135421
ENVZ_ECOLI_Ghose_2023,1121,0.5765140448061364,0.9636800630628348,0.1008028545941124
ENV_HV1B9_DuenasDecamp_2016,375,0.5982528553813966,0.8897371221927888,0.10133333333333333
ENV_HV1BR_Haddox_2016,12863,0.6631887910060352,1.016052754818658,0.10005441965326907
EPHB2_HUMAN_Tsuboyama_2023_1F0M,1239,0.5276951681647184,0.8740542241573784,0.10008071025020178
ERBB2_HUMAN_Elazar_2016,326,0.5967099869829766,0.8461851858153671,0.10122699386503067
ESTA_BACSU_Nutschel_2020,2172,0.6033340920442942,0.9044516264881433,0.1003683241252302
F7YBW8_MESOW_Aakre_2015,37,0.5571205731064898,1.0697127788171312,0.10810810810810811
F7YBW8_MESOW_Ding_2023,80,0.5663199817152382,0.8412603464785935,0.1
FECA_ECOLI_Tsuboyama_2023_2D1U,1219,0.5337328235886266,0.9137477309162019,0.10008203445447088
FKBP3_HUMAN_Tsuboyama_2023_2KFV,1237,0.684062866704363,1.0023003186604484,0.10024252223120453
GAL4_YEAST_Kitzman_2015,1195,0.5491266235663611,0.8713614376611192,0.100418410041841
GCN4_YEAST_Staller_2018,33,0.6598112774132824,1.0931309152423638,0.12121212121212122
GDIA_HUMAN_Silverstein_2021,1154,0.5640436039628192,0.8330184486500454,0.10051993067590988
GFP_AEQVI_Sarkisyan_2016,1084,0.7192803172674062,1.0900837168570827,0.10055350553505535
GLPA_HUMAN_Elazar_2016,245,0.6257167799989031,0.9075523756402135,0.10204081632653061
GRB2_HUMAN_Faure_2021,1034,0.49903071918755637,0.7119640709307201,0.10058027079303675
HCP_LAMBD_Tsuboyama_2023_2L6Q,1040,0.6005532220129575,0.9534464772637757,0.1
HECD1_HUMAN_Tsuboyama_2023_3DKM,1244,0.63116404178027,0.9262368010640384,0.10048231511254019
HEM3_HUMAN_Loggerenberg_2023,5689,0.5784191038809365,0.8932002002178773,0.10001757778168395
HIS7_YEAST_Pokusaeva_2019,168,0.6235642748040763,0.9277832894690056,0.10119047619047619
HMDH_HUMAN_Jiang_2019,16853,0.6066247445909477,0.9192876150228055,0.10004153563163828
HSP82_YEAST_Cote-Hammarlof_2020_growth-H2O2,2252,0.5792579956687216,0.8769362037766176,0.10035523978685613
HSP82_YEAST_Flynn_2019,13294,0.5510379957963856,0.8466694306243733,0.10004513314277118
HSP82_YEAST_Mishra_2016,4323,0.5315617255753561,0.8136526294043859,0.10016192458940551
HXK4_HUMAN_Gersing_2022_activity,8570,0.562597329018059,0.8362102156663083,0.1
HXK4_HUMAN_Gersing_2023_abundance,8396,0.5380026891937539,0.831211584338068,0.10004764173415913
I6TAH8_I68A0_Doud_2015,9462,0.7503529993591727,1.136994829728152,0.1000845487212006
IF1_ECOLI_Kelsic_2016,1367,0.5257319190105325,0.8574400253611755,0.10021945866861741
ILF3_HUMAN_Tsuboyama_2023_2L33,1329,0.6060877836746094,1.0066167404681516,0.1000752445447705
ISDH_STAAW_Tsuboyama_2023_2LHR,940,0.6247021576911127,1.1128221086709098,0.1
KCNE1_HUMAN_Muhammad_2023_expression,2339,0.6312255724796173,0.9801452082479374,0.10004275331338179
KCNE1_HUMAN_Muhammad_2023_function,2315,0.6329630192059708,0.9817209890830866,0.1002159827213823
KCNH2_HUMAN_Kozek_2020,200,0.6838199346457179,0.9413590355772594,0.1
KCNJ2_MOUSE_Coyote-Maestas_2022_function,6963,0.5653147860368161,0.8729176265733951,0.10010053138015224
KCNJ2_MOUSE_Coyote-Maestas_2022_surface,6917,0.5664556089753291,0.8693951951978265,0.10004337140378777
KKA2_KLEPN_Melnikov_2014,4960,0.5282330376980137,0.8921701754183633,0.1
LGK_LIPST_Klesmith_2015,7890,0.5594833507733313,0.9035771040571394,0.1
LYAM1_HUMAN_Elazar_2016,359,0.5932504209517184,0.8822562587871695,0.10027855153203342
MAFG_MOUSE_Tsuboyama_2023_1K1V,762,0.6472540968428069,1.0199403445206217,0.1010498687664042
MBD11_ARATH_Tsuboyama_2023_6ACV,1155,0.6231087597343146,0.9722975982095897,0.10043290043290043
MET_HUMAN_Estevam_2023,5393,0.4920282042329593,0.8255877097829583,0.10012979788614872
MK01_HUMAN_Brenan_2016,6809,0.5323341480543972,0.8553107624220163,0.1000146864444118
MLAC_ECOLI_MacRae_2023,4007,0.5853338487628021,0.9121278728795772,0.10007486897928625
MSH2_HUMAN_Jia_2020,16749,0.5901263804097262,0.8739066379156872,0.10000597050570183
MTH3_HAEAE_RockahShmuel_2015,1777,0.5286931637708961,0.8765209069740008,0.10016882386043895
MTHR_HUMAN_Weile_2021,12464,0.594904312129136,0.8980659893776433,0.10004813863928112
MYO3_YEAST_Tsuboyama_2023_2BTT,947,0.5922527946245878,0.9390217866405974,0.1003167898627244
NCAP_I34A1_Doud_2015,9462,0.7481595633861592,1.1271888878057468,0.1000845487212006
NKX31_HUMAN_Tsuboyama_2023_2L9R,1149,0.5193749996184331,0.9052660953722661,0.10008703220191471
NPC1_HUMAN_Erwood_2022_HEK293T,637,0.6287819024704179,0.9193842723839688,0.10047095761381476
NPC1_HUMAN_Erwood_2022_RPE1,63,0.6356536280240076,0.9326569303827533,0.1111111111111111
NRAM_I33A0_Jiang_2016,298,0.7109226297602863,1.1362104404128777,0.10067114093959731
NUD15_HUMAN_Suiter_2020,2844,0.6094522461402602,0.9141729275077203,0.10021097046413502
NUSA_ECOLI_Tsuboyama_2023_1WCL,1306,0.556152722563704,0.9150902072007308,0.1003062787136294
NUSG_MYCTU_Tsuboyama_2023_2MI6,1019,0.5226547828579494,0.9208938075798064,0.10009813542688911
OBSCN_HUMAN_Tsuboyama_2023_1V1C,1213,0.5926539746267891,0.9559406944801299,0.10057708161582853
ODP2_GEOSE_Tsuboyama_2023_1W4G,669,0.5834928673583549,0.9565920768847701,0.10014947683109118
OPSD_HUMAN_Wan_2019,165,0.6124375927272834,0.8823289390699169,0.10303030303030303
OTC_HUMAN_Lo_2023,1570,0.5616918116857492,0.8818926354061977,0.1
OTU7A_HUMAN_Tsuboyama_2023_2L2D,635,0.6664392981603278,1.0737044829785618,0.10078740157480315
OXDA_RHOTO_Vanella_2023_activity,6396,0.5658348568979918,0.909394032183476,0.10006253908692933
OXDA_RHOTO_Vanella_2023_expression,6769,0.5668355313868031,0.9088145284200235,0.1000147732309056
P53_HUMAN_Giacomelli_2018_Null_Etoposide,7467,0.6119945701492054,0.9081401013170105,0.10004017677782241
P53_HUMAN_Giacomelli_2018_Null_Nutlin,7467,0.6136012366218425,0.9083738980553412,0.10004017677782241
P53_HUMAN_Giacomelli_2018_WT_Nutlin,7467,0.6119079541637497,0.9094734608476995,0.10004017677782241
P53_HUMAN_Kotler_2018,1048,0.6161299934739333,0.9046464212116608,0.10019083969465649
P84126_THETH_Chan_2017,1519,0.5431001120202057,0.8604445667944763,0.10006583278472679
PABP_YEAST_Melamed_2013,1187,0.47827604488811304,0.7138364878908263,0.10025273799494525
PAI1_HUMAN_Huttinger_2021,5345,0.5409054810815338,0.8340807635785557,0.10009354536950421
PA_I34A1_Wu_2015,1820,0.742476485979594,1.132247130056479,0.1
PHOT_CHLRE_Chen_2023,2122,0.5310874960715078,0.9088843548726898,0.10037700282752121
PIN1_HUMAN_Tsuboyama_2023_1I6C,686,0.5511675141173621,0.8060762850225329,0.10058309037900874
PITX2_HUMAN_Tsuboyama_2023_2L7M,938,0.5226652732698074,0.8659671872845117,0.10021321961620469
PKN1_HUMAN_Tsuboyama_2023_1URF,1301,0.6024075059663402,1.0276964696269473,0.10069177555726365
POLG_CXB3N_Mattenberger_2021,15711,0.692433122497988,1.018417692308116,0.10005728470498378
POLG_DEN26_Suphatrakul_2023,16897,0.7275326750689926,1.0762637259564731,0.10001775463099959
POLG_HCVJF_Qi_2014,1630,0.7538041624953338,1.0534851153371654,0.1
POLG_PESV_Tsuboyama_2023_2MXD,995,0.6967001292541528,1.1323317687221586,0.10050251256281408
PPARG_HUMAN_Majithia_2016,9576,0.5802593461451304,0.8973822384242831,0.10004177109440267
PPM1D_HUMAN_Miller_2022,7889,0.5771934465170054,0.8647703170956468,0.10001267587780453
PR40A_HUMAN_Tsuboyama_2023_1UZC,1163,0.6070159762579245,1.0215507856169708,0.10060189165950129
PRKN_HUMAN_Clausen_2023,8756,0.5740236042837423,0.8697391752528024,0.10004568296025583
PSAE_PICP2_Tsuboyama_2023_1PSE,1219,0.6175731477696516,0.9615250260319101,0.10008203445447088
PTEN_HUMAN_Matreyek_2021,5083,0.6027640137674563,0.8889117509163055,0.10013771394845564
PTEN_HUMAN_Mighell_2018,7260,0.5977795979039005,0.8805275489856081,0.1
Q2N0S5_9HIV1_Haddox_2018,12729,0.6840610849352214,1.0174995602088235,0.10000785607667531
Q53Z42_HUMAN_McShan_2019_binding-TAPBPR,3344,0.591167263617852,0.8562293887132209,0.10017942583732058
Q53Z42_HUMAN_McShan_2019_expression,3344,0.5916937869517396,0.8615444467199254,0.10017942583732058
Q59976_STRSQ_Romero_2015,2999,0.5145251326259277,0.8562455647901887,0.10003334444814939
Q6WV12_9MAXI_Somermeyer_2022,1141,0.7374341894319181,1.131902815313082,0.10078878177037687
Q837P4_ENTFA_Meier_2023,697,0.5781585630196462,0.9076469289400106,0.10043041606886657
Q837P5_ENTFA_Meier_2023,747,0.5576669530088589,0.8038234890125502,0.10040160642570281
Q8WTC7_9CNID_Somermeyer_2022,1201,0.740309462215476,1.0919820534440965,0.10074937552039967
R1AB_SARS2_Flynn_2022,5725,0.7413587559627616,1.1087179080512088,0.10008733624454148
RAD_ANTMA_Tsuboyama_2023_2CJJ,774,0.6009687155798518,1.0731116221109738,0.10077519379844961
RAF1_HUMAN_Zinkus-Boltz_2019,297,0.563815442780497,0.7957046890162511,0.10101010101010101
RASH_HUMAN_Bandaru_2017,3134,0.5550410499883918,0.8181628205274704,0.1001914486279515
RASK_HUMAN_Weng_2022_abundance,3066,0.5580851627401304,0.8316513713313066,0.10013046314416177
RASK_HUMAN_Weng_2022_binding-DARPin_K55,3084,0.5560706488679684,0.8227187303888497,0.10019455252918288
RBP1_HUMAN_Tsuboyama_2023_2KWH,975,0.6136806565218328,1.0041658152111979,0.10051282051282051
RCD1_ARATH_Tsuboyama_2023_5OAO,988,0.5967064980989143,0.9337086901397419,0.10020242914979757
RCRO_LAMBD_Tsuboyama_2023_1ORC,1195,0.584722711892159,0.980429900090044,0.100418410041841
RD23A_HUMAN_Tsuboyama_2023_1IFY,798,0.5419899213981925,0.8783530164489977,0.10025062656641603
RDRP_I33A0_Li_2023,12003,0.7421080505391997,1.0620614895992768,0.10005831875364492
REV_HV1H2_Fernandes_2016,2147,0.6189089577620968,0.9932587010037133,0.10013972985561248
RFAH_ECOLI_Tsuboyama_2023_2LCL,969,0.5795835950331708,0.9462718651645966,0.1001031991744066
RL20_AQUAE_Tsuboyama_2023_1GYZ,1121,0.5863474040563323,0.9166987643917627,0.1008028545941124
RL40A_YEAST_Mavor_2016,1253,0.6142486634203029,0.8782929685892413,0.1005586592178771
RL40A_YEAST_Roscoe_2013,1195,0.6231345579710101,0.8698128738834994,0.100418410041841
RL40A_YEAST_Roscoe_2014,1380,0.6132129798009425,0.8671343173963015,0.1
RNC_ECOLI_Weeks_2023,4277,0.52988814003479,0.8740382320770661,0.10007014262333411
RPC1_BP434_Tsuboyama_2023_1R69,1124,0.48180190193931216,0.9027725997511911,0.10053380782918149
RPC1_LAMBD_Li_2019_high-expression,351,0.5387623319766235,0.8045885908621613,0.10256410256410256
RPC1_LAMBD_Li_2019_low-expression,351,0.5363229046720756,0.8049686420615825,0.10256410256410256
RS15_GEOSE_Tsuboyama_2023_1A32,1195,0.5124796482788401,0.8556005478453872,0.100418410041841
S22A1_HUMAN_Yee_2023_abundance,9803,0.5815104332781431,0.8832805248353186,0.10007140671223096
S22A1_HUMAN_Yee_2023_activity,10094,0.5799162662168168,0.8782876437034864,0.10005944125222904
SAV1_MOUSE_Tsuboyama_2023_2YSB,679,0.5966864164895973,0.9441119925949132,0.10014727540500737
SBI_STAAM_Tsuboyama_2023_2JVG,1025,0.599490804408811,0.9688152259934257,0.10048780487804879
SC6A4_HUMAN_Young_2021,11576,0.5210910633266097,0.8196481635002193,0.10003455425017277
SCIN_STAAR_Tsuboyama_2023_2QFF,1212,0.6485175044200922,1.0535785631763246,0.10066006600660066
SCN5A_HUMAN_Glazer_2019,224,0.6607536724945278,0.9273354928517802,0.10267857142857142
SDA_BACSU_Tsuboyama_2023_1PV0,834,0.5206099067438891,0.832908755429311,0.10071942446043165
SERC_HUMAN_Xie_2023,1914,0.5375383988611324,0.8772932787040845,0.10031347962382445
SHOC2_HUMAN_Kwon_2022,10972,0.5360933810354207,0.8375727030300932,0.1000729128691214
SOX30_HUMAN_Tsuboyama_2023_7JJK,1010,0.5427606593313801,0.963600958437917,0.1
SPA_STAAU_Tsuboyama_2023_1LP1,1035,0.6534023161175315,1.104229068106526,0.10048309178743961
SPG1_STRSG_Olson_2014,1045,0.6581020802090842,0.9257324262623583,0.10047846889952153
SPG1_STRSG_Wu_2016,76,0.6791968388069481,1.0415780684116522,0.10526315789473684
SPG2_STRSG_Tsuboyama_2023_5UBS,1029,0.6767444778593529,1.086623861807915,0.1000971817298348
SPIKE_SARS2_Starr_2020_binding,3802,0.7323185819157596,1.1437694131296083,0.10021041557075223
SPIKE_SARS2_Starr_2020_expression,3798,0.7340492036478976,1.145270245994083,0.10005265929436545
SPTN1_CHICK_Tsuboyama_2023_1TUD,1051,0.5691718399258976,1.0217774000965267,0.10085632730732635
SQSTM_MOUSE_Tsuboyama_2023_2RRU,707,0.5640338482437335,0.9223032122765463,0.10042432814710042
SR43C_ARATH_Tsuboyama_2023_2N88,889,0.552697605905516,0.9256541827612216,0.10011248593925759
SRBS1_HUMAN_Tsuboyama_2023_2O2W,1211,0.5684182510085677,0.9849692938206955,0.10074318744838975
SRC_HUMAN_Ahler_2019,3372,0.530974258862484,0.7767060676172527,0.10023724792408066
SRC_HUMAN_Chakraborty_2023_binding-DAS_25uM,3637,0.5315302691671618,0.7725657045326413,0.10008248556502612
SRC_HUMAN_Nguyen_2022,3366,0.5315518878916488,0.7754984370681508,0.10011883541295306
SUMO1_HUMAN_Weile_2017,1700,0.5912562816575024,0.8860786518003578,0.1
SYUA_HUMAN_Newberry_2020,2497,0.6008291058788944,0.9447381606052785,0.1001201441730076
TADBP_HUMAN_Bolognesi_2019,1196,0.6133860402154834,1.023242177510311,0.10033444816053512
TAT_HV1BR_Fernandes_2016,1577,0.6472751183287466,1.059298068275102,0.10019023462270134
TCRG1_MOUSE_Tsuboyama_2023_1E0L,621,0.5078045799064571,0.8625016226688689,0.10144927536231885
THO1_YEAST_Tsuboyama_2023_2WQG,656,0.5563176656934428,0.9592675948957508,0.10060975609756098
TNKS2_HUMAN_Tsuboyama_2023_5JRT,1118,0.5344236745158899,0.9161792658317895,0.1001788908765653
TPK1_HUMAN_Weile_2017,3181,0.575403531471009,0.8792826806509094,0.10028292989625903
TPMT_HUMAN_Matreyek_2018,3648,0.5239174047879172,0.8488683279309853,0.10005482456140351
TPOR_HUMAN_Bridgford_2020,562,0.5838110683733027,0.8594259594979855,0.10142348754448399
TRPC_SACS2_Chan_2017,1519,0.5336795900290696,0.8151905354224546,0.10006583278472679
TRPC_THEMA_Chan_2017,1519,0.517945957906697,0.8035410327550058,0.10006583278472679
UBC9_HUMAN_Weile_2017,2563,0.5958064623212078,0.9103018939075213,0.10027311744049941
UBE4B_HUMAN_Tsuboyama_2023_3L1X,1118,0.5621148377278304,0.9485350079128043,0.1001788908765653
UBE4B_MOUSE_Starita_2013,899,0.6383825742675733,0.9178686794079046,0.10011123470522804
UBR5_HUMAN_Tsuboyama_2023_1I2T,1094,0.578535058782786,0.9464185223791477,0.10054844606946983
VG08_BPP22_Tsuboyama_2023_2GP8,723,0.6033681741847465,0.9780236771236792,0.10096818810511757
VILI_CHICK_Tsuboyama_2023_1YU5,1202,0.6102346602858899,0.9920309904087562,0.10066555740432612
VKOR1_HUMAN_Chiasson_2020_abundance,2695,0.5817992896839533,0.9221117434935523,0.10018552875695733
VKOR1_HUMAN_Chiasson_2020_activity,697,0.5592208379140818,0.9088213107239482,0.10043041606886657
VRPI_BPT7_Tsuboyama_2023_2WNM,1047,0.6652269585616054,1.094478129750836,0.10028653295128939
YAIA_ECOLI_Tsuboyama_2023_2KVT,928,0.6983264555331181,1.0599812093387837,0.10021551724137931
YAP1_HUMAN_Araya_2012,362,0.5767413152816372,0.8340102671111979,0.10220994475138122
YNZC_BACSU_Tsuboyama_2023_2JVD,714,0.5398324620443544,0.9655652480780904,0.10084033613445378
