DMS_id,max_identity
NP_000007.1,0.0
NP_000008.1,0.0
NP_000009.1,0.0
NP_000010.1,0.0
NP_000011.2,0.0
NP_000012.1,0.0
NP_000013.2,0.0
NP_000014.1,0.0
NP_000017.1,0.0
NP_000018.2,0.0
NP_000021.1,0.0
NP_000022.3,0.0
NP_000023.2,0.0
NP_000024.2,0.0
NP_000026.2,0.0
NP_000028.3,0.0
NP_000030.1,0.0
NP_000032.1,0.0
NP_000034.1,0.0
NP_000035.2,0.0
NP_000036.2,0.0
NP_000037.2,0.0
NP_000038.2,0.0
NP_000039.2,0.0
NP_000040.1,0.0
NP_000041.2,0.0
NP_000043.4,0.0
NP_000044.2,0.0
NP_000045.1,0.0
NP_000046.1,0.0
NP_000048.1,0.0
NP_000052.1,0.0
NP_000053.2,0.0
NP_000055.2,0.0
NP_000058.1,0.0
NP_000060.2,0.0
NP_000061.1,0.0
NP_000062.1,1.0
NP_000065.1,0.0
NP_000066.1,0.0
NP_000067.1,0.0
NP_000068.1,0.0
NP_000070.1,0.0
NP_000071.1,0.0
NP_000073.1,0.0
NP_000074.3,0.0
NP_000076.2,0.0
NP_000078.3,0.0
NP_000079.2,0.0
NP_000080.2,0.0
NP_000081.2,0.0
NP_000082.2,0.0
NP_000083.3,0.0
NP_000084.3,0.0
NP_000086.2,0.0
NP_000087.2,0.0
NP_000088.3,0.0
NP_000089.1,0.0
NP_000092.2,0.0
NP_000093.1,0.0
NP_000095.2,0.0
NP_000099.2,0.0
NP_000101.2,0.0
NP_000102.1,0.0
NP_000103.2,0.0
NP_000104.1,0.0
NP_000107.1,0.0
NP_000108.1,0.0
NP_000110.2,0.0
NP_000113.1,0.0
NP_000114.3,0.0
NP_000115.1,0.0
NP_000117.1,0.0
NP_000118.2,0.0
NP_000119.1,0.0
NP_000120.2,0.0
NP_000121.2,0.0
NP_000122.1,0.0
NP_000124.1,0.0
NP_000126.2,0.0
NP_000127.2,0.0
NP_000128.1,0.0
NP_000131.2,0.0
NP_000132.3,0.0
NP_000134.2,0.0
NP_000135.2,0.0
NP_000136.2,0.0
NP_000137.2,0.0
NP_000138.2,0.0
NP_000142.2,0.0
NP_000143.2,0.0
NP_000144.2,0.0
NP_000147.1,0.0
NP_000149.4,0.0
NP_000150.1,0.0
NP_000153.1,1.0
NP_000154.1,0.0
NP_000156.1,0.0
NP_000157.1,0.0
NP_000159.3,0.0
NP_000160.1,0.0
NP_000161.2,0.0
NP_000162.2,0.0
NP_000164.5,0.0
NP_000165.1,0.0
NP_000166.2,0.0
NP_000168.1,0.0
NP_000169.1,0.0
NP_000170.1,0.0
NP_000171.1,0.0
NP_000172.2,0.0
NP_000173.2,0.0
NP_000174.1,0.0
NP_000175.1,0.0
NP_000177.2,0.0
NP_000178.2,0.0
NP_000179.2,0.0
NP_000181.2,1.0
NP_000182.2,0.0
NP_000183.2,0.0
NP_000184.1,0.0
NP_000185.1,0.0
NP_000186.2,0.0
NP_000187.3,0.0
NP_000188.1,0.0
NP_000189.1,0.0
NP_000190.1,0.0
NP_000194.2,0.0
NP_000197.1,0.0
NP_000198.1,0.0
NP_000199.2,0.0
NP_000200.1,0.0
NP_000202.3,0.0
NP_000203.2,0.0
NP_000205.1,0.0
NP_000206.2,0.0
NP_000207.2,0.0
NP_000208.2,0.0
NP_000209.2,0.0
NP_000210.2,0.9922480620155039
NP_000211.1,0.0
NP_000213.1,0.0
NP_000214.1,0.0
NP_000217.2,0.0
NP_000219.2,0.0
NP_000220.1,0.0
NP_000221.1,0.0
NP_000222.2,0.0
NP_000224.2,0.0
NP_000226.2,0.0
NP_000228.1,0.0
NP_000229.1,1.0
NP_000230.1,0.0
NP_000231.1,0.0
NP_000239.1,0.0
NP_000240.1,0.0
NP_000241.1,0.0
NP_000242.1,1.0
NP_000243.1,0.0
NP_000244.2,0.0
NP_000245.2,0.0
NP_000246.2,0.0
NP_000247.2,0.0
NP_000248.2,0.0
NP_000249.1,0.0
NP_000251.3,0.0
NP_000252.1,0.0
NP_000254.2,0.0
NP_000255.2,0.0
NP_000257.1,0.0
NP_000259.1,0.0
NP_000261.2,0.0
NP_000262.2,1.0
NP_000263.2,0.0
NP_000264.2,0.0
NP_000265.1,0.0
NP_000266.2,0.0
NP_000267.2,0.0
NP_000268.1,0.0
NP_000269.3,0.0
NP_000272.1,0.0
NP_000273.2,0.0
NP_000274.3,0.0
NP_000275.1,0.0
NP_000276.2,0.0
NP_000277.1,0.0
NP_000278.3,0.0
NP_000279.1,0.0
NP_000280.1,0.0
NP_000282.1,0.0
NP_000283.1,0.0
NP_000286.3,0.0
NP_000288.1,0.0
NP_000292.1,0.0
NP_000293.2,0.0
NP_000294.1,0.0
NP_000295.1,0.0
NP_000298.3,0.0
NP_000299.3,0.0
NP_000300.1,0.0
NP_000301.1,0.0
NP_000302.1,0.0
NP_000303.1,0.0
NP_000306.1,0.0
NP_000307.1,0.0
NP_000308.1,0.0
NP_000312.2,0.0
NP_000313.2,0.0
NP_000315.2,0.0
NP_000316.2,0.0
NP_000317.1,0.0
NP_000320.1,0.0
NP_000321.1,0.0
NP_000325.4,0.0
NP_000327.2,0.0
NP_000329.2,0.0
NP_000331.1,0.0
NP_000332.2,0.0
NP_000333.1,0.0
NP_000334.1,0.0
NP_000336.1,0.9571428571428572
NP_000337.1,0.0
NP_000340.2,0.0
NP_000341.2,0.0
NP_000343.2,0.0
NP_000344.1,0.0
NP_000349.1,0.0
NP_000350.1,0.0
NP_000353.1,0.0
NP_000354.4,0.0
NP_000359.1,0.0
NP_000360.2,0.0
NP_000361.1,0.0
NP_000362.1,0.0
NP_000363.1,0.0
NP_000364.1,0.0
NP_000365.3,0.0
NP_000366.1,0.0
NP_000368.1,0.0
NP_000371.1,0.0
NP_000372.1,0.0
NP_000373.1,0.0
NP_000374.1,0.0
NP_000378.1,0.0
NP_000381.1,0.0
NP_000382.3,0.0
NP_000383.2,0.0
NP_000384.2,0.0
NP_000387.1,0.0
NP_000388.2,0.0
NP_000389.1,0.0
NP_000391.1,0.0
NP_000393.4,0.0
NP_000396.2,0.0
NP_000398.1,0.0
NP_000400.2,0.0
NP_000401.1,0.0
NP_000402.3,0.0
NP_000405.1,0.0
NP_000407.1,0.0
NP_000410.2,0.0
NP_000412.4,0.0
NP_000413.1,0.0
NP_000414.2,0.0
NP_000415.2,0.0
NP_000416.1,0.0
NP_000421.1,0.0
NP_000422.1,0.0
NP_000424.2,0.0
NP_000425.1,0.0
NP_000427.1,0.0
NP_000430.3,0.0
NP_000431.2,0.0
NP_000432.1,0.0
NP_000434.1,0.0
NP_000435.3,0.0
NP_000438.2,0.0
NP_000439.2,0.0
NP_000444.1,0.0
NP_000446.1,0.0
NP_000447.2,0.0
NP_000449.1,0.0
NP_000450.3,0.0
NP_000451.1,0.0
NP_000452.2,0.0
NP_000456.2,0.0
NP_000457.1,0.0
NP_000465.1,0.0
NP_000466.2,0.0
NP_000467.1,0.0
NP_000470.3,0.0
NP_000472.2,0.0
NP_000475.1,1.0
NP_000476.1,0.0
NP_000477.1,0.0
NP_000478.3,0.0
NP_000479.1,0.0
NP_000481.2,0.0
NP_000483.3,0.0
NP_000484.2,0.0
NP_000485.3,0.0
NP_000486.1,0.0
NP_000487.1,0.0
NP_000488.3,0.0
NP_000489.3,0.0
NP_000491.4,0.0
NP_000495.1,0.0
NP_000496.2,0.0
NP_000497.1,0.0
NP_000498.2,0.0
NP_000500.2,0.0
NP_000503.1,0.0
NP_000506.2,0.0
NP_000508.1,0.0
NP_000509.1,0.0
NP_000511.2,0.0
NP_000514.2,0.0
NP_000517.3,0.0
NP_000518.1,0.0
NP_000519.2,0.0
NP_000520.1,0.0
NP_000522.3,1.0
NP_000523.2,0.0
NP_000524.3,0.0
NP_000525.1,0.0
NP_000527.2,0.0
NP_000528.1,0.0
NP_000530.1,1.0
NP_000532.2,0.0
NP_000533.4,0.0
NP_000534.3,0.0
NP_000536.6,0.0
NP_000537.3,0.9974554707379135
NP_000538.3,0.0
NP_000539.2,0.0
NP_000541.1,0.0
NP_000544.2,0.0
NP_000545.1,0.0
NP_000548.2,0.0
NP_000578.2,0.0
NP_000584.3,0.0
NP_000594.2,0.0
NP_000603.1,0.0
NP_000608.1,0.0
NP_000633.2,0.0
NP_000651.3,0.0
NP_000657.1,0.0
NP_000676.1,0.0
NP_000678.1,0.0
NP_000683.3,0.0
NP_000684.2,0.0
NP_000693.1,0.0
NP_000700.1,0.0
NP_000708.1,0.0
NP_000710.5,0.0
NP_000711.1,0.0
NP_000712.2,0.0
NP_000717.2,0.0
NP_000735.1,0.0
NP_000738.2,0.0
NP_000739.1,0.0
NP_000742.1,0.0
NP_000751.1,0.0
NP_000772.2,0.0
NP_000773.2,0.0
NP_000775.1,0.0
NP_000776.1,0.0
NP_000780.1,0.0
NP_000797.2,0.0
NP_000799.1,0.0
NP_000801.1,0.0
NP_000803.2,0.0
NP_000806.2,0.0
NP_000807.2,0.0
NP_000812.2,0.0
NP_000814.2,0.0
NP_000824.1,0.0
NP_000825.2,0.0
NP_000827.2,0.0
NP_000834.2,0.0
NP_000835.1,0.0
NP_000851.2,0.0
NP_000866.1,0.0
NP_000874.2,0.0
NP_000879.2,0.0
NP_000881.3,0.0
NP_000882.1,0.9847953216374269
NP_000883.2,0.0
NP_000890.1,0.0
NP_000892.2,0.0
NP_000894.1,0.0
NP_000899.1,0.0
NP_000909.2,0.0
NP_000911.2,0.0
NP_000912.3,0.0
NP_000924.3,0.0
NP_000928.1,0.0
NP_000933.1,0.0
NP_000935.1,0.0
NP_000952.1,0.0
NP_000956.2,0.0
NP_000960.2,0.0
NP_000968.2,0.0
NP_000987.2,0.0
NP_001001331.1,0.0
NP_001001344.1,0.0
NP_001001412.3,0.0
NP_001001430.1,0.0
NP_001001438.1,0.0
NP_001001547.1,0.0
NP_001001557.1,0.0
NP_001001563.2,0.0
NP_001001937.1,0.0
NP_001002295.1,0.0
NP_001002755.1,0.0
NP_001002841.1,0.0
NP_001003694.1,0.0
NP_001003722.1,0.0
NP_001003800.1,0.0
NP_001003811.1,0.0
NP_001003841.1,0.0
NP_001004051.1,0.0
NP_001004127.2,0.0
NP_001005271.2,0.0
NP_001005369.1,0.0
NP_001005463.1,0.0
NP_001005731.1,0.0
NP_001005741.1,0.0
NP_001006658.1,0.0
NP_001006659.1,0.0
NP_001007027.1,0.0
NP_001007227.1,0.0
NP_001007528.1,0.0
NP_001008214.1,0.0
NP_001008537.1,0.0
NP_001008701.1,0.0
NP_001009999.1,0.0
NP_001010867.1,0.0
NP_001010874.2,0.0
NP_001010892.1,0.0
NP_001011551.1,0.0
NP_001011658.1,0.0
NP_001012426.1,0.0
NP_001013860.1,0.0
NP_001014437.1,0.0
NP_001014839.1,0.0
NP_001015880.1,0.0
NP_001017420.1,0.0
NP_001017535.1,0.0
NP_001017995.1,0.0
NP_001018005.1,0.0
NP_001018123.1,0.0
NP_001018494.1,0.0
NP_001019242.1,0.0
NP_001019801.3,0.0
NP_001020105.1,0.0
NP_001020279.1,0.0
NP_001020466.1,0.0
NP_001020560.1,0.0
NP_001020774.1,0.0
NP_001025023.1,0.0
NP_001025053.1,0.0
NP_001025054.1,0.0
NP_001025178.1,0.0
NP_001025482.1,0.0
NP_001026859.1,0.0
NP_001026895.2,0.0
NP_001027565.1,0.0
NP_001027567.2,0.0
NP_001028.1,0.0
NP_001029.1,0.0
NP_001029027.1,0.0
NP_001030025.1,0.0
NP_001032.2,0.0
NP_001034302.2,0.0
NP_001034437.1,0.0
NP_001034639.1,0.0
NP_001035.1,0.0
NP_001035197.1,0.0
NP_001035202.1,0.0
NP_001035526.1,0.0
NP_001035835.1,0.0
NP_001035897.1,0.0
NP_001035937.1,0.0
NP_001035940.1,0.0
NP_001035963.1,0.0
NP_001036068.1,0.0
NP_001036167.1,0.0
NP_001036214.1,0.0
NP_001037.1,0.0
NP_001037850.1,0.0
NP_001041629.1,0.0
NP_001041675.1,0.0
NP_001050.1,0.0
NP_001051.1,0.0
NP_001056.1,0.0
NP_001060.1,0.0
NP_001061.2,0.0
NP_001063.2,0.0
NP_001070.2,0.0
NP_001070712.1,0.0
NP_001070834.1,0.0
NP_001070884.2,0.0
NP_001070984.1,0.0
NP_001071.1,0.0
NP_001072982.1,0.0
NP_001073136.1,0.0
NP_001073270.1,0.0
NP_001073279.2,0.0
NP_001073882.3,0.0
NP_001073883.2,0.0
NP_001073890.2,0.0
NP_001073893.1,0.0
NP_001073911.1,0.0
NP_001073918.2,0.0
NP_001073936.1,0.0
NP_001073945.1,0.0
NP_001073986.1,0.0
NP_001073991.2,0.0
NP_001075.1,0.0
NP_001075019.1,0.0
NP_001076007.1,0.0
NP_001076580.1,0.0
NP_001076585.1,0.0
NP_001077083.1,0.0
NP_001077088.2,0.0
NP_001077430.1,0.0
NP_001077431.1,0.0
NP_001080.2,0.0
NP_001089.1,0.0
NP_001091738.1,0.0
NP_001091981.1,0.0
NP_001092138.1,0.0
NP_001092272.1,0.0
NP_001092690.1,0.0
NP_001092692.1,0.0
NP_001092744.1,0.0
NP_001093326.2,0.0
NP_001094383.2,0.0
NP_001094385.1,0.0
NP_001094832.1,0.0
NP_001094896.1,0.0
NP_001095876.1,0.0
NP_001096.1,0.0
NP_001097.2,0.0
NP_001098101.1,0.0
NP_001098548.2,0.0
NP_001098717.1,0.0
NP_001103279.2,0.0
NP_001104262.1,0.0
NP_001104505.1,0.0
NP_001104595.1,0.0
NP_001106212.1,0.0
NP_001106279.3,0.0
NP_001106962.1,0.0
NP_001107655.1,0.0
NP_001108220.1,0.0
NP_001116229.1,0.0
NP_001116293.1,0.0
NP_001119578.1,0.0
NP_001119580.2,0.0
NP_001120.3,0.0
NP_001120680.1,0.0
NP_001120693.1,0.0
NP_001120864.1,0.0
NP_001120972.1,0.0
NP_001121370.1,0.0
NP_001121631.1,0.0
NP_001121699.1,0.0
NP_001121775.1,0.0
NP_001121897.1,0.0
NP_001121901.1,0.0
NP_001121903.1,0.0
NP_001122092.1,0.0
NP_001122317.1,0.0
NP_001123292.1,0.0
NP_001123476.1,0.0
NP_001123482.1,0.0
NP_001123561.1,0.0
NP_001123575.1,0.0
NP_001123577.1,0.0
NP_001123616.1,0.0
NP_001123617.1,1.0
NP_001123990.1,0.0
NP_001124162.1,0.0
NP_001124295.1,0.0
NP_001124497.1,0.0
NP_001125.1,0.0
NP_001127835.2,0.0
NP_001128243.1,0.0
NP_001128493.1,0.0
NP_001128715.1,0.0
NP_001129123.1,0.0
NP_001129277.1,0.0
NP_001129392.2,0.0
NP_001129507.1,0.0
NP_001129524.1,0.0
NP_001129649.1,0.0
NP_001129668.1,0.0
NP_001130.1,0.0
NP_001136.1,0.0
NP_001136029.1,0.0
NP_001136082.1,0.0
NP_001136256.1,0.0
NP_001136438.1,0.0
NP_001137282.1,0.0
NP_001137326.1,0.0
NP_001137451.1,0.0
NP_001137453.1,0.0
NP_001137458.1,0.0
NP_001138341.1,0.0
NP_001138545.1,0.0
NP_001138584.1,0.0
NP_001138780.1,0.0
NP_001138830.1,0.0
NP_001138940.4,0.0
NP_001139189.2,0.0
NP_001139267.1,0.0
NP_001142.2,0.0
NP_001148.1,0.0
NP_001153508.1,0.0
NP_001153605.1,0.0
NP_001153695.1,0.0
NP_001153705.1,0.0
NP_001153839.1,0.0
NP_001153844.1,0.0
NP_001155197.1,0.0
NP_001156685.1,0.0
NP_001156908.2,0.0
NP_001157281.1,0.0
NP_001157750.1,0.0
NP_001157814.1,0.0
NP_001157877.1,0.0
NP_001158233.1,0.0
NP_001159435.1,0.0
NP_001159725.2,0.0
NP_001159762.1,0.0
NP_001161206.1,0.0
NP_001162625.1,0.0
NP_001164672.1,0.0
NP_001165558.2,0.0
NP_001165806.1,0.0
NP_001165948.1,0.0
NP_001166167.1,0.0
NP_001166939.1,0.0
NP_001167621.1,0.0
NP_001170787.2,0.0
NP_001170991.1,0.0
NP_001171481.1,0.0
NP_001171536.2,0.0
NP_001171582.1,0.0
NP_001171634.3,0.0
NP_001171809.1,0.0
NP_001171818.1,0.0
NP_001174.2,0.0
NP_001177203.1,0.0
NP_001177666.1,0.0
NP_001177716.1,0.0
NP_001180345.1,0.0
NP_001181939.1,0.0
NP_001182058.1,0.0
NP_001182192.1,0.0
NP_001182399.1,0.0
NP_001185.3,0.0
NP_001185797.1,0.0
NP_001185885.1,0.0
NP_001186.1,0.0
NP_001186036.1,0.0
NP_001186136.1,0.0
NP_001186181.1,0.0
NP_001186728.1,0.0
NP_001186846.1,0.0
NP_001188356.1,0.0
NP_001189333.2,0.0
NP_001189472.1,0.0
NP_001191197.1,0.0
NP_001191244.1,0.0
NP_001191354.2,0.0
NP_001193.2,0.0
NP_001193928.1,0.0
NP_001194.1,0.0
NP_001195.2,0.0
NP_001202.5,0.0
NP_001209.1,0.0
NP_001211.3,0.0
NP_001219.2,0.0
NP_001222.3,0.0
NP_001223.2,0.0
NP_001229804.1,0.0
NP_001229817.2,0.0
NP_001229825.1,0.0
NP_001229886.1,0.0
NP_001230106.1,0.0
NP_001230695.2,0.0
NP_001231118.1,0.0
NP_001233.2,0.0
NP_001242976.1,0.0
NP_001243169.1,0.0
NP_001243328.1,0.0
NP_001243371.1,0.0
NP_001243423.1,0.0
NP_001243439.1,0.0
NP_001243506.2,0.0
NP_001243556.1,0.0
NP_001243643.1,0.0
NP_001243805.1,0.0
NP_001244074.1,0.0
NP_001244159.1,0.0
NP_001244941.2,0.0
NP_001245150.1,0.0
NP_001245218.1,0.0
NP_001251.1,0.0
NP_001254507.1,0.0
NP_001254538.1,0.0
NP_001255.4,0.0
NP_001258750.1,0.0
NP_001258928.1,0.0
NP_001261.2,0.0
NP_001262.3,0.0
NP_001264.2,0.0
NP_001265067.1,0.0
NP_001265273.1,0.0
NP_001265868.1,0.0
NP_001269154.1,0.0
NP_001269210.1,0.0
NP_001269333.1,0.0
NP_001269463.1,0.0
NP_001269613.2,0.0
NP_001269862.1,0.0
NP_001271165.2,0.0
NP_001273003.2,0.0
NP_001273540.1,0.0
NP_001273644.1,0.0
NP_001274420.1,0.0
NP_001275582.1,0.0
NP_001275676.1,0.0
NP_001275880.1,0.0
NP_001275929.1,0.0
NP_001278.1,0.0
NP_001278585.2,0.0
NP_001278650.1,0.0
NP_001278933.1,0.0
NP_001284478.1,0.0
NP_001287771.1,0.0
NP_001287829.1,0.0
NP_001288.3,0.0
NP_001288153.1,0.0
NP_001289.1,0.0
NP_001290039.1,0.0
NP_001290185.1,0.0
NP_001290425.1,0.0
NP_001291646.4,0.8232890704800817
NP_001293061.2,0.0
NP_001294.2,0.0
NP_001295205.1,0.0
NP_001298127.1,0.0
NP_001303260.1,0.0
NP_001304019.1,0.0
NP_001304919.1,0.0
NP_001305092.1,0.0
NP_001305781.1,0.0
NP_001307127.1,0.0
NP_001307509.1,0.0
NP_001307594.1,0.0
NP_001307679.1,0.0
NP_001307852.1,0.0
NP_001308031.1,0.0
NP_001308943.1,0.0
NP_001308971.2,0.0
NP_001309774.1,0.0
NP_001309863.1,0.0
NP_001313340.1,0.0
NP_001316485.1,0.0
NP_001316843.1,0.0
NP_001317619.1,0.0
NP_001317964.1,0.0
NP_001319.1,0.0
NP_001323.1,0.0
NP_001334748.1,0.0
NP_001336584.1,0.0
NP_001336644.1,0.0
NP_001340.2,0.0
NP_001340274.1,0.0
NP_001340741.2,0.0
NP_001341530.2,0.0
NP_001349700.1,0.0
NP_001351.2,0.0
NP_001351952.1,0.0
NP_001352.2,0.0
NP_001352465.1,0.0
NP_001353076.1,0.0
NP_001354752.1,0.0
NP_001354903.1,0.0
NP_001354906.1,0.0
NP_001355738.1,0.0
NP_001355847.1,0.0
NP_001356.1,0.9617706237424547
NP_001356355.1,0.0
NP_001357188.2,0.0
NP_001357524.1,0.0
NP_001357587.1,0.0
NP_001358001.1,0.0
NP_001358995.1,0.0
NP_001359162.1,0.0
NP_001365406.2,0.0
NP_001365421.1,0.0
NP_001366127.1,0.0
NP_001366380.1,0.0
NP_001366429.1,0.0
NP_001366543.1,0.0
NP_001368914.1,0.0
NP_001369746.2,0.0
NP_001373.2,0.0
NP_001374.4,0.0
NP_001374178.1,0.0
NP_001376.1,0.0
NP_001377.1,0.0
NP_001380.2,0.0
NP_001380429.1,0.0
NP_001387.2,0.0
NP_001388.1,0.0
NP_001390.1,0.0
NP_001412.1,0.0
NP_001421.2,0.0
NP_001431.1,0.0
NP_001439.2,0.0
NP_001440.2,0.0
NP_001442.2,0.0
NP_001444.2,0.0
NP_001457.1,0.0
NP_001461.1,0.0
NP_001469.1,0.0
NP_001473.1,0.0
NP_001482.1,0.0
NP_001483.3,0.0
NP_001484.1,1.0
NP_001501.2,0.0
NP_001510.2,0.0
NP_001511.2,0.0
NP_001521.1,0.0
NP_001529.2,0.0
NP_001531.1,0.0
NP_001534.1,0.0
NP_001547.1,0.0
NP_001548.1,0.0
NP_001549.2,0.0
NP_001554.2,0.0
NP_001596.2,0.0
NP_001600.1,0.0
NP_001605.1,0.0
NP_001616.1,0.0
NP_001617.1,0.0
NP_001640.1,0.0
NP_001642.1,0.0
NP_001671.2,0.0
NP_001672.1,0.0
NP_001681.2,0.0
NP_001683.2,0.0
NP_001684.2,0.0
NP_001687.1,0.0
NP_001689.1,0.0
NP_001702.1,0.0
NP_001708.3,0.0
NP_001709.1,0.0
NP_001730.1,0.0
NP_001745.2,0.0
NP_001750.1,0.0
NP_001759.3,0.0
NP_001761.3,1.0
NP_001774.1,0.0
NP_001783.2,0.0
NP_001784.2,0.0
NP_001785.2,0.0
NP_001796.2,0.0
NP_001813.1,0.0
NP_001821.2,0.0
NP_001835.3,0.0
NP_001837.2,0.0
NP_001839.2,0.0
NP_001840.3,0.0
NP_001843.1,0.0
NP_001845.3,0.0
NP_001850.1,0.0
NP_001859.1,0.0
NP_001866.2,0.0
NP_001867.2,0.0
NP_001876.1,0.0
NP_001877.1,0.0
NP_001878.1,0.0
NP_001895.1,0.0
NP_001905.1,0.0
NP_001907.3,0.0
NP_001908.3,0.0
NP_001909.4,0.0
NP_001914.3,0.0
NP_001918.3,0.0
NP_001922.2,0.0
NP_001928.2,0.0
NP_001934.2,0.0
NP_001944.1,0.0
NP_001949.1,0.0
NP_001952.1,0.0
NP_001963.1,0.0
NP_001973.2,0.0
NP_001976.1,0.0
NP_001978.1,0.0
NP_002001.1,0.0
NP_002008.2,0.0
NP_002009.1,0.0
NP_002011.2,0.0
NP_002015.1,0.0
NP_002016.2,0.0
NP_002038.2,0.0
NP_002040.1,0.0
NP_002043.2,0.0
NP_002046.1,0.0
NP_002056.2,0.0
NP_002058.2,0.0
NP_002060.4,0.0
NP_002063.2,0.0
NP_002065.1,0.0
NP_002067.1,0.0
NP_002071.2,0.0
NP_002078.1,0.0
NP_002100.2,0.0
NP_002104.2,0.0
NP_002131.2,0.0
NP_002147.2,0.0
NP_002151.2,0.0
NP_002159.2,0.0
NP_002171.2,0.0
NP_002172.2,0.0
NP_002176.2,0.0
NP_002195.1,0.0
NP_002212.3,0.0
NP_002217.3,0.0
NP_002226.1,0.0
NP_002231.1,0.0
NP_002232.2,0.0
NP_002233.2,0.0
NP_002237.1,0.0
NP_002238.2,0.0
NP_002240.3,0.0
NP_002241.1,0.0
NP_002244.1,0.0
NP_002258.2,0.0
NP_002283.3,0.0
NP_002287.2,0.0
NP_002290.2,0.0
NP_002294.2,0.0
NP_002307.2,0.0
NP_002308.2,0.0
NP_002325.2,0.0
NP_002326.2,0.0
NP_002327.2,0.0
NP_002372.1,0.0
NP_002380.3,0.0
NP_002388.2,0.0
NP_002392.2,0.0
NP_002393.2,0.0
NP_002411.3,0.0
NP_002418.1,0.0
NP_002421.3,0.0
NP_002426.1,0.0
NP_002428.1,0.0
NP_002430.3,0.0
NP_002431.2,0.0
NP_002435.1,0.0
NP_002440.2,0.0
NP_002445.2,0.0
NP_002456.2,0.0
NP_002460.1,0.0
NP_002461.2,0.0
NP_002462.2,0.0
NP_002463.2,0.0
NP_002464.1,0.0
NP_002476.2,0.0
NP_002486.1,0.0
NP_002492.2,0.0
NP_002509.2,0.0
NP_002519.2,0.0
NP_002520.2,0.0
NP_002538.1,0.0
NP_002543.2,0.0
NP_002569.1,0.0
NP_002573.1,0.0
NP_002576.1,0.0
NP_002599.1,0.0
NP_002600.1,0.0
NP_002606.3,0.0
NP_002612.1,0.0
NP_002624.2,0.0
NP_002632.1,0.0
NP_002633.1,0.0
NP_002644.4,0.0
NP_002652.2,0.0
NP_002653.1,0.0
NP_002668.1,0.0
NP_002682.2,0.0
NP_002684.1,0.0
NP_002706.1,0.0
NP_002725.1,0.0
NP_002730.1,0.0
NP_002733.2,0.0
NP_002746.1,0.0
NP_002755.1,0.0
NP_002759.2,0.0
NP_002760.1,0.0
NP_002766.1,0.0
NP_002769.1,0.0
NP_002791.1,0.0
NP_002825.3,0.0
NP_002829.3,0.0
NP_002851.2,0.0
NP_002854.3,0.0
NP_002863.1,0.0
NP_002866.2,0.0
NP_002871.1,1.0
NP_002878.2,0.0
NP_002885.1,0.0
NP_002891.1,0.0
NP_002896.2,0.0
NP_002920.1,0.0
NP_002927.2,0.0
NP_002932.1,0.0
NP_002959.2,0.0
NP_002963.2,0.0
NP_002991.2,0.0
NP_002992.1,0.0
NP_002993.1,0.0
NP_003005.2,0.0
NP_003009.2,0.0
NP_003014.3,0.0
NP_003026.2,0.0
NP_003027.1,0.0
NP_003029.2,0.0
NP_003032.1,0.0
NP_003033.3,0.0
NP_003038.2,0.0
NP_003043.3,0.0
NP_003045.2,0.0
NP_003046.2,0.0
NP_003051.1,0.0
NP_003061.3,0.0
NP_003064.2,0.0
NP_003066.2,0.0
NP_003070.3,0.0
NP_003089.1,0.0
NP_003095.2,0.0
NP_003097.1,0.0
NP_003098.1,0.0
NP_003099.1,0.0
NP_003110.1,0.0
NP_003127.1,0.0
NP_003147.2,0.0
NP_003150.1,0.0
NP_003156.1,0.0
NP_003163.1,0.0
NP_003165.2,0.0
NP_003168.2,0.0
NP_003184.1,0.0
NP_003192.1,0.0
NP_003212.2,0.0
NP_003218.2,0.0
NP_003229.1,0.0
NP_003230.1,0.0
NP_003233.4,0.0
NP_003237.2,0.0
NP_003276.3,0.0
NP_003280.2,0.0
NP_003292.1,0.0
NP_003312.3,0.0
NP_003313.3,0.0
NP_003325.2,0.0
NP_003350.1,0.0
NP_003352.2,0.0
NP_003357.2,0.0
NP_003374.3,0.0
NP_003383.4,0.0
NP_003385.2,0.0
NP_003394.1,0.0
NP_003403.2,0.0
NP_003404.1,0.0
NP_003457.1,0.0
NP_003461.2,0.0
NP_003467.1,0.0
NP_003468.2,0.0
NP_003482.1,0.0
NP_003485.1,0.0
NP_003551.2,0.0
NP_003570.2,0.0
NP_003578.2,0.0
NP_003579.3,0.0
NP_003581.1,0.0
NP_003592.3,0.0
NP_003602.1,0.0
NP_003611.1,1.0
NP_003621.1,0.0
NP_003623.1,0.0
NP_003631.2,0.0
NP_003638.1,0.0
NP_003651.1,0.0
NP_003667.1,0.0
NP_003671.1,0.0
NP_003672.1,0.0
NP_003679.2,0.0
NP_003681.1,0.0
NP_003696.2,0.0
NP_003709.3,0.0
NP_003712.1,0.0
NP_003713.3,0.0
NP_003733.2,0.0
NP_003745.1,0.0
NP_003755.2,0.0
NP_003782.1,0.0
NP_003784.2,0.0
NP_003788.2,0.0
NP_003792.1,0.0
NP_003796.1,0.0
NP_003826.2,0.0
NP_003830.1,0.0
NP_003840.2,0.0
NP_003841.1,0.0
NP_003854.1,0.0
NP_003856.1,0.0
NP_003871.1,0.0
NP_003874.2,0.0
NP_003886.3,0.0
NP_003887.3,0.0
NP_003891.1,0.0
NP_003892.2,0.0
NP_003898.2,0.0
NP_003910.1,0.0
NP_003914.1,0.0
NP_003915.2,0.0
NP_003916.1,0.0
NP_003928.1,0.0
NP_003968.3,0.0
NP_003969.2,0.0
NP_003982.1,0.0
NP_003986.2,0.0
NP_003989.2,0.0
NP_003990.1,0.0
NP_003995.2,0.0
NP_004010.1,0.0
NP_004026.2,0.0
NP_004035.2,0.0
NP_004046.2,0.0
NP_004067.1,0.0
NP_004073.2,0.0
NP_004076.1,0.0
NP_004077.1,0.0
NP_004083.3,0.0
NP_004091.3,0.0
NP_004105.1,0.0
NP_004125.3,0.0
NP_004144.2,0.0
NP_004159.2,0.0
NP_004161.4,0.0
NP_004162.2,0.0
NP_004165.2,0.0
NP_004167.3,0.0
NP_004172.2,0.0
NP_004174.1,0.0
NP_004175.2,0.0
NP_004178.2,0.0
NP_004179.3,0.0
NP_004195.2,0.0
NP_004199.1,0.0
NP_004202.4,0.0
NP_004209.2,0.0
NP_004229.1,0.0
NP_004230.2,0.0
NP_004238.3,0.0
NP_004251.4,0.0
NP_004259.3,0.0
NP_004264.2,0.0
NP_004269.1,0.0
NP_004270.2,0.0
NP_004272.2,0.0
NP_004278.2,0.0
NP_004288.1,0.0
NP_004290.2,0.0
NP_004295.2,0.0
NP_004302.1,0.0
NP_004312.2,0.0
NP_004319.1,0.0
NP_004320.2,0.0
NP_004324.2,0.0
NP_004332.2,0.0
NP_004351.1,0.0
NP_004355.2,0.0
NP_004357.3,0.0
NP_004362.2,0.0
NP_004367.2,0.0
NP_004378.1,0.0
NP_004388.2,0.0
NP_004399.2,0.0
NP_004416.2,0.0
NP_004420.1,0.0
NP_004422.2,0.0
NP_004429.1,0.0
NP_004435.3,0.0
NP_004437.2,0.0
NP_004439.2,1.0
NP_004443.3,0.0
NP_004444.2,0.0
NP_004447.2,0.0
NP_004449.1,0.0
NP_004454.2,0.0
NP_004456.1,0.0
NP_004472.1,0.0
NP_004473.2,0.0
NP_004475.1,0.0
NP_004482.4,0.0
NP_004484.1,0.0
NP_004510.1,0.0
NP_004512.1,0.0
NP_004513.1,0.0
NP_004514.2,0.0
NP_004517.2,0.0
NP_004521.1,0.0
NP_004526.1,0.0
NP_004532.1,0.0
NP_004535.1,0.0
NP_004541.1,0.0
NP_004542.1,0.0
NP_004551.2,0.0
NP_004553.2,1.0
NP_004555.1,0.0
NP_004563.2,0.0
NP_004571.2,0.0
NP_004577.1,0.0
NP_004580.1,0.0
NP_004586.2,0.0
NP_004587.1,0.0
NP_004599.2,0.0
NP_004603.1,0.0
NP_004605.4,0.0
NP_004612.2,0.0
NP_004616.2,0.0
NP_004619.3,0.0
NP_004620.1,0.0
NP_004628.4,0.0
NP_004637.1,0.0
NP_004647.1,0.0
NP_004654.1,0.0
NP_004665.2,0.0
NP_004688.2,0.0
NP_004689.1,0.0
NP_004691.2,0.0
NP_004704.3,0.0
NP_004705.1,0.0
NP_004713.2,0.0
NP_004728.1,0.0
NP_004729.1,0.0
NP_004735.2,0.0
NP_004741.1,0.0
NP_004743.1,0.0
NP_004762.2,0.0
NP_004764.1,0.0
NP_004773.1,0.0
NP_004784.2,0.0
NP_004786.2,0.0
NP_004804.2,0.0
NP_004808.2,0.0
NP_004809.2,0.0
NP_004811.1,0.0
NP_004817.2,0.0
NP_004827.4,0.0
NP_004846.4,0.0
NP_004853.2,0.0
NP_004854.1,0.0
NP_004861.2,0.0
NP_004886.3,0.0
NP_004888.2,0.0
NP_004915.2,0.0
NP_004919.1,0.0
NP_004928.2,0.0
NP_004936.2,0.0
NP_004937.1,0.0
NP_004950.2,0.0
NP_004951.1,0.0
NP_004954.2,0.0
NP_004961.1,0.0
NP_004963.1,0.0
NP_004964.2,0.0
NP_004965.1,0.0
NP_004966.1,0.0
NP_004968.2,0.0
NP_004971.2,0.0
NP_004973.1,0.0
NP_004975.2,0.0
NP_004981.2,0.0
NP_004985.2,0.0
NP_004989.2,0.0
NP_004990.3,0.0
NP_004993.1,0.0
NP_004997.4,0.0
NP_005008.2,0.0
NP_005013.1,0.0
NP_005016.1,0.0
NP_005017.3,0.0
NP_005018.2,0.0
NP_005041.1,0.0
NP_005042.1,0.0
NP_005046.2,0.0
NP_005052.1,0.0
NP_005059.2,0.0
NP_005076.3,0.0
NP_005085.2,0.0
NP_005111.2,0.0
NP_005112.2,0.0
NP_005114.1,0.0
NP_005129.2,0.0
NP_005132.2,0.0
NP_005133.2,0.0
NP_005135.2,0.0
NP_005140.1,0.0
NP_005174.2,0.0
NP_005179.2,0.0
NP_005190.4,0.0
NP_005202.2,0.0
NP_005205.2,0.0
NP_005206.2,0.0
NP_005207.3,0.0
NP_005211.1,0.0
NP_005212.1,0.0
NP_005219.2,0.0
NP_005226.1,0.0
NP_005227.1,0.0
NP_005238.1,0.0
NP_005240.3,0.0
NP_005242.1,0.0
NP_005248.2,0.0
NP_005253.3,0.0
NP_005254.2,0.0
NP_005258.2,0.0
NP_005262.1,0.0
NP_005263.1,0.0
NP_005264.2,0.0
NP_005324.3,0.0
NP_005325.2,0.0
NP_005328.2,0.0
NP_005334.1,1.0
NP_005340.2,0.0
NP_005350.1,0.0
NP_005351.2,0.0
NP_005364.1,0.9984251968503937
NP_005369.2,0.0
NP_005391.1,0.0
NP_005393.2,0.0
NP_005403.2,0.0
NP_005404.1,0.0
NP_005410.1,0.0
NP_005413.2,0.0
NP_005421.1,0.0
NP_005436.1,0.0
NP_005439.2,0.0
NP_005441.1,0.0
NP_005449.5,0.0
NP_005452.2,0.0
NP_005466.1,0.0
NP_005468.1,0.0
NP_005493.2,0.0
NP_005506.3,0.0
NP_005509.1,0.0
NP_005521.1,0.0
NP_005526.1,0.0
NP_005545.1,0.0
NP_005546.2,0.0
NP_005548.2,0.0
NP_005553.2,0.0
NP_005557.1,0.0
NP_005563.1,0.0
NP_005564.1,0.0
NP_005576.3,0.0
NP_005582.1,0.0
NP_005583.1,0.0
NP_005586.1,0.0
NP_005594.2,0.0
NP_005600.1,0.0
NP_005609.3,0.0
NP_005620.1,0.0
NP_005621.2,0.0
NP_005622.1,0.0
NP_005624.2,0.0
NP_005632.1,0.0
NP_005641.1,0.0
NP_005645.1,0.0
NP_005655.1,0.0
NP_005661.1,0.0
NP_005667.2,0.0
NP_005668.2,0.0
NP_005673.3,0.0
NP_005678.3,0.0
NP_005680.1,0.0
NP_005682.2,0.0
NP_005699.1,0.0
NP_005700.2,0.0
NP_005701.1,0.0
NP_005711.1,0.0
NP_005723.2,0.0
NP_005754.2,0.0
NP_005756.2,0.0
NP_005778.1,0.0
NP_005848.2,0.0
NP_005850.1,0.0
NP_005852.2,0.0
NP_005853.2,0.0
NP_005857.1,0.0
NP_005887.2,0.0
NP_005893.1,0.0
NP_005899.3,0.0
NP_005901.2,0.0
NP_005903.2,0.0
NP_005907.3,0.0
NP_005912.1,0.0
NP_005923.3,0.0
NP_005934.2,0.0
NP_005947.3,0.0
NP_005948.3,1.0
NP_005955.3,0.0
NP_005973.1,0.0
NP_005984.3,0.0
NP_005985.3,0.0
NP_005987.3,0.0
NP_005991.1,0.0
NP_005994.2,0.0
NP_005996.2,0.0
NP_006000.2,0.0
NP_006006.3,0.0
NP_006008.1,0.0
NP_006010.2,0.0
NP_006021.2,0.0
NP_006026.3,0.0
NP_006027.2,0.0
NP_006028.2,0.0
NP_006051.1,0.0
NP_006054.2,0.0
NP_006061.2,0.0
NP_006068.2,0.0
NP_006070.2,0.0
NP_006077.2,0.0
NP_006078.2,0.0
NP_006112.3,0.0
NP_006114.1,0.0
NP_006120.1,0.0
NP_006138.1,0.0
NP_006149.2,0.0
NP_006151.3,0.0
NP_006155.2,0.0
NP_006168.1,0.0
NP_006170.1,0.0
NP_006171.2,0.0
NP_006173.2,0.0
NP_006177.1,0.0
NP_006183.2,0.0
NP_006185.1,0.0
NP_006195.3,0.0
NP_006197.1,0.0
NP_006199.2,0.0
NP_006205.1,0.0
NP_006209.2,0.0
NP_006222.2,0.0
NP_006236.1,0.0
NP_006249.1,0.0
NP_006252.4,0.0
NP_006256.1,0.0
NP_006259.1,0.0
NP_006260.1,0.0
NP_006281.1,0.0
NP_006286.1,0.0
NP_006293.2,0.0
NP_006294.2,0.0
NP_006297.2,0.0
NP_006334.2,0.0
NP_006339.4,0.0
NP_006350.1,0.0
NP_006354.2,0.0
NP_006355.2,0.0
NP_006362.1,0.0
NP_006381.2,0.0
NP_006386.1,0.0
NP_006388.2,0.0
NP_006403.2,0.0
NP_006406.1,0.0
NP_006412.2,0.0
NP_006423.1,0.0
NP_006450.2,0.0
NP_006454.1,0.0
NP_006484.2,0.0
NP_006485.2,0.0
NP_006487.1,0.0
NP_006504.2,0.0
NP_006507.2,0.0
NP_006508.2,0.0
NP_006512.2,0.0
NP_006525.2,0.0
NP_006536.3,0.0
NP_006554.1,0.0
NP_006556.1,0.0
NP_006558.1,0.0
NP_006570.1,0.0
NP_006584.1,0.0
NP_006585.2,0.0
NP_006603.2,0.0
NP_006614.2,0.0
NP_006615.2,0.0
NP_006651.2,0.0
NP_006693.3,0.0
NP_006736.1,0.0
NP_006740.1,0.0
NP_006746.1,0.0
NP_006748.1,0.0
NP_006756.2,0.0
NP_006757.2,0.0
NP_006758.2,0.0
NP_006763.2,0.0
NP_006774.2,0.0
NP_006787.2,0.0
NP_006822.1,0.0
NP_006843.2,0.0
NP_006850.2,0.0
NP_006851.1,0.0
NP_006867.1,0.0
NP_006874.1,0.0
NP_008822.2,0.0
NP_008823.1,0.0
NP_008825.4,0.0
NP_008846.2,0.0
NP_008853.3,0.0
NP_008860.4,0.0
NP_008870.2,0.0
NP_008871.3,0.0
NP_008872.1,0.0
NP_008880.2,0.0
NP_008909.1,0.0
NP_008919.3,0.0
NP_008927.1,0.0
NP_008986.2,0.0
NP_008990.2,0.0
NP_009004.2,0.0
NP_009005.1,0.0
NP_009006.2,0.0
NP_009008.2,0.0
NP_009009.1,0.0
NP_009029.3,0.0
NP_009034.2,0.0
NP_009051.1,0.0
NP_009057.1,0.0
NP_009060.2,0.0
NP_009075.1,0.0
NP_009125.1,0.0
NP_009129.1,0.0
NP_009139.1,0.0
NP_009146.2,0.0
NP_009185.2,0.0
NP_009186.1,0.0
NP_009190.2,0.0
NP_009193.2,0.0
NP_009203.2,0.0
NP_009220.2,0.0
NP_009225.1,1.0
NP_009297.2,0.0
NP_009330.1,0.0
NP_015556.1,0.0
NP_015564.5,0.0
NP_015566.1,0.0
NP_031374.2,0.0
NP_031399.2,1.0
NP_031400.2,0.0
NP_031401.1,1.0
NP_036192.2,0.0
NP_036196.1,0.0
NP_036205.1,0.0
NP_036211.2,0.0
NP_036214.2,0.0
NP_036234.3,0.0
NP_036240.1,0.0
NP_036255.2,0.0
NP_036276.1,0.0
NP_036288.2,0.0
NP_036292.2,0.0
NP_036311.3,0.0
NP_036318.1,0.0
NP_036320.2,0.0
NP_036325.2,0.0
NP_036332.2,0.0
NP_036335.1,0.0
NP_036337.2,0.0
NP_036340.1,0.0
NP_036342.2,0.0
NP_036345.2,0.0
NP_036348.2,0.0
NP_036356.1,0.0
NP_036361.1,0.0
NP_036375.1,0.0
NP_036382.2,0.0
NP_036407.1,0.0
NP_036412.1,0.0
NP_036413.1,0.0
NP_036425.1,0.0
NP_036442.3,0.0
NP_036450.1,0.0
NP_036459.1,0.0
NP_036462.2,0.0
NP_036470.1,0.0
NP_036475.3,0.0
NP_036546.2,0.0
NP_036566.1,0.0
NP_036579.2,0.0
NP_036580.2,0.0
NP_036584.1,0.0
NP_036595.2,0.0
NP_036596.3,0.0
NP_036601.2,0.0
NP_036602.1,0.0
NP_036604.2,0.0
NP_036610.2,0.0
NP_036611.2,0.0
NP_037377.1,0.0
NP_037379.1,0.0
NP_037383.1,0.0
NP_037386.1,0.0
NP_037451.1,0.0
NP_037460.2,0.0
NP_037466.3,0.0
NP_037468.1,0.0
NP_037471.2,0.0
NP_037514.2,0.0
NP_037518.3,0.0
NP_037523.2,0.0
NP_038202.2,0.0
NP_038460.4,0.0
NP_038472.2,0.0
NP_038475.2,0.0
NP_054701.1,0.0
NP_054706.1,0.0
NP_054722.2,0.0
NP_054728.2,0.0
NP_054733.2,0.0
NP_054742.2,0.0
NP_054745.1,0.0
NP_054768.2,0.0
NP_054772.1,0.0
NP_054774.2,0.0
NP_054799.4,0.0
NP_054831.2,0.0
NP_054858.2,0.0
NP_054859.2,0.0
NP_055006.1,0.0
NP_055023.2,0.0
NP_055040.2,0.0
NP_055051.1,0.0
NP_055054.1,0.0
NP_055059.2,0.0
NP_055064.1,0.0
NP_055066.1,0.0
NP_055067.1,0.0
NP_055069.1,0.0
NP_055085.1,0.0
NP_055086.1,0.0
NP_055112.2,0.0
NP_055120.1,0.0
NP_055129.2,0.0
NP_055134.2,0.0
NP_055139.4,0.0
NP_055147.1,0.0
NP_055151.3,0.0
NP_055177.2,0.0
NP_055180.1,0.0
NP_055197.2,0.0
NP_055199.1,0.0
NP_055238.1,0.0
NP_055282.1,0.0
NP_055306.1,0.0
NP_055331.1,0.0
NP_055400.1,0.0
NP_055414.2,0.0
NP_055440.1,0.0
NP_055448.1,0.0
NP_055454.1,0.0
NP_055461.1,0.0
NP_055472.1,0.0
NP_055484.3,0.0
NP_055496.2,0.0
NP_055509.2,0.0
NP_055513.2,0.0
NP_055527.1,0.0
NP_055529.2,0.0
NP_055543.2,0.0
NP_055569.1,0.0
NP_055577.1,0.0
NP_055595.2,0.0
NP_055610.1,0.0
NP_055612.2,0.0
NP_055619.2,0.0
NP_055637.2,0.0
NP_055660.1,0.0
NP_055661.3,0.0
NP_055689.1,0.0
NP_055692.3,0.0
NP_055713.1,0.0
NP_055723.1,0.0
NP_055742.2,0.0
NP_055744.2,0.0
NP_055761.2,0.0
NP_055771.4,0.0
NP_055775.2,0.0
NP_055782.3,0.0
NP_055790.1,0.0
NP_055800.2,0.0
NP_055805.1,0.0
NP_055824.1,0.0
NP_055826.1,0.0
NP_055830.1,0.0
NP_055840.2,0.0
NP_055844.2,0.0
NP_055856.1,0.0
NP_055862.1,0.0
NP_055884.2,0.0
NP_055887.3,0.0
NP_055891.1,0.0
NP_055908.1,0.0
NP_055915.2,0.0
NP_055917.1,0.0
NP_055929.1,0.0
NP_055940.3,0.0
NP_055975.1,0.0
NP_055981.1,0.0
NP_056000.1,0.0
NP_056007.1,0.0
NP_056028.2,0.0
NP_056029.2,0.0
NP_056062.1,0.0
NP_056080.1,0.0
NP_056082.2,0.0
NP_056085.1,0.0
NP_056087.2,0.0
NP_056089.1,0.0
NP_056090.1,0.0
NP_056092.2,0.0
NP_056093.3,0.0
NP_056109.1,0.0
NP_056110.2,0.0
NP_056146.1,0.0
NP_056150.1,0.0
NP_056155.1,0.0
NP_056170.2,0.0
NP_056201.2,0.0
NP_056227.2,0.0
NP_056240.2,0.0
NP_056241.3,0.0
NP_056265.2,0.0
NP_056280.2,0.0
NP_056289.2,0.0
NP_056303.3,0.0
NP_056321.2,0.0
NP_056346.3,0.0
NP_056348.2,0.0
NP_056372.1,0.0
NP_056374.2,0.0
NP_056375.2,0.0
NP_056385.1,0.0
NP_056451.3,0.0
NP_056477.1,0.0
NP_056480.1,0.0
NP_056496.1,0.0
NP_056508.2,0.0
NP_056512.5,0.0
NP_056517.1,0.0
NP_056536.2,0.0
NP_056651.1,0.0
NP_056655.3,0.0
NP_056953.2,1.0
NP_056968.1,0.0
NP_056979.1,0.0
NP_056980.2,0.0
NP_056989.2,0.0
NP_056999.2,0.0
NP_057006.1,0.0
NP_057021.2,0.0
NP_057043.1,0.0
NP_057049.5,0.0
NP_057062.1,0.0
NP_057075.1,0.0
NP_057090.2,0.0
NP_057092.2,0.0
NP_057097.2,0.0
NP_057116.2,0.0
NP_057118.1,0.0
NP_057119.3,0.0
NP_057122.2,0.0
NP_057126.2,0.0
NP_057161.1,0.0
NP_057182.1,0.0
NP_057195.2,0.0
NP_057206.2,0.0
NP_057240.3,0.0
NP_057264.4,0.0
NP_057272.1,0.0
NP_057278.2,0.0
NP_057287.2,0.0
NP_057288.1,0.0
NP_057303.2,0.0
NP_057331.2,0.0
NP_057386.2,0.0
NP_057390.1,0.0
NP_057411.1,0.0
NP_057425.3,0.0
NP_057444.2,0.0
NP_057445.4,0.0
NP_057457.1,0.0
NP_057485.2,0.0
NP_057613.4,0.0
NP_057616.2,0.0
NP_057623.2,0.0
NP_057664.1,0.0
NP_057683.1,0.0
NP_057688.3,0.0
NP_057732.2,0.0
NP_057953.1,0.0
NP_058432.1,0.0
NP_058515.1,0.0
NP_058628.3,0.0
NP_058633.2,0.0
NP_058634.4,0.0
NP_058637.1,0.0
NP_058648.4,0.0
NP_058651.3,0.0
NP_059129.3,0.0
NP_059488.2,0.0
NP_060004.3,0.0
NP_060011.1,0.0
NP_060017.1,0.0
NP_060021.1,0.0
NP_060033.3,0.0
NP_060035.2,0.0
NP_060083.1,0.0
NP_060106.2,0.0
NP_060111.2,0.0
NP_060116.2,0.0
NP_060119.3,0.0
NP_060121.3,0.0
NP_060124.2,0.0
NP_060132.3,0.0
NP_060141.3,0.0
NP_060167.2,0.0
NP_060215.4,0.0
NP_060221.2,0.0
NP_060222.2,0.0
NP_060225.4,0.0
NP_060247.2,0.0
NP_060269.3,0.0
NP_060272.3,0.0
NP_060277.1,0.0
NP_060289.2,0.0
NP_060297.1,0.0
NP_060307.2,0.0
NP_060311.1,0.0
NP_060319.1,0.0
NP_060336.3,0.0
NP_060342.2,0.0
NP_060345.2,0.0
NP_060352.1,0.0
NP_060379.2,0.0
NP_060399.1,0.0
NP_060404.4,0.0
NP_060420.2,0.0
NP_060476.2,0.0
NP_060496.2,0.0
NP_060521.4,0.0
NP_060525.3,0.0
NP_060530.3,0.0
NP_060545.3,0.0
NP_060546.2,0.0
NP_060547.2,0.0
NP_060551.2,0.0
NP_060552.4,0.0
NP_060575.1,0.0
NP_060579.3,0.0
NP_060586.2,0.0
NP_060592.2,0.0
NP_060595.3,0.0
NP_060597.4,0.0
NP_060599.1,0.0
NP_060631.2,0.0
NP_060658.3,0.0
NP_060661.3,0.0
NP_060663.2,0.0
NP_060676.2,0.0
NP_060700.2,0.0
NP_060733.4,0.0
NP_060762.3,0.0
NP_060764.3,0.0
NP_060767.2,0.0
NP_060789.2,0.0
NP_060798.2,0.0
NP_060814.4,0.0
NP_060829.2,0.0
NP_060844.2,0.0
NP_060859.4,0.0
NP_060921.3,0.0
NP_060950.3,0.0
NP_060956.1,0.0
NP_060958.2,0.0
NP_061116.5,0.0
NP_061154.1,0.0
NP_061155.2,0.0
NP_061169.2,0.0
NP_061176.4,0.0
NP_061336.1,0.0
NP_061485.1,0.0
NP_061764.2,0.0
NP_061850.2,0.0
NP_061868.1,0.0
NP_061896.1,0.0
NP_061905.2,0.0
NP_061923.2,0.0
NP_061928.4,0.0
NP_061929.2,0.0
NP_061939.3,0.0
NP_061947.1,0.0
NP_061949.3,0.0
NP_061950.2,0.0
NP_061951.1,0.0
NP_061966.1,0.0
NP_061971.3,0.0
NP_061982.3,0.0
NP_063916.1,0.0
NP_063938.1,0.0
NP_063940.1,0.0
NP_063945.2,0.0
NP_064425.2,0.0
NP_064445.2,0.0
NP_064450.3,0.0
NP_064502.9,0.0
NP_064543.3,0.0
NP_064551.3,0.0
NP_064569.3,0.0
NP_064576.1,0.0
NP_064608.2,0.0
NP_064612.2,0.0
NP_064632.2,0.0
NP_064716.2,0.0
NP_065069.1,0.0
NP_065071.1,0.0
NP_065094.3,0.0
NP_065098.1,0.0
NP_065099.3,0.0
NP_065107.1,0.0
NP_065109.1,0.0
NP_065114.3,0.0
NP_065134.1,0.0
NP_065166.2,0.0
NP_065168.2,0.0
NP_065390.1,0.0
NP_065394.1,0.0
NP_065434.1,0.0
NP_065682.2,0.0
NP_065683.2,0.0
NP_065685.1,0.0
NP_065689.1,0.0
NP_065690.2,0.0
NP_065712.1,1.0
NP_065731.3,0.0
NP_065737.2,0.0
NP_065750.1,0.0
NP_065753.2,0.0
NP_065770.1,0.0
NP_065793.1,0.0
NP_065796.2,0.0
NP_065811.1,0.0
NP_065822.2,0.0
NP_065825.1,0.0
NP_065842.1,0.0
NP_065851.1,0.0
NP_065857.1,0.0
NP_065873.2,0.0
NP_065875.3,0.0
NP_065970.2,0.0
NP_065979.1,0.0
NP_065995.1,0.0
NP_066005.2,0.0
NP_066124.1,0.0
NP_066264.4,0.0
NP_066268.1,0.0
NP_066269.1,0.0
NP_066279.2,0.0
NP_066287.2,0.0
NP_066288.2,0.0
NP_066360.1,0.0
NP_066382.1,0.0
NP_066545.3,0.0
NP_066550.2,0.0
NP_066552.2,0.0
NP_066566.3,0.0
NP_066918.2,0.0
NP_066925.1,0.0
NP_066956.1,0.0
NP_066963.2,0.0
NP_066970.3,0.0
NP_066973.2,0.0
NP_067032.3,0.0
NP_067045.1,0.0
NP_067063.1,0.0
NP_067628.1,0.0
NP_067632.2,0.0
NP_067638.3,0.0
NP_067641.2,0.0
NP_067642.1,0.0
NP_068369.1,0.0
NP_068380.3,0.0
NP_068556.2,0.0
NP_068587.1,0.0
NP_068602.2,0.0
NP_068603.4,0.0
NP_068657.1,0.0
NP_068711.1,0.0
NP_068712.1,0.0
NP_068741.1,0.0
NP_068745.2,0.0
NP_068758.3,0.0
NP_068761.4,0.0
NP_068770.2,0.0
NP_068773.2,0.0
NP_068775.1,0.0
NP_068776.2,0.0
NP_068799.2,0.0
NP_068810.3,0.0
NP_068838.3,0.0
NP_071357.2,0.0
NP_071372.1,0.0
NP_071378.1,0.0
NP_071398.5,0.0
NP_071415.1,0.0
NP_071417.2,0.0
NP_071437.3,0.0
NP_071445.1,0.0
NP_071449.1,0.0
NP_071450.2,0.0
NP_071451.2,0.0
NP_071505.2,0.0
NP_071731.1,0.0
NP_071764.3,0.0
NP_071765.2,0.0
NP_071801.1,0.0
NP_071881.1,0.0
NP_071882.1,0.0
NP_071890.2,1.0
NP_071899.1,0.0
NP_071919.2,0.0
NP_071934.3,0.0
NP_073563.1,0.0
NP_073623.1,0.0
NP_073624.2,0.0
NP_073625.1,0.0
NP_073741.3,0.0
NP_073746.2,0.0
NP_073747.1,0.0
NP_073752.6,0.0
NP_075044.2,0.0
NP_075066.1,0.0
NP_075462.3,0.0
NP_075555.1,0.0
NP_075598.2,0.0
NP_076872.1,0.0
NP_076927.1,0.0
NP_076932.1,0.0
NP_076968.2,0.0
NP_076984.2,0.0
NP_077006.1,0.0
NP_077010.1,0.0
NP_077015.2,0.0
NP_077025.2,0.0
NP_077027.1,0.0
NP_077277.1,0.0
NP_077282.3,0.0
NP_077288.2,0.0
NP_077310.1,0.0
NP_077315.2,0.0
NP_077718.3,0.0
NP_077740.1,0.0
NP_077744.4,0.0
NP_078772.1,0.0
NP_078789.2,0.0
NP_078790.2,0.0
NP_078792.1,0.0
NP_078800.3,0.0
NP_078804.2,0.0
NP_078805.3,0.0
NP_078807.1,0.0
NP_078824.2,0.0
NP_078846.2,0.0
NP_078853.2,0.0
NP_078868.1,0.0
NP_078874.2,0.0
NP_078875.4,0.0
NP_078925.3,0.0
NP_078941.2,0.0
NP_078951.2,0.0
NP_078954.4,0.0
NP_078961.3,0.0
NP_078974.1,0.0
NP_079005.3,0.0
NP_079011.3,0.0
NP_079017.1,0.0
NP_079023.2,0.0
NP_079029.3,0.0
NP_079033.4,0.0
NP_079058.1,0.0
NP_079066.5,0.0
NP_079085.2,0.0
NP_079120.1,0.0
NP_079130.2,0.0
NP_079146.2,0.0
NP_079152.3,0.0
NP_079160.1,0.0
NP_079163.2,0.0
NP_079191.2,0.0
NP_079272.4,0.0
NP_079353.3,0.0
NP_079375.3,0.0
NP_079408.3,0.0
NP_079412.1,0.0
NP_079426.2,0.0
NP_079428.2,0.0
NP_079436.4,0.0
NP_079455.3,0.0
NP_079469.2,0.0
NP_079483.3,0.0
NP_079491.2,0.0
NP_079492.2,0.0
NP_079495.1,0.0
NP_079509.5,0.0
NP_079519.1,0.0
NP_079535.4,0.0
NP_079541.1,0.0
NP_085055.2,0.0
NP_085135.1,0.0
NP_109587.1,0.0
NP_109590.3,0.0
NP_110400.1,0.0
NP_110404.1,0.0
NP_110420.3,0.0
NP_110440.1,0.0
NP_112180.4,0.0
NP_112190.2,0.0
NP_112205.2,0.0
NP_112210.1,0.0
NP_112224.1,0.0
NP_112235.2,0.0
NP_112420.1,0.0
NP_112483.1,0.0
NP_112503.1,0.0
NP_112506.2,0.0
NP_112533.1,0.0
NP_112740.1,0.0
NP_113606.2,0.0
NP_113621.1,0.0
NP_113631.1,0.0
NP_113663.2,0.0
NP_114032.2,0.0
NP_114091.4,0.0
NP_114148.3,0.0
NP_114413.1,0.0
NP_114423.1,0.0
NP_114432.2,0.0
NP_115484.2,0.0
NP_115497.4,0.0
NP_115569.2,0.0
NP_115584.1,0.0
NP_115604.1,0.0
NP_115618.3,0.0
NP_115647.2,0.0
NP_115693.2,0.0
NP_115733.2,0.0
NP_115759.2,0.0
NP_115763.2,0.0
NP_115785.1,0.0
NP_115791.3,1.0
NP_115822.1,0.0
NP_115834.1,0.0
NP_115881.3,0.0
NP_115909.1,0.0
NP_115920.1,0.0
NP_115925.2,0.0
NP_115927.1,0.0
NP_115940.2,0.0
NP_115969.2,0.0
NP_115977.2,0.0
NP_115979.3,0.0
NP_115980.1,0.0
NP_115996.1,0.0
NP_116023.2,0.0
NP_116027.2,0.0
NP_116045.2,0.0
NP_116056.3,0.0
NP_116071.2,0.0
NP_116119.2,0.0
NP_116145.1,0.0
NP_116190.3,0.0
NP_116195.2,0.0
NP_116222.4,0.0
NP_116245.2,0.0
NP_116250.3,0.0
NP_116277.2,0.0
NP_116281.2,0.0
NP_116575.3,0.0
NP_127497.1,0.0
NP_148982.1,0.0
NP_149045.3,0.0
NP_149059.1,0.0
NP_149075.2,0.0
NP_149091.1,0.0
NP_149100.2,0.0
NP_149107.4,0.0
NP_149353.1,0.0
NP_149975.1,0.0
NP_201569.1,0.0
NP_201583.2,0.0
NP_203123.1,0.0
NP_203129.1,0.0
NP_212134.3,0.0
NP_219487.3,0.0
NP_254275.1,0.0
NP_258412.1,0.0
NP_291028.3,0.0
NP_338599.1,0.0
NP_387510.1,0.0
NP_443076.2,0.0
NP_443077.1,0.0
NP_443091.1,0.0
NP_443099.1,0.0
NP_443105.2,0.0
NP_443106.1,0.0
NP_443108.1,0.0
NP_443197.1,0.0
NP_443711.2,0.0
NP_473368.1,0.0
NP_476429.2,0.0
NP_476516.1,0.0
NP_476517.1,0.0
NP_477352.3,0.0
NP_477511.1,0.0
NP_477520.2,0.0
NP_478059.1,1.0
NP_478123.1,0.0
NP_490597.1,0.0
NP_490647.1,0.0
NP_510965.1,0.0
NP_523353.2,0.0
NP_524144.1,0.0
NP_536350.2,0.0
NP_542119.1,0.0
NP_542172.2,0.0
NP_542378.1,0.0
NP_542400.2,0.0
NP_542411.2,0.0
NP_542437.2,0.0
NP_543136.1,0.0
NP_550438.1,0.0
NP_569157.2,0.0
NP_569733.2,0.0
NP_569735.1,0.0
NP_570718.1,0.0
NP_570722.2,0.0
NP_570824.1,0.0
NP_570853.1,0.0
NP_570901.3,0.0
NP_570971.1,0.0
NP_573400.3,0.0
NP_573566.2,0.0
NP_573568.1,0.0
NP_579877.1,0.0
NP_597680.2,0.0
NP_597700.1,0.0
NP_597716.1,0.0
NP_597725.1,0.0
NP_598004.1,0.0
NP_598006.1,0.0
NP_598399.2,0.0
NP_598408.1,0.0
NP_599023.1,0.0
NP_612370.3,0.0
NP_612373.2,0.0
NP_612396.1,0.0
NP_612404.1,0.0
NP_612422.2,0.0
NP_612431.2,0.0
NP_612433.1,0.0
NP_612468.1,0.0
NP_612486.2,0.0
NP_612565.1,0.0
NP_612808.1,0.0
NP_619520.1,0.0
NP_619542.1,0.0
NP_619636.2,0.0
NP_619646.1,0.0
NP_619649.1,0.0
NP_619729.1,0.0
NP_620128.1,0.0
NP_620148.1,0.0
NP_620170.3,0.0
NP_620409.1,0.0
NP_620596.2,0.0
NP_620689.1,0.0
NP_640334.2,0.0
NP_640335.2,0.0
NP_640341.1,0.0
NP_644805.1,0.0
NP_644807.1,0.0
NP_644813.1,0.0
NP_647479.2,0.0
NP_647480.1,0.0
NP_647593.1,0.0
NP_652763.1,0.0
NP_653164.2,0.0
NP_653174.3,0.0
NP_653178.3,0.0
NP_653186.2,0.0
NP_653200.2,0.0
NP_653213.6,0.0
NP_653234.2,0.0
NP_653259.3,0.0
NP_658985.2,0.0
NP_658986.1,0.0
NP_659403.4,0.0
NP_659428.2,0.0
NP_659434.2,0.0
NP_659451.1,0.0
NP_659501.1,0.0
NP_659505.1,0.0
NP_660149.2,0.0
NP_660161.1,0.0
NP_660200.1,0.0
NP_660201.1,0.0
NP_660208.2,0.0
NP_663304.1,0.0
NP_665859.1,0.0
NP_665860.2,0.0
NP_665877.1,0.0
NP_665898.1,0.0
NP_671724.1,0.0
NP_671729.2,0.0
NP_679211.2,0.0
NP_680475.1,0.0
NP_683695.1,0.0
NP_683720.2,0.0
NP_683763.2,0.0
NP_689476.2,0.0
NP_689482.1,0.0
NP_689505.1,0.0
NP_689509.1,0.0
NP_689518.1,0.0
NP_689549.3,0.0
NP_689597.1,0.0
NP_689606.2,0.0
NP_689629.2,0.0
NP_689632.2,0.0
NP_689656.2,0.0
NP_689677.1,0.0
NP_689703.1,0.0
NP_689726.3,0.0
NP_689735.1,0.0
NP_689807.1,0.0
NP_689831.2,0.0
NP_689854.2,0.0
NP_689862.1,0.0
NP_689935.2,0.0
NP_689956.2,0.0
NP_689966.2,0.0
NP_689967.2,0.0
NP_689991.1,0.0
NP_689996.4,0.0
NP_690870.3,0.0
NP_694551.1,0.0
NP_694571.2,0.0
NP_694944.1,0.0
NP_694955.2,0.0
NP_694972.3,0.0
NP_694984.5,0.0
NP_705690.2,0.0
NP_705831.1,0.0
NP_705902.2,0.0
NP_714544.1,0.0
NP_714915.3,0.0
NP_714928.1,0.0
NP_722540.1,0.0
NP_722541.1,0.0
NP_733764.1,0.0
NP_733774.1,0.0
NP_741960.1,0.0
NP_742055.1,0.0
NP_742105.1,0.0
NP_751951.1,0.0
NP_758440.1,0.0
NP_758454.1,0.0
NP_758840.1,0.0
NP_758872.1,0.0
NP_758957.2,0.0
NP_775109.2,0.0
NP_775300.1,0.0
NP_775748.2,0.0
NP_775754.2,0.0
NP_775766.2,0.0
NP_775771.3,0.0
NP_775822.3,0.0
NP_775831.2,0.0
NP_775901.3,0.0
NP_775925.1,0.0
NP_775960.4,0.0
NP_777362.1,0.0
NP_777576.1,0.0
NP_777577.2,0.0
NP_777596.2,0.0
NP_778243.1,0.0
NP_783328.1,0.0
NP_787110.2,0.0
NP_789788.1,0.0
NP_789794.1,0.0
NP_789845.1,0.0
NP_796374.2,0.0
NP_803187.1,0.0
NP_808592.2,0.0
NP_808807.2,0.0
NP_808880.1,0.0
NP_814444.1,0.0
NP_816931.1,0.0
NP_821080.1,0.0
NP_821133.1,0.0
NP_835366.1,0.0
NP_835455.1,0.0
NP_835466.2,0.0
NP_848547.4,0.0
NP_848549.3,0.0
NP_848612.2,0.0
NP_848621.2,0.0
NP_849164.2,0.0
NP_851853.1,0.0
NP_852107.1,0.0
NP_852122.1,0.0
NP_852664.1,0.0
NP_853512.1,0.0
NP_858058.1,0.0
NP_859056.2,0.0
NP_859065.2,0.0
NP_861448.2,0.0
NP_861454.2,0.0
NP_862823.1,0.0
NP_870998.2,0.0
NP_872282.1,0.0
NP_872354.1,0.0
NP_872621.1,0.0
NP_877435.3,0.0
NP_877437.2,0.0
NP_878314.1,0.0
NP_886552.3,0.0
NP_891552.1,0.0
NP_891847.1,0.0
NP_891988.1,0.0
NP_892003.2,0.0
NP_898871.1,0.0
NP_898898.1,0.0
NP_899196.1,0.0
NP_899200.1,0.0
NP_919224.1,0.0
NP_919253.1,0.0
NP_919255.2,0.0
NP_919259.3,0.0
NP_919299.3,0.0
NP_919438.1,0.0
NP_922932.2,0.0
NP_932173.1,1.0
NP_937799.1,0.0
NP_937859.1,0.0
NP_937983.2,0.0
NP_938011.1,0.0
NP_938012.2,0.0
NP_938023.1,0.0
NP_938033.1,1.0
NP_938143.1,0.0
NP_938149.2,0.0
NP_938207.2,0.0
NP_940905.2,0.0
NP_940916.2,0.0
NP_940927.2,0.0
NP_940978.2,0.0
NP_940988.2,0.0
NP_942559.1,0.0
NP_945185.1,0.0
NP_945316.1,0.0
NP_945345.2,0.0
NP_945350.1,0.0
NP_954634.1,0.0
NP_954659.1,0.0
NP_954712.1,0.0
NP_954986.2,0.0
NP_955366.1,0.0
NP_957705.1,0.0
NP_958850.1,0.0
NP_963883.2,0.0
NP_963925.2,0.0
NP_964012.2,0.0
NP_976035.1,0.0
NP_981932.1,0.0
NP_982272.2,0.0
NP_982301.1,0.0
NP_991331.1,0.0
NP_995322.1,0.0
NP_996879.1,0.0
NP_996917.1,0.0
NP_996919.1,0.0
NP_996991.1,0.0
NP_996994.1,0.0
NP_997005.1,0.0
NP_997229.2,0.0
NP_997235.3,0.0
NP_997253.2,0.0
NP_997304.3,0.0
NP_997464.2,0.0
NP_998764.1,0.0
NP_998818.1,0.0
NP_998885.1,0.0
