DMS_id,n,auroc_uniform,auroc_biogate,auroc_best
NP_000007.1,87,0.3411764705882353,0.35882352941176465,0.49411764705882355
NP_000008.1,26,0.725,0.9166666666666667,0.9083333333333334
NP_000009.1,75,0.9178743961352658,0.9782608695652174,0.9758454106280193
NP_000010.1,47,1.0,1.0,1.0
NP_000011.2,165,0.8348387096774195,0.9225806451612903,0.9187096774193547
NP_000012.1,99,0.7263157894736842,0.7552631578947369,0.7842105263157895
NP_000013.2,36,0.9704433497536946,1.0,0.9852216748768473
NP_000014.1,37,0.8571428571428572,0.8428571428571429,0.9142857142857143
NP_000017.1,29,0.6,0.73,0.88
NP_000018.2,14,0.9166666666666667,0.9791666666666667,1.0
NP_000021.1,71,0.9651515151515152,0.9363636363636363,0.9696969696969697
NP_000023.2,26,0.9575757575757575,0.9212121212121213,0.9212121212121211
NP_000024.2,201,0.936381960191484,0.9627110103300579,0.9619551524313429
NP_000026.2,10,0.761904761904762,0.7142857142857143,0.8095238095238095
NP_000028.3,10,1.0,1.0,0.9375
NP_000034.1,21,0.975,1.0,1.0
NP_000035.2,113,0.9130154639175259,0.9027061855670103,0.9033505154639175
NP_000036.2,14,1.0,1.0,0.7692307692307693
NP_000037.2,70,0.8214936247723132,0.8269581056466302,0.8925318761384335
NP_000038.2,35,0.7575757575757576,0.8106060606060606,0.8446969696969697
NP_000039.2,73,0.9673076923076923,0.9673076923076923,0.976923076923077
NP_000040.1,44,0.8880308880308881,0.9073359073359074,0.9575289575289575
NP_000041.2,42,0.8355263157894737,0.9210526315789473,0.9868421052631579
NP_000043.4,191,0.8311713836477987,0.9235455974842768,0.9636399371069182
NP_000044.2,198,0.9134615384615385,0.9432021466905188,0.9235241502683362
NP_000045.1,42,0.9409090909090909,0.9909090909090909,0.9795454545454546
NP_000048.1,32,1.0,0.9910714285714286,0.9732142857142857
NP_000052.1,76,0.9867330016583747,0.9966832504145937,0.9933665008291874
NP_000053.2,49,0.9663299663299663,0.9814814814814814,0.9461279461279462
NP_000055.2,11,0.6428571428571428,0.75,0.9285714285714286
NP_000060.2,140,0.8346774193548387,0.9027217741935484,0.938508064516129
NP_000061.1,80,0.8763693270735524,0.8622848200312988,0.9389671361502346
NP_000062.1,62,0.9008620689655173,0.9698275862068966,0.9612068965517242
NP_000065.1,34,0.8083333333333333,1.0,0.9916666666666667
NP_000067.1,12,0.8,1.0,1.0
NP_000068.1,37,0.9696969696969697,0.9696969696969697,0.9924242424242424
NP_000070.1,11,1.0,1.0,0.9642857142857143
NP_000071.1,33,0.9175824175824175,0.9835164835164836,0.989010989010989
NP_000074.3,86,0.9544642857142858,0.9553571428571429,0.9776785714285714
NP_000076.2,35,0.9600000000000001,0.9760000000000001,0.984
NP_000078.3,12,0.9142857142857143,0.9142857142857143,0.9428571428571428
NP_000079.2,338,0.9175502452919766,0.9776863427757556,0.9668723954212164
NP_000080.2,344,0.961863644540385,0.9890268033819033,0.9944234574563771
NP_000081.2,290,0.9743639541658575,0.9990289376577977,0.9937852010099049
NP_000082.2,158,0.9791703442188879,0.9931156222418358,0.9952338923212709
NP_000083.3,139,0.974375,0.9833333333333334,0.9735416666666666
NP_000084.3,137,0.790929203539823,0.9207227138643067,0.9572271386430679
NP_000086.2,113,0.9224422442244224,0.9026402640264026,0.886138613861386
NP_000087.2,20,0.9066666666666667,0.9466666666666667,1.0
NP_000088.3,14,1.0,1.0,1.0
NP_000089.1,38,0.8005952380952381,0.8541666666666666,0.8184523809523809
NP_000093.1,32,0.9833333333333334,1.0,1.0
NP_000095.2,25,0.9920634920634921,1.0,1.0
NP_000099.2,10,1.0,1.0,1.0
NP_000102.1,22,0.9647058823529412,1.0,1.0
NP_000103.2,23,0.9215686274509804,0.9215686274509804,0.8921568627450981
NP_000107.1,20,1.0,1.0,1.0
NP_000108.1,12,0.8181818181818181,0.9090909090909091,0.8181818181818181
NP_000114.3,25,0.58,0.74,0.86
NP_000115.1,55,0.9672619047619047,0.9880952380952381,1.0
NP_000118.2,47,0.841991341991342,0.9567099567099567,0.987012987012987
NP_000119.1,33,0.8071428571428572,0.8857142857142857,0.8285714285714285
NP_000120.2,12,1.0,1.0,1.0
NP_000121.2,40,0.9771428571428571,1.0,0.9828571428571429
NP_000122.1,29,0.9583333333333334,1.0,0.9666666666666667
NP_000124.1,116,0.8734375,0.9125000000000001,0.915625
NP_000126.2,104,0.589237320944638,0.6929926442121563,0.9396051103368176
NP_000127.2,15,0.19444444444444445,0.38888888888888884,0.9166666666666666
NP_000128.1,27,0.7909090909090909,0.8272727272727273,0.8909090909090909
NP_000131.2,12,0.6,0.7714285714285714,0.8571428571428571
NP_000132.3,78,0.9571428571428572,0.9982142857142857,0.9589285714285715
NP_000134.2,127,0.9724517906336088,0.9944903581267218,0.9931129476584023
NP_000138.2,15,0.9318181818181818,0.9772727272727273,1.0
NP_000142.2,53,0.7333333333333334,0.8866666666666666,0.9866666666666667
NP_000143.2,160,0.9033646322378717,0.949530516431925,0.9733959311424101
NP_000144.2,89,0.7449392712550608,0.8522267206477733,0.9645748987854251
NP_000147.1,25,0.7894736842105263,0.8596491228070174,1.0
NP_000149.4,31,0.9327731092436975,0.9243697478991597,1.0
NP_000150.1,138,0.7798507462686567,0.7332089552238806,0.8955223880597015
NP_000153.1,148,0.9794520547945205,1.0,1.0
NP_000154.1,11,0.9444444444444444,1.0,0.6111111111111112
NP_000156.1,24,0.8260869565217391,0.8260869565217391,1.0
NP_000157.1,116,0.9441964285714286,0.9709821428571428,1.0
NP_000159.3,111,0.858009708737864,0.9526699029126213,0.9466019417475728
NP_000160.1,205,0.874,0.9380000000000001,0.98
NP_000161.2,119,0.9289473684210526,0.9536842105263158,0.9736842105263158
NP_000162.2,37,0.967948717948718,0.9935897435897436,1.0
NP_000164.5,27,0.9210526315789473,0.9473684210526316,0.9078947368421053
NP_000166.2,13,0.5555555555555556,0.5833333333333334,0.6666666666666666
NP_000168.1,32,0.9655172413793104,0.9540229885057472,0.9195402298850575
NP_000170.1,92,0.962962962962963,0.9653996101364523,0.9751461988304093
NP_000171.1,34,0.8142292490118577,0.9011857707509882,0.9683794466403162
NP_000172.2,16,1.0,1.0,1.0
NP_000173.2,23,1.0,1.0,1.0
NP_000174.1,16,1.0,1.0,1.0
NP_000177.2,22,0.5523809523809524,0.8571428571428572,0.9904761904761905
NP_000178.2,40,0.9480519480519481,0.9696969696969697,0.9956709956709957
NP_000179.2,10,0.8125,0.9375,1.0
NP_000181.2,38,0.9696969696969697,0.9636363636363637,0.9636363636363636
NP_000183.2,42,0.8774038461538461,0.8966346153846154,0.8389423076923077
NP_000184.1,12,0.875,0.9375,0.9375
NP_000185.1,22,0.3333333333333333,0.7142857142857143,0.9523809523809523
NP_000186.2,21,0.7,0.8,0.8888888888888888
NP_000188.1,13,0.8888888888888888,0.9444444444444444,0.9722222222222222
NP_000189.1,13,0.7333333333333334,0.9,0.7666666666666667
NP_000190.1,59,0.8431372549019608,0.865546218487395,0.9005602240896358
NP_000194.2,74,0.7946336429308565,0.892672858617131,0.9019607843137254
NP_000197.1,65,0.944128787878788,0.9659090909090909,0.9535984848484849
NP_000198.1,23,0.5454545454545454,1.0,1.0
NP_000199.2,16,0.984375,1.0,0.953125
NP_000202.3,20,0.72,1.0,0.85
NP_000203.2,65,0.88,0.9036363636363636,0.9545454545454545
NP_000205.1,79,0.7608695652173914,0.9270186335403727,0.9503105590062111
NP_000206.2,28,0.8673469387755102,0.8877551020408163,0.9081632653061225
NP_000207.2,22,0.9176470588235295,1.0,0.9411764705882353
NP_000208.2,19,1.0,1.0,1.0
NP_000209.2,197,0.9625668449197862,0.9855614973262032,0.9973262032085561
NP_000211.1,14,0.8787878787878788,0.9090909090909091,0.9090909090909092
NP_000213.1,15,1.0,0.96,1.0
NP_000217.2,16,0.9682539682539684,0.888888888888889,0.888888888888889
NP_000219.2,34,0.8413793103448276,0.9655172413793103,0.903448275862069
NP_000220.1,18,0.6790123456790124,0.8765432098765432,0.9506172839506173
NP_000224.2,19,0.8636363636363635,0.9659090909090909,1.0
NP_000226.2,41,0.9459459459459459,1.0,1.0
NP_000228.1,40,0.9558823529411763,0.946078431372549,0.9558823529411764
NP_000229.1,151,0.8471223021582734,0.895083932853717,0.934652278177458
NP_000239.1,19,0.9,1.0,1.0
NP_000240.1,184,0.8246996996996997,0.8909534534534534,0.9185435435435435
NP_000242.1,288,0.7736027289425348,0.8233534505379166,0.8961427446864341
NP_000243.1,75,0.9109347442680776,0.955026455026455,0.9735449735449735
NP_000244.2,19,0.9705882352941176,1.0,1.0
NP_000245.2,14,0.875,1.0,1.0
NP_000246.2,108,0.9812500000000001,0.99375,1.0
NP_000247.2,60,0.8372615039281707,0.9135802469135803,0.8933782267115601
NP_000248.2,301,0.8548053024026512,0.865990057995029,0.8164871582435792
NP_000251.3,152,0.7829048560755877,0.899362777411558,0.9483629971434848
NP_000252.1,45,0.964,0.9359999999999999,0.98
NP_000254.2,80,0.8669301712779973,0.9249011857707511,0.9393939393939392
NP_000255.2,175,0.759795918367347,0.9430612244897959,0.9622448979591837
NP_000257.1,16,0.8214285714285714,0.8571428571428572,1.0
NP_000261.2,10,1.0,1.0,1.0
NP_000262.2,143,0.9052083333333332,0.9541666666666667,0.9666666666666667
NP_000263.2,10,0.5625,0.625,0.8125
NP_000264.2,21,0.8061224489795918,0.8673469387755102,0.8673469387755102
NP_000265.1,17,1.0,1.0,1.0
NP_000266.2,69,0.9196581196581196,0.9589743589743589,0.9743589743589745
NP_000267.2,42,0.9365079365079365,0.981859410430839,0.9931972789115646
NP_000268.1,399,0.8551637279596978,0.9005037783375315,0.9395465994962217
NP_000269.3,13,0.0,0.9166666666666666,1.0
NP_000273.2,35,0.8981481481481481,0.9444444444444444,1.0
NP_000274.3,32,0.9208333333333334,0.9583333333333334,0.9541666666666667
NP_000275.1,61,0.8980392156862745,0.9627450980392157,0.9607843137254902
NP_000276.2,17,0.8076923076923077,0.7884615384615385,1.0
NP_000278.3,30,0.7104072398190044,0.7963800904977375,0.8416289592760181
NP_000279.1,11,0.7777777777777778,0.9444444444444444,1.0
NP_000282.1,19,0.875,0.6666666666666666,0.8958333333333334
NP_000283.1,45,0.7839506172839505,0.9176954732510287,0.9382716049382716
NP_000286.3,52,0.7258382642998028,0.8205128205128205,0.9329388560157791
NP_000288.1,24,0.8601398601398601,0.923076923076923,0.993006993006993
NP_000292.1,14,0.07692307692307687,0.0,0.0
NP_000293.2,16,0.7142857142857142,0.8571428571428572,0.9642857142857143
NP_000294.1,60,0.5258620689655172,0.8103448275862069,0.9568965517241379
NP_000295.1,29,0.9871794871794872,0.9871794871794872,0.9743589743589745
NP_000300.1,11,0.8928571428571428,1.0,1.0
NP_000301.1,25,0.893939393939394,1.0,1.0
NP_000302.1,19,0.4230769230769231,0.5384615384615385,0.8461538461538461
NP_000303.1,49,0.9042553191489362,0.9893617021276595,0.9680851063829787
NP_000308.1,27,0.038461538461538464,0.11538461538461539,0.11538461538461539
NP_000312.2,67,0.7267441860465116,0.8013565891472868,0.8062015503875969
NP_000313.2,85,0.7600732600732601,0.9358974358974358,0.8498168498168498
NP_000316.2,15,0.9230769230769231,1.0,1.0
NP_000320.1,65,0.7150537634408602,0.8225806451612903,0.903225806451613
NP_000321.1,100,0.6410256410256411,0.8705738705738706,0.9658119658119658
NP_000325.4,92,0.8997837058399424,0.9516943042537851,0.9632299927901947
NP_000327.2,16,0.5636363636363636,0.7272727272727273,0.8363636363636364
NP_000329.2,15,0.888888888888889,0.9629629629629629,0.9629629629629629
NP_000332.2,13,0.8636363636363636,1.0,0.9545454545454546
NP_000333.1,36,0.9933110367892977,0.9899665551839465,0.9933110367892977
NP_000334.1,10,1.0,1.0,1.0
NP_000337.1,50,0.7552083333333334,0.8854166666666667,0.920138888888889
NP_000340.2,13,1.0,1.0,0.8181818181818181
NP_000341.2,448,0.8901278772378517,0.9067007672634272,0.967774936061381
NP_000343.2,100,0.8610827374872319,0.9141981613891725,0.9346271705822268
NP_000349.1,18,0.638888888888889,0.6944444444444445,0.736111111111111
NP_000350.1,81,0.9320175438596491,0.9269005847953216,0.9956140350877193
NP_000354.4,47,0.5151515151515151,0.8181818181818181,0.9166666666666666
NP_000359.1,111,0.9030037546933667,0.9568210262828536,0.9743429286608261
NP_000360.2,22,0.71900826446281,0.884297520661157,0.9504132231404958
NP_000362.1,84,0.5308641975308642,0.6995884773662551,0.6460905349794239
NP_000363.1,91,0.643939393939394,0.8522727272727273,0.9659090909090909
NP_000365.3,10,1.0,1.0,1.0
NP_000366.1,15,0.7857142857142857,0.8571428571428571,0.9107142857142858
NP_000368.1,48,0.9722222222222222,0.9722222222222222,0.9722222222222222
NP_000372.1,12,0.7428571428571429,0.7142857142857144,0.7714285714285716
NP_000373.1,28,0.96875,0.9875,1.0
NP_000374.1,39,0.8368983957219251,0.9224598930481284,0.9652406417112299
NP_000381.1,31,0.9310344827586207,0.9137931034482758,0.8103448275862069
NP_000382.3,46,0.8602941176470588,0.9240196078431373,0.9485294117647058
NP_000383.2,24,0.9157894736842105,0.9578947368421052,0.9789473684210527
NP_000384.2,74,0.9684741488020177,0.978562421185372,0.9293820933165196
NP_000387.1,23,1.0,1.0,1.0
NP_000388.2,71,0.9342948717948718,0.9775641025641025,0.9655448717948718
NP_000391.1,23,0.8137254901960784,0.9901960784313726,1.0
NP_000393.4,188,0.8513661202185793,0.9289617486338797,0.9180327868852459
NP_000398.1,11,1.0,1.0,1.0
NP_000400.2,20,0.6470588235294118,0.8823529411764707,0.9803921568627452
NP_000402.3,31,0.9227272727272727,0.9772727272727272,1.0
NP_000405.1,30,0.962962962962963,0.9722222222222223,0.9907407407407407
NP_000410.2,76,0.9502487562189055,0.9369817578772803,0.9038142620232172
NP_000412.4,27,1.0,0.9882352941176471,0.9764705882352941
NP_000413.1,21,0.5714285714285714,0.8775510204081632,0.9285714285714285
NP_000414.2,27,0.9565217391304348,0.9891304347826088,0.9891304347826088
NP_000415.2,63,0.8159645232815965,0.9090909090909091,0.9733924611973392
NP_000416.1,85,0.8588761174968071,0.9655172413793103,0.9508301404853129
NP_000421.1,42,0.7441077441077442,0.8821548821548821,0.8754208754208754
NP_000422.1,34,0.953125,1.0,1.0
NP_000424.2,11,1.0,0.9,1.0
NP_000425.1,21,0.7205882352941178,0.7941176470588235,0.7352941176470589
NP_000431.2,15,0.6607142857142856,0.8392857142857142,0.9285714285714286
NP_000432.1,139,0.8779569892473118,0.9236559139784946,0.9290322580645162
NP_000434.1,19,0.7948717948717948,0.8974358974358976,0.9487179487179488
NP_000435.3,148,0.7997311827956989,0.9475806451612904,0.970766129032258
NP_000438.2,12,1.0,1.0,0.9
NP_000439.2,63,0.7333333333333334,0.8125000000000001,0.9708333333333333
NP_000446.1,29,0.9500000000000001,0.9666666666666668,1.0
NP_000447.2,12,0.8055555555555556,0.7222222222222222,0.6944444444444444
NP_000449.1,76,0.7888198757763975,0.9130434782608696,0.8571428571428571
NP_000450.3,35,0.9204545454545454,0.9810606060606061,1.0
NP_000452.2,34,1.0,1.0,1.0
NP_000456.2,17,0.8666666666666667,0.8,0.8666666666666667
NP_000457.1,32,0.9227053140096618,0.9565217391304348,0.9903381642512078
NP_000465.1,23,0.9761904761904762,1.0,1.0
NP_000466.2,21,0.9230769230769231,1.0,0.9326923076923077
NP_000470.3,17,0.9375,0.6875,0.875
NP_000472.2,29,0.77,0.97,1.0
NP_000475.1,25,0.9155844155844156,0.8831168831168832,0.8831168831168831
NP_000476.1,10,0.9047619047619049,1.0,0.9047619047619048
NP_000477.1,18,0.8035714285714286,0.9107142857142857,0.9821428571428572
NP_000478.3,114,0.8182692307692307,0.8730769230769231,0.8653846153846154
NP_000479.1,33,0.7714285714285715,0.7000000000000001,0.7214285714285714
NP_000481.2,10,0.75,0.875,0.9166666666666667
NP_000483.3,198,0.9970082273747196,0.9917726252804787,0.9985041136873598
NP_000484.2,54,0.7145061728395061,0.845679012345679,0.8919753086419754
NP_000485.3,35,0.8,0.8133333333333334,0.8666666666666667
NP_000486.1,508,0.9810599087766665,0.9867869342005686,0.9923094230021885
NP_000487.1,12,1.0,1.0,1.0
NP_000488.3,46,0.9605263157894737,0.9703947368421053,0.9177631578947368
NP_000489.3,31,0.9153846153846154,0.9230769230769231,0.9538461538461538
NP_000491.4,43,0.9842105263157895,0.9526315789473684,0.9789473684210527
NP_000495.1,13,1.0,1.0,0.9333333333333333
NP_000498.2,16,0.9333333333333333,1.0,1.0
NP_000500.2,11,0.9583333333333334,1.0,1.0
NP_000503.1,90,0.8642117376294592,0.8883774453394706,0.8250863060989643
NP_000508.1,36,0.8518518518518519,0.8765432098765432,0.8796296296296297
NP_000509.1,61,0.6228070175438596,0.7180451127819548,0.7656641604010025
NP_000511.2,42,0.7037037037037037,0.7314814814814815,0.8148148148148149
NP_000517.3,39,0.8724137931034482,0.9379310344827587,0.9758620689655172
NP_000518.1,639,0.887888488728825,0.9453114579165,0.9736894757903162
NP_000519.2,37,0.8291925465838509,0.9285714285714286,0.9782608695652174
NP_000520.1,15,0.8200000000000001,0.8,0.8
NP_000522.3,119,0.8465974625144176,0.8304498269896193,0.8921568627450981
NP_000523.2,42,0.7777777777777778,0.8101851851851851,0.9398148148148149
NP_000524.3,26,0.6,0.8,0.92
NP_000525.1,18,0.65625,0.75,0.75
NP_000527.2,46,0.6085526315789475,0.8223684210526315,0.9769736842105263
NP_000530.1,117,0.7649082568807339,0.8956422018348624,0.9174311926605505
NP_000533.4,13,0.6388888888888888,0.8055555555555556,0.9444444444444444
NP_000534.3,121,0.8702479338842977,0.9446280991735537,0.9727272727272727
NP_000536.6,105,0.8941248470012241,0.9430844553243574,0.9302325581395349
NP_000537.3,271,0.921643492135856,0.9642694324139502,0.9699680875313426
NP_000538.3,25,0.6346153846153846,0.8397435897435898,0.8846153846153846
NP_000539.2,376,0.842842390602814,0.9132890151026204,0.8420033561378599
NP_000541.1,11,1.0,1.0,1.0
NP_000544.2,18,0.8125,0.875,0.96875
NP_000545.1,17,1.0,1.0,1.0
NP_000548.2,11,1.0,1.0,1.0
NP_000578.2,13,0.6666666666666667,0.6666666666666667,1.0
NP_000584.3,19,0.8888888888888888,0.9444444444444444,1.0
NP_000594.2,13,0.6363636363636364,0.7272727272727273,0.5454545454545454
NP_000633.2,26,0.775,0.8083333333333333,0.7416666666666667
NP_000651.3,12,0.5714285714285714,0.8285714285714285,1.0
NP_000684.2,13,0.9750000000000001,1.0,1.0
NP_000693.1,62,0.8253119429590018,0.9768270944741533,0.9946524064171123
NP_000700.1,46,0.925,0.9666666666666666,0.9833333333333333
NP_000710.5,55,0.971774193548387,1.0,0.9973118279569892
NP_000711.1,27,0.9285714285714286,0.9206349206349207,0.9603174603174603
NP_000712.2,238,0.9305455419370343,0.9745253544820958,0.9567411679884643
NP_000735.1,71,0.8507462686567164,0.9365671641791045,0.9962686567164178
NP_000738.2,10,0.875,0.875,0.9166666666666667
NP_000739.1,19,0.9166666666666667,0.9000000000000001,0.8333333333333334
NP_000742.1,11,0.6,0.8666666666666667,1.0
NP_000751.1,14,0.8484848484848484,0.8181818181818181,0.7878787878787878
NP_000773.2,18,0.974025974025974,1.0,1.0
NP_000775.1,28,0.9590643274853801,0.935672514619883,0.8830409356725146
NP_000776.1,22,0.9122807017543859,0.9122807017543859,0.9649122807017544
NP_000780.1,31,0.9666666666666667,0.9,0.8666666666666667
NP_000797.2,55,0.7772435897435898,0.8301282051282051,0.7836538461538461
NP_000806.2,11,0.8888888888888888,0.7777777777777778,0.8888888888888888
NP_000807.2,36,0.939799331103679,0.9765886287625418,0.9899665551839465
NP_000812.2,10,1.0,1.0,1.0
NP_000814.2,12,1.0,1.0,1.0
NP_000824.1,203,0.9512018234562785,0.9781392457521756,0.970368835474513
NP_000825.2,209,0.9458762886597938,0.9624447717231221,0.9752393225331369
NP_000827.2,29,0.8787878787878788,0.9696969696969697,0.9343434343434343
NP_000834.2,34,0.7916666666666666,0.8988095238095237,0.9821428571428572
NP_000866.1,19,0.9318181818181818,0.9886363636363636,0.9772727272727273
NP_000882.1,43,0.9761904761904762,1.0,1.0
NP_000883.2,13,1.0,1.0,1.0
NP_000892.2,19,1.0,1.0,1.0
NP_000909.2,15,0.4285714285714286,0.7142857142857143,1.0
NP_000911.2,41,0.9972527472527473,0.9972527472527473,0.9945054945054945
NP_000912.3,13,0.5454545454545454,0.8636363636363635,0.8636363636363635
NP_000924.3,27,0.9941176470588236,1.0,0.9941176470588236
NP_000928.1,17,1.0,1.0,1.0
NP_000935.1,16,0.7454545454545455,0.7454545454545455,0.8363636363636364
NP_000956.2,14,0.7916666666666666,0.9583333333333333,1.0
NP_001001331.1,13,0.8636363636363635,1.0,1.0
NP_001001344.1,18,0.8055555555555556,0.763888888888889,0.875
NP_001001430.1,47,0.819767441860465,0.9360465116279069,1.0
NP_001001438.1,19,0.9714285714285714,0.9,0.9428571428571428
NP_001001557.1,16,1.0,1.0,1.0
NP_001002295.1,14,0.8181818181818181,0.9696969696969697,1.0
NP_001003694.1,17,0.7,0.6666666666666667,0.7833333333333333
NP_001003800.1,99,0.9542124542124542,0.9768009768009769,0.9542124542124543
NP_001003841.1,20,0.967032967032967,0.967032967032967,1.0
NP_001005271.2,52,0.9063063063063064,0.9603603603603603,0.9495495495495495
NP_001005463.1,30,0.6785714285714286,0.7857142857142857,0.8392857142857143
NP_001005731.1,44,0.9201101928374655,0.9807162534435262,0.9614325068870524
NP_001005741.1,73,0.8482587064676617,0.8706467661691543,1.0
NP_001006658.1,19,0.5,0.6025641025641025,0.6794871794871795
NP_001006659.1,22,0.9,0.9,0.9
NP_001007227.1,13,1.0,1.0,0.6666666666666666
NP_001008537.1,83,0.14634146341463417,0.9878048780487805,0.9146341463414634
NP_001010867.1,10,0.7619047619047619,0.7619047619047619,1.0
NP_001010892.1,11,0.9444444444444444,1.0,1.0
NP_001013860.1,23,0.5263157894736843,0.9210526315789473,0.9736842105263158
NP_001017420.1,11,1.0,1.0,1.0
NP_001017535.1,10,0.875,1.0,0.875
NP_001017995.1,19,0.8888888888888888,1.0,1.0
NP_001018005.1,31,0.9666666666666667,0.9666666666666667,1.0
NP_001018123.1,39,0.7631578947368421,0.9736842105263158,0.9473684210526316
NP_001019242.1,20,1.0,1.0,1.0
NP_001019801.3,24,0.9682539682539684,0.9682539682539683,0.9682539682539683
NP_001020466.1,24,0.9545454545454546,0.9545454545454546,0.9545454545454546
NP_001025053.1,94,0.2065217391304348,0.44021739130434784,0.8532608695652174
NP_001025054.1,24,0.782608695652174,0.8260869565217391,0.8260869565217391
NP_001026895.2,14,1.0,1.0,1.0
NP_001027567.2,16,1.0,1.0,1.0
NP_001029.1,11,0.8888888888888888,0.8888888888888888,0.8888888888888888
NP_001029027.1,13,0.7142857142857142,0.9761904761904763,0.9523809523809524
NP_001030025.1,63,0.8717948717948718,0.9252136752136753,0.9626068376068376
NP_001032.2,32,0.8833333333333333,0.9,0.9333333333333333
NP_001034302.2,13,0.8333333333333334,0.8333333333333334,1.0
NP_001035197.1,62,1.0,1.0,1.0
NP_001035202.1,26,0.855072463768116,0.8985507246376812,0.9420289855072463
NP_001035526.1,12,0.95,0.95,1.0
NP_001035835.1,15,0.07142857142857142,0.8571428571428571,1.0
NP_001035897.1,11,1.0,1.0,1.0
NP_001035940.1,11,0.6666666666666666,0.9583333333333334,1.0
NP_001035963.1,36,0.9127272727272727,0.9854545454545455,0.9890909090909091
NP_001036214.1,17,0.7115384615384615,0.8846153846153846,0.9615384615384616
NP_001037.1,14,0.6153846153846154,0.46153846153846156,0.3846153846153846
NP_001041675.1,11,0.6,0.9,0.9
NP_001056.1,35,0.9475524475524476,0.9650349650349651,0.9510489510489512
NP_001060.1,34,0.773809523809524,0.6309523809523809,0.7023809523809523
NP_001063.2,14,1.0,1.0,1.0
NP_001070834.1,25,0.823529411764706,0.8382352941176471,0.9632352941176471
NP_001070884.2,12,0.4444444444444445,0.6296296296296295,0.6666666666666666
NP_001071.1,61,0.9764705882352941,0.996078431372549,0.9823529411764705
NP_001073136.1,19,1.0,1.0,1.0
NP_001073279.2,95,0.9837662337662337,0.987012987012987,0.9967532467532467
NP_001073882.3,16,0.1333333333333333,0.5333333333333333,0.8
NP_001073883.2,43,0.9146341463414633,0.9634146341463415,0.9878048780487805
NP_001073893.1,33,0.7931034482758621,0.8879310344827587,0.8189655172413793
NP_001073911.1,16,1.0,1.0,0.9333333333333333
NP_001073918.2,16,1.0,1.0,1.0
NP_001073936.1,40,0.861111111111111,0.9513888888888888,0.9930555555555556
NP_001073986.1,80,0.9227941176470588,0.9424019607843137,0.9227941176470589
NP_001073991.2,49,0.7702205882352942,0.8897058823529411,0.9613970588235293
NP_001075.1,20,0.8333333333333334,0.8888888888888888,1.0
NP_001075019.1,11,0.7916666666666667,0.75,0.875
NP_001076585.1,30,0.48148148148148145,0.6419753086419753,0.8765432098765433
NP_001077083.1,18,0.9692307692307692,1.0,0.9846153846153847
NP_001077088.2,21,1.0,1.0,0.95
NP_001077430.1,33,0.9739130434782609,0.991304347826087,0.9826086956521739
NP_001077431.1,70,0.8063725490196079,0.8839869281045751,0.9019607843137254
NP_001080.2,31,0.9145299145299146,0.9316239316239316,0.8675213675213674
NP_001091738.1,21,0.9909090909090909,1.0,1.0
NP_001091981.1,28,0.8645833333333334,0.8333333333333334,0.84375
NP_001092272.1,10,1.0,1.0,1.0
NP_001092692.1,14,0.5,0.75,0.7916666666666666
NP_001092744.1,15,0.4464285714285714,0.3214285714285714,1.0
NP_001093326.2,10,0.75,0.7083333333333334,1.0
NP_001094383.2,80,0.4683544303797469,0.7468354430379747,0.9240506329113924
NP_001094832.1,65,0.2777777777777778,0.4285714285714286,0.6984126984126985
NP_001095876.1,59,0.9827586206896551,0.9137931034482758,0.6379310344827587
NP_001096.1,14,0.9500000000000001,0.9500000000000001,0.9750000000000001
NP_001098101.1,19,0.8977272727272727,0.9886363636363636,0.8977272727272727
NP_001098548.2,11,0.30000000000000004,0.5,0.7
NP_001098717.1,13,0.0,0.6666666666666667,0.5833333333333333
NP_001104262.1,197,0.8128991060025542,0.9153895274584929,0.9554065559812687
NP_001104505.1,12,0.8333333333333334,0.8611111111111112,0.9722222222222223
NP_001104595.1,71,0.9047619047619049,0.9619047619047619,0.9547619047619048
NP_001106212.1,13,0.9,0.9750000000000001,0.9750000000000001
NP_001106279.3,27,0.7717391304347827,0.7282608695652174,0.8804347826086957
NP_001107655.1,11,0.6071428571428571,0.7142857142857143,0.5357142857142858
NP_001119580.2,124,0.8999450247388675,0.9296316657504122,0.9725123694337547
NP_001120.3,19,0.8888888888888888,1.0,1.0
NP_001120680.1,26,1.0,1.0,1.0
NP_001120693.1,186,0.827922077922078,0.9814471243042671,0.9786641929499071
NP_001120972.1,25,0.8070175438596492,0.8333333333333334,0.9561403508771931
NP_001121370.1,19,0.8522727272727272,0.9659090909090908,1.0
NP_001121699.1,39,0.945945945945946,0.8783783783783784,0.9594594594594594
NP_001121897.1,38,0.9711538461538461,0.9647435897435898,0.9647435897435898
NP_001122092.1,16,0.7142857142857143,1.0,1.0
NP_001122317.1,54,0.8134920634920635,0.8452380952380952,0.9007936507936508
NP_001123292.1,11,1.0,1.0,0.8
NP_001123476.1,26,0.8666666666666666,0.8571428571428571,0.9142857142857143
NP_001123561.1,11,0.7142857142857143,0.9285714285714286,1.0
NP_001123577.1,14,0.9555555555555555,1.0,0.9333333333333332
NP_001123616.1,11,0.8,1.0,1.0
NP_001123990.1,20,1.0,0.9722222222222222,0.9722222222222222
NP_001124295.1,42,0.8805555555555555,0.925,0.9500000000000001
NP_001127835.2,84,0.9635135135135134,0.9648648648648649,0.9756756756756756
NP_001128493.1,13,1.0,1.0,1.0
NP_001128715.1,73,0.47887323943661975,0.9577464788732395,0.49295774647887325
NP_001129277.1,12,1.0,1.0,1.0
NP_001129524.1,14,1.0,1.0,1.0
NP_001129649.1,17,1.0,1.0,1.0
NP_001130.1,24,0.9259259259259259,0.9351851851851852,0.9074074074074074
NP_001136256.1,11,0.7857142857142857,0.75,0.9642857142857143
NP_001136438.1,20,0.45333333333333337,0.4266666666666667,0.7066666666666668
NP_001138830.1,15,0.962962962962963,1.0,0.9814814814814814
NP_001138940.4,37,0.9705882352941176,0.9705882352941176,0.9607843137254902
NP_001139189.2,21,0.9351851851851851,0.9907407407407407,0.9907407407407407
NP_001148.1,22,0.08771929824561404,0.12280701754385966,0.368421052631579
NP_001153508.1,78,0.7375201288244766,0.7375201288244766,0.8212560386473431
NP_001153605.1,77,0.9444444444444444,0.934640522875817,0.9477124183006536
NP_001153705.1,18,1.0,1.0,0.9750000000000001
NP_001156685.1,49,0.8316498316498318,0.9124579124579124,0.9259259259259259
NP_001156908.2,17,1.0,1.0,0.9230769230769231
NP_001157281.1,15,0.9230769230769231,0.6538461538461539,0.9615384615384616
NP_001157750.1,26,0.9803921568627451,0.9934640522875816,0.9738562091503268
NP_001157814.1,46,0.9026369168356998,0.9918864097363083,0.9797160243407708
NP_001159435.1,741,0.8636861313868613,0.94507299270073,0.9671532846715328
NP_001159725.2,19,1.0,1.0,1.0
NP_001159762.1,23,0.872549019607843,0.8431372549019608,0.8137254901960784
NP_001161206.1,21,0.9814814814814814,0.9814814814814814,1.0
NP_001165948.1,14,1.0,1.0,0.9183673469387754
NP_001166167.1,10,0.7619047619047619,0.8095238095238095,0.9047619047619049
NP_001167621.1,10,1.0,1.0,0.9583333333333334
NP_001170787.2,25,0.8947368421052632,0.9210526315789473,0.9473684210526316
NP_001170991.1,132,0.859981933152665,0.9051490514905148,0.8184281842818429
NP_001171481.1,11,0.9285714285714286,0.75,0.8214285714285714
NP_001171536.2,90,0.956271576524741,0.9044879171461448,0.9919447640966628
NP_001171809.1,105,0.971655328798186,0.9829931972789117,0.9523809523809523
NP_001174.2,15,0.6153846153846154,1.0,1.0
NP_001177203.1,72,0.735042735042735,0.8313908313908314,0.9285159285159286
NP_001177666.1,10,0.9583333333333334,0.9583333333333334,0.9583333333333334
NP_001180345.1,75,0.9768518518518519,0.9907407407407408,0.925925925925926
NP_001181939.1,13,0.6363636363636364,1.0,0.9545454545454545
NP_001182192.1,19,0.85,1.0,0.9333333333333333
NP_001182399.1,10,1.0,1.0,1.0
NP_001185.3,15,1.0,1.0,1.0
NP_001186.1,11,0.9,1.0,1.0
NP_001186036.1,30,0.7788461538461537,0.9134615384615385,0.9423076923076923
NP_001186728.1,11,0.30000000000000004,0.9,1.0
NP_001186846.1,10,0.9047619047619048,1.0,1.0
NP_001189333.2,38,0.8363636363636364,0.9030303030303031,0.8666666666666667
NP_001189472.1,14,1.0,1.0,0.9230769230769231
NP_001191354.2,25,0.5,0.7261904761904762,0.8690476190476191
NP_001193928.1,18,0.90625,1.0,1.0
NP_001194.1,26,0.9791666666666667,0.8541666666666666,1.0
NP_001195.2,60,0.9448010269576379,0.982028241335045,0.988446726572529
NP_001202.5,22,0.8596491228070176,0.8245614035087719,0.9824561403508772
NP_001211.3,47,0.8495934959349594,0.853658536585366,0.8658536585365852
NP_001223.2,10,0.8400000000000001,0.84,0.9600000000000001
NP_001229804.1,16,0.9642857142857143,1.0,0.9642857142857143
NP_001229817.2,23,0.7083333333333333,0.9166666666666666,0.8583333333333334
NP_001229825.1,25,0.6363636363636362,0.7424242424242424,0.9545454545454546
NP_001229886.1,12,0.9629629629629629,0.9629629629629629,0.9629629629629629
NP_001230695.2,35,0.8125,0.9243421052631579,0.868421052631579
NP_001231118.1,29,0.5925925925925926,0.6296296296296297,0.7777777777777778
NP_001243371.1,37,0.9666666666666667,0.9966666666666666,1.0
NP_001243643.1,13,1.0,0.9545454545454545,1.0
NP_001243805.1,40,0.5128205128205128,0.5897435897435898,0.5897435897435898
NP_001244074.1,23,0.6190476190476191,0.8571428571428572,0.8571428571428572
NP_001244159.1,46,0.4642857142857143,0.5476190476190477,0.9761904761904763
NP_001244941.2,15,0.9444444444444445,0.925925925925926,0.8518518518518519
NP_001255.4,22,0.6666666666666667,0.33333333333333337,0.5238095238095238
NP_001258750.1,11,1.0,1.0,0.8888888888888888
NP_001258928.1,10,1.0,1.0,1.0
NP_001262.3,115,0.9360730593607306,0.9686888454011742,0.9615133724722765
NP_001264.2,49,0.9713261648745519,0.996415770609319,0.9659498207885304
NP_001265067.1,99,0.46625514403292184,0.7012345679012345,0.8975308641975308
NP_001265273.1,41,0.6578947368421053,0.6929824561403508,0.7280701754385965
NP_001265868.1,25,0.696969696969697,0.7121212121212122,0.8787878787878788
NP_001269154.1,21,0.9000000000000001,0.9875,0.875
NP_001269210.1,18,0.9692307692307692,0.9692307692307692,0.9692307692307692
NP_001269862.1,22,0.8095238095238095,1.0,1.0
NP_001273003.2,48,0.8226086956521739,0.9026086956521739,0.9217391304347826
NP_001274420.1,11,0.7857142857142857,0.9642857142857143,0.8571428571428572
NP_001275676.1,17,0.5576923076923077,0.5961538461538461,0.8846153846153846
NP_001275880.1,22,0.9122807017543859,1.0,1.0
NP_001275929.1,18,0.8444444444444446,0.9555555555555556,0.9777777777777777
NP_001278.1,44,0.9455337690631808,0.9629629629629628,0.9629629629629629
NP_001278585.2,18,1.0,1.0,0.96875
NP_001278650.1,41,0.868131868131868,0.956043956043956,0.8351648351648352
NP_001278933.1,23,0.8333333333333334,0.9444444444444445,1.0
NP_001288.3,40,0.924731182795699,0.924731182795699,0.978494623655914
NP_001289.1,85,0.949771689497717,0.9714611872146119,0.9908675799086758
NP_001290039.1,31,0.9571428571428571,1.0,1.0
NP_001290185.1,34,0.8278388278388278,0.9340659340659341,0.9743589743589742
NP_001290425.1,33,0.36500000000000005,0.74,0.7799999999999999
NP_001291646.4,174,0.9837467921300257,0.998289136013687,0.9751924721984602
NP_001293061.2,70,0.9753466872110941,0.987673343605547,0.9537750385208013
NP_001304019.1,11,0.9583333333333334,1.0,1.0
NP_001305781.1,14,0.9777777777777777,0.9777777777777777,1.0
NP_001307679.1,17,1.0,1.0,0.9523809523809524
NP_001307852.1,10,0.875,1.0,1.0
NP_001308031.1,12,0.9090909090909091,1.0,0.7272727272727273
NP_001308943.1,53,0.8711538461538462,0.8980769230769231,0.9711538461538461
NP_001308971.2,30,0.9807692307692308,1.0,1.0
NP_001309774.1,18,0.9411764705882353,1.0,0.9411764705882353
NP_001317619.1,11,0.75,0.75,0.7916666666666666
NP_001317964.1,18,0.78125,0.625,0.78125
NP_001323.1,16,1.0,0.8666666666666667,1.0
NP_001336584.1,13,0.5454545454545454,0.7272727272727273,0.9545454545454545
NP_001340274.1,37,0.9074074074074074,0.9925925925925926,0.9851851851851852
NP_001341530.2,25,0.9090909090909092,0.9696969696969697,0.9848484848484849
NP_001349700.1,25,1.0,1.0,1.0
NP_001351.2,86,0.8475609756097561,0.9786585365853658,1.0
NP_001352465.1,47,0.8275862068965517,0.9003831417624522,0.8831417624521073
NP_001354752.1,21,0.9,0.9,1.0
NP_001355738.1,10,1.0,1.0,1.0
NP_001355847.1,47,0.696969696969697,0.9772727272727273,0.9924242424242424
NP_001356355.1,17,1.0,1.0,1.0
NP_001357188.2,98,0.8222222222222222,0.9791666666666666,0.9875
NP_001357587.1,56,0.9058823529411764,0.9607843137254901,0.9882352941176471
NP_001358995.1,27,1.0,1.0,0.96
NP_001365406.2,10,1.0,1.0,1.0
NP_001365421.1,14,0.8787878787878788,0.8484848484848485,0.9696969696969697
NP_001366127.1,177,0.7430232558139535,0.8872093023255815,0.9674418604651163
NP_001366380.1,11,0.6111111111111112,0.5555555555555556,0.8888888888888888
NP_001366429.1,42,0.7804878048780488,0.9512195121951219,0.7804878048780488
NP_001369746.2,16,0.6,0.6666666666666667,0.7333333333333334
NP_001373.2,14,0.8461538461538461,0.9230769230769231,1.0
NP_001374.4,11,1.0,1.0,1.0
NP_001380.2,10,0.7777777777777778,0.8888888888888888,0.8888888888888888
NP_001387.2,94,0.9559523809523809,0.9571428571428572,0.9904761904761905
NP_001390.1,101,0.788235294117647,0.8889705882352942,0.9522058823529411
NP_001421.2,51,0.8673469387755103,0.9489795918367347,0.8979591836734694
NP_001440.2,14,1.0,1.0,1.0
NP_001442.2,14,0.8958333333333334,0.9583333333333334,0.9791666666666667
NP_001444.2,25,0.9841269841269842,1.0,1.0
NP_001457.1,12,0.8148148148148149,0.8888888888888888,0.9259259259259258
NP_001469.1,10,0.47619047619047616,0.9047619047619048,1.0
NP_001510.2,12,1.0,1.0,1.0
NP_001529.2,12,0.9500000000000001,1.0,0.9
NP_001531.1,21,0.8148148148148149,0.8148148148148149,0.7592592592592593
NP_001547.1,19,0.8888888888888888,0.9444444444444444,0.7777777777777778
NP_001548.1,10,0.7777777777777778,0.8888888888888888,1.0
NP_001549.2,18,0.6607142857142856,0.8928571428571428,0.9821428571428572
NP_001554.2,19,0.7777777777777778,0.7222222222222222,0.8333333333333334
NP_001596.2,23,0.976923076923077,0.9538461538461538,0.9461538461538462
NP_001605.1,44,0.5119047619047619,0.7619047619047619,0.8928571428571428
NP_001616.1,11,0.7499999999999999,0.9642857142857143,1.0
NP_001672.1,21,0.8529411764705882,0.9411764705882353,1.0
NP_001681.2,11,0.8888888888888888,0.7222222222222222,0.9444444444444444
NP_001684.2,11,0.9666666666666667,0.9333333333333333,1.0
NP_001745.2,41,0.9976190476190476,1.0,0.9976190476190476
NP_001783.2,17,0.9666666666666667,0.9333333333333333,0.7333333333333334
NP_001784.2,11,1.0,0.9444444444444444,0.9444444444444444
NP_001821.2,33,0.8455882352941176,0.9007352941176471,0.9338235294117647
NP_001835.3,402,0.9622366545224141,0.9757009345794393,0.9761761444638049
NP_001837.2,89,0.9954954954954955,0.9882882882882883,0.9711711711711712
NP_001839.2,134,0.9055555555555557,0.9005050505050505,0.9393939393939396
NP_001840.3,122,0.8600217864923746,0.9651416122004357,0.9926470588235293
NP_001843.1,20,0.9473684210526316,0.9473684210526316,1.0
NP_001845.3,154,0.9162581699346405,0.9640522875816994,0.9714052287581699
NP_001859.1,14,1.0,1.0,1.0
NP_001866.2,61,0.9285714285714286,0.9296536796536797,0.9502164502164503
NP_001867.2,28,0.8663101604278075,0.946524064171123,1.0
NP_001895.1,13,0.8571428571428572,0.9523809523809524,0.9047619047619048
NP_001909.4,29,0.9471153846153846,0.9807692307692308,0.9951923076923077
NP_001918.3,31,0.9310344827586207,0.9482758620689655,0.9655172413793104
NP_001922.2,17,0.9615384615384616,1.0,1.0
NP_001934.2,35,0.8600000000000001,0.8800000000000001,0.9533333333333334
NP_001944.1,31,0.9095238095238094,0.9190476190476191,0.9904761904761905
NP_001949.1,36,0.4581818181818182,0.6145454545454545,0.7236363636363636
NP_001963.1,55,0.9644444444444444,0.9666666666666666,0.9088888888888889
NP_002011.2,28,0.7555555555555555,0.9833333333333334,1.0
NP_002015.1,11,0.7142857142857143,0.9642857142857143,1.0
NP_002016.2,18,0.5625,0.6875,0.625
NP_002038.2,32,0.8658008658008658,0.9004329004329004,0.922077922077922
NP_002040.1,26,0.8421052631578947,0.8571428571428572,0.9323308270676691
NP_002043.2,16,0.8909090909090909,0.8181818181818182,1.0
NP_002046.1,51,0.9727272727272727,0.9136363636363636,0.8568181818181819
NP_002060.4,11,1.0,1.0,1.0
NP_002065.1,33,0.665,0.895,0.88
NP_002071.2,12,0.7407407407407407,0.9259259259259258,1.0
NP_002100.2,15,0.8888888888888888,1.0,0.9722222222222222
NP_002131.2,13,0.9166666666666666,0.9166666666666666,1.0
NP_002151.2,57,0.125,0.125,0.4285714285714286
NP_002171.2,45,0.9444444444444444,0.9126984126984127,0.9464285714285714
NP_002172.2,10,0.7142857142857144,0.7142857142857144,0.7142857142857144
NP_002176.2,20,0.48958333333333337,0.7708333333333333,1.0
NP_002195.1,15,0.8611111111111112,0.8611111111111112,0.8888888888888888
NP_002212.3,12,0.7037037037037037,0.5555555555555556,0.40740740740740744
NP_002238.2,13,0.9666666666666668,0.9333333333333333,0.9666666666666668
NP_002244.1,13,0.9166666666666666,0.9166666666666666,0.5833333333333333
NP_002283.3,28,0.9423076923076923,0.9615384615384616,1.0
NP_002287.2,12,0.9714285714285715,1.0,1.0
NP_002290.2,14,1.0,1.0,1.0
NP_002294.2,11,0.6111111111111112,0.6666666666666667,0.7222222222222222
NP_002307.2,28,0.8695652173913044,0.9652173913043478,1.0
NP_002325.2,15,0.9230769230769231,1.0,1.0
NP_002326.2,67,0.8574468085106383,0.9180851063829788,0.9595744680851065
NP_002327.2,19,0.9705882352941176,0.9705882352941176,0.9705882352941176
NP_002372.1,20,0.84375,0.75,0.984375
NP_002388.2,37,0.7911764705882354,0.8558823529411765,0.9088235294117646
NP_002411.3,37,0.8172043010752688,0.8387096774193548,0.9086021505376345
NP_002418.1,10,0.9166666666666666,1.0,1.0
NP_002426.1,12,0.875,1.0,0.84375
NP_002428.1,13,0.75,0.9166666666666666,0.9166666666666666
NP_002430.3,21,0.050000000000000044,0.050000000000000044,0.30000000000000004
NP_002435.1,13,0.45454545454545453,0.5,0.9090909090909091
NP_002445.2,20,0.9019607843137254,0.9411764705882353,1.0
NP_002456.2,18,0.888888888888889,0.875,0.8888888888888888
NP_002461.2,49,0.9132653061224489,0.935374149659864,0.943877551020408
NP_002462.2,30,0.8365384615384616,0.7884615384615384,0.8365384615384616
NP_002463.2,23,0.31818181818181823,0.7272727272727273,1.0
NP_002464.1,71,0.846031746031746,0.8841269841269842,0.9182539682539682
NP_002476.2,19,0.5,0.7058823529411764,0.7941176470588236
NP_002492.2,27,0.8695652173913043,0.8260869565217391,0.8369565217391305
NP_002520.2,48,0.8539130434782609,0.9739130434782608,0.9478260869565216
NP_002538.1,20,0.8333333333333335,0.8809523809523809,0.880952380952381
NP_002576.1,14,1.0,1.0,1.0
NP_002600.1,90,0.9735327963176065,0.9850402761795167,0.9930955120828538
NP_002612.1,10,0.8888888888888888,1.0,1.0
NP_002624.2,10,1.0,0.9600000000000001,0.9600000000000001
NP_002632.1,32,0.8293650793650794,0.8571428571428571,0.9087301587301588
NP_002652.2,42,0.7999999999999999,0.7625,0.8875
NP_002653.1,23,0.8333333333333334,0.9833333333333333,1.0
NP_002682.2,18,0.8,0.888888888888889,1.0
NP_002684.1,101,0.9320728291316527,0.9628851540616246,0.9509803921568627
NP_002706.1,16,1.0,1.0,0.8717948717948718
NP_002730.1,22,0.8888888888888888,0.9722222222222222,0.9583333333333333
NP_002733.2,13,0.9545454545454545,1.0,0.8181818181818181
NP_002746.1,32,0.8,0.9833333333333334,1.0
NP_002755.1,18,1.0,1.0,1.0
NP_002760.1,22,0.6923076923076923,0.7350427350427351,0.7692307692307692
NP_002766.1,18,0.9384615384615385,0.9384615384615385,0.9846153846153847
NP_002769.1,13,0.9047619047619049,1.0,0.9761904761904763
NP_002825.3,118,0.928409090909091,0.9477272727272728,0.9761363636363637
NP_002829.3,12,0.4545454545454546,0.9090909090909091,1.0
NP_002851.2,25,0.75,0.8455882352941176,0.8602941176470589
NP_002854.3,23,0.8484848484848484,0.9242424242424243,0.946969696969697
NP_002871.1,59,0.9411764705882353,0.9761904761904762,0.938375350140056
NP_002878.2,11,0.8571428571428571,0.8214285714285714,0.8214285714285714
NP_002891.1,12,0.4444444444444445,0.5925925925925926,0.7777777777777778
NP_002896.2,15,0.9259259259259259,1.0,1.0
NP_002932.1,22,1.0,1.0,1.0
NP_002959.2,35,0.5882352941176471,0.5,0.7941176470588236
NP_002963.2,12,0.4545454545454546,0.18181818181818177,0.2727272727272727
NP_002991.2,72,0.9393939393939394,0.994949494949495,0.98989898989899
NP_002992.1,10,1.0,1.0,1.0
NP_002993.1,30,0.9134615384615384,0.9230769230769231,0.9903846153846154
NP_003009.2,13,0.3333333333333333,0.2222222222222222,0.9722222222222222
NP_003014.3,24,0.008403361344537816,0.1092436974789916,0.7226890756302521
NP_003026.2,11,0.6666666666666667,0.8333333333333334,1.0
NP_003027.1,41,0.36602870813397126,0.916267942583732,0.9952153110047848
NP_003033.3,113,0.9252837326607817,0.9205548549810846,0.901639344262295
NP_003043.3,11,0.9444444444444444,1.0,1.0
NP_003046.2,10,1.0,1.0,1.0
NP_003051.1,83,0.8685300207039337,0.9937888198757765,0.9958592132505176
NP_003061.3,134,0.9600269481248597,0.9743992813833371,0.9831574219627218
NP_003066.2,10,1.0,1.0,1.0
NP_003070.3,10,1.0,1.0,1.0
NP_003097.1,14,0.9777777777777779,1.0,1.0
NP_003099.1,39,0.9324324324324325,0.972972972972973,0.972972972972973
NP_003110.1,32,0.959090909090909,0.990909090909091,0.9772727272727273
NP_003147.2,16,1.0,1.0,0.9841269841269841
NP_003150.1,170,0.9637458006718925,0.9913213885778276,0.9847424412094066
NP_003156.1,124,0.8710801393728224,0.8928571428571429,0.9126016260162602
NP_003163.1,14,0.8333333333333333,0.8333333333333333,0.9583333333333333
NP_003165.2,15,0.7857142857142857,0.8571428571428572,1.0
NP_003184.1,14,1.0,1.0,0.9393939393939393
NP_003218.2,13,0.8611111111111112,0.9166666666666667,0.8888888888888888
NP_003229.1,17,1.0,0.9807692307692308,0.8846153846153846
NP_003233.4,74,0.8750000000000001,0.9387254901960785,0.9803921568627452
NP_003276.3,11,0.8571428571428572,1.0,1.0
NP_003280.2,14,0.6153846153846154,0.3076923076923077,0.6923076923076923
NP_003313.3,28,0.8843537414965986,1.0,1.0
NP_003325.2,31,0.09999999999999998,0.23333333333333328,0.5
NP_003352.2,46,0.7064935064935065,0.9116883116883118,0.9896103896103896
NP_003383.4,10,0.8333333333333334,0.8333333333333334,0.8333333333333334
NP_003394.1,15,0.7142857142857143,1.0,1.0
NP_003404.1,10,1.0,1.0,1.0
NP_003457.1,10,0.875,1.0,1.0
NP_003468.2,12,0.8,1.0,0.9
NP_003482.1,22,0.9523809523809523,0.9523809523809523,1.0
NP_003485.1,125,0.7383933229003651,0.8630672926447575,0.9225352112676056
NP_003551.2,58,0.939622641509434,0.9735849056603774,1.0
NP_003570.2,44,0.83125,0.9187500000000001,0.9
NP_003579.3,11,0.7333333333333334,0.8,0.9333333333333333
NP_003602.1,49,0.8643410852713178,0.937984496124031,0.8875968992248062
NP_003611.1,15,0.5714285714285714,0.8571428571428572,0.7142857142857143
NP_003631.2,21,1.0,1.0,1.0
NP_003667.1,10,1.0,1.0,0.9166666666666667
NP_003671.1,13,0.825,1.0,0.95
NP_003679.2,37,0.6592592592592592,0.7148148148148148,0.662962962962963
NP_003709.3,74,0.8958333333333334,0.9483333333333334,0.9566666666666668
NP_003713.3,67,0.8461538461538463,0.9192307692307694,0.9666666666666667
NP_003733.2,73,0.9245852187028658,0.973604826546003,0.9864253393665159
NP_003782.1,15,1.0,1.0,1.0
NP_003792.1,14,0.7777777777777777,0.9333333333333333,1.0
NP_003826.2,12,0.9090909090909091,0.9090909090909091,1.0
NP_003830.1,13,0.7666666666666666,0.9333333333333333,0.9333333333333333
NP_003841.1,19,0.9777777777777779,0.9777777777777779,1.0
NP_003871.1,14,0.8888888888888888,0.8888888888888888,0.9111111111111112
NP_003886.3,26,0.76,0.96,0.96
NP_003891.1,19,0.7500000000000001,0.8833333333333333,0.9333333333333333
NP_003898.2,50,0.7840909090909092,0.9053030303030303,1.0
NP_003910.1,10,0.5,0.8125,1.0
NP_003914.1,14,0.8333333333333334,0.8333333333333334,0.8333333333333334
NP_003969.2,14,0.875,0.875,0.625
NP_003986.2,20,0.5277777777777778,0.7222222222222222,0.7777777777777778
NP_003989.2,19,0.9333333333333333,0.9833333333333334,1.0
NP_003990.1,13,1.0,1.0,0.9166666666666666
NP_003995.2,99,0.8804945054945055,0.9203296703296704,0.9697802197802198
NP_004010.1,12,0.5428571428571429,0.8857142857142857,1.0
NP_004035.2,13,0.9166666666666666,1.0,1.0
NP_004046.2,25,0.8636363636363635,0.8939393939393939,0.8181818181818181
NP_004073.2,30,0.8322981366459627,0.9006211180124224,0.9068322981366459
NP_004077.1,15,0.30357142857142855,0.6607142857142857,0.8571428571428572
NP_004083.3,33,0.9555555555555556,0.9666666666666668,0.9777777777777777
NP_004144.2,16,0.9090909090909092,0.9090909090909092,0.9272727272727272
NP_004159.2,13,0.880952380952381,0.9523809523809524,0.9047619047619049
NP_004162.2,49,0.7551020408163265,0.7482993197278911,0.7891156462585034
NP_004165.2,13,1.0,0.9545454545454545,1.0
NP_004167.3,10,0.8125,0.6875,1.0
NP_004174.1,170,0.9903593339176161,0.9903593339176161,0.9702015775635406
NP_004178.2,65,0.9333333333333333,0.9685714285714285,0.940952380952381
NP_004179.3,11,0.7916666666666666,1.0,1.0
NP_004195.2,18,0.7647058823529411,0.9411764705882353,1.0
NP_004199.1,27,0.8516483516483516,0.9505494505494506,0.9615384615384615
NP_004202.4,35,0.9795918367346939,0.9795918367346939,0.9897959183673469
NP_004209.2,10,0.9375,1.0,1.0
NP_004229.1,14,0.9500000000000001,0.9750000000000001,0.9500000000000001
NP_004230.2,31,0.5517241379310345,0.8793103448275863,0.6206896551724138
NP_004238.3,27,0.9888888888888889,0.9944444444444445,0.9833333333333334
NP_004251.4,49,0.7093023255813954,0.8062015503875969,0.7829457364341086
NP_004264.2,15,0.888888888888889,0.9814814814814815,1.0
NP_004272.2,21,0.9777777777777779,1.0,1.0
NP_004290.2,22,0.8588235294117648,0.9176470588235294,0.823529411764706
NP_004295.2,39,0.7428571428571429,0.7357142857142858,0.9214285714285714
NP_004312.2,171,0.6455129997204362,0.8969807100922561,0.9467430807939614
NP_004319.1,21,0.8235294117647058,1.0,1.0
NP_004320.2,16,1.0,1.0,1.0
NP_004324.2,98,0.9227272727272727,0.9625,0.9579545454545454
NP_004332.2,11,0.875,0.875,0.9166666666666666
NP_004351.1,55,0.5743801652892562,0.5867768595041323,0.7148760330578512
NP_004357.3,24,0.9125000000000001,0.95,1.0
NP_004362.2,74,0.9191176470588235,0.9632352941176471,0.9509803921568628
NP_004378.1,15,0.9259259259259259,1.0,0.9814814814814815
NP_004399.2,77,0.8054421768707483,0.8598639455782313,0.8993197278911564
NP_004416.2,10,0.5,0.8125,0.9375
NP_004420.1,14,1.0,1.0,1.0
NP_004422.2,23,0.9090909090909091,1.0,1.0
NP_004435.3,76,0.85727969348659,0.9798850574712644,0.9779693486590039
NP_004437.2,20,1.0,0.9722222222222222,0.8888888888888888
NP_004439.2,20,0.7894736842105263,0.7894736842105263,1.0
NP_004444.2,81,0.9368421052631579,0.9236842105263158,0.8736842105263158
NP_004447.2,39,0.9171122994652406,0.946524064171123,0.9839572192513368
NP_004454.2,21,0.861111111111111,0.9537037037037037,1.0
NP_004475.1,63,0.32258064516129037,0.6774193548387097,0.4838709677419355
NP_004484.1,14,0.8,0.9,0.875
NP_004510.1,41,0.943627450980392,0.9705882352941176,0.9828431372549019
NP_004513.1,12,0.96875,1.0,1.0
NP_004514.2,38,1.0,0.948529411764706,0.8823529411764707
NP_004517.2,15,1.0,1.0,0.9285714285714286
NP_004551.2,32,0.8571428571428571,0.7599999999999999,0.8057142857142857
NP_004553.2,26,0.7633136094674556,0.9289940828402368,0.8994082840236686
NP_004563.2,27,0.7642857142857143,0.9428571428571428,0.85
NP_004571.2,11,1.0,1.0,1.0
NP_004577.1,31,0.9782608695652174,0.9945652173913043,0.9945652173913043
NP_004586.2,15,0.8846153846153846,0.9615384615384616,0.9230769230769231
NP_004603.1,45,0.8984962406015038,1.0,1.0
NP_004605.4,25,0.9285714285714286,0.9523809523809523,0.9642857142857143
NP_004612.2,13,0.625,0.95,0.85
NP_004619.3,17,0.75,0.75,1.0
NP_004620.1,11,0.7857142857142857,0.8571428571428571,1.0
NP_004637.1,82,0.8018237082066869,0.8887537993920973,0.950759878419453
NP_004647.1,13,0.9047619047619048,0.9523809523809524,1.0
NP_004689.1,10,1.0,0.9583333333333334,1.0
NP_004691.2,25,0.8466666666666667,0.8733333333333333,0.9533333333333334
NP_004743.1,18,0.7230769230769232,0.6,0.6923076923076923
NP_004784.2,66,0.671875,0.703125,0.859375
NP_004786.2,15,1.0,0.9285714285714286,1.0
NP_004808.2,20,1.0,1.0,0.96
NP_004811.1,13,0.8636363636363636,1.0,1.0
NP_004817.2,17,0.7424242424242424,0.8787878787878788,0.9696969696969696
NP_004827.4,12,0.9090909090909091,1.0,1.0
NP_004846.4,11,1.0,1.0,1.0
NP_004853.2,12,0.9428571428571428,0.9714285714285715,0.9714285714285715
NP_004854.1,14,0.9375,0.875,0.9166666666666667
NP_004886.3,48,0.8174603174603176,0.8253968253968254,0.8809523809523809
NP_004915.2,16,0.6666666666666666,0.9166666666666667,0.9166666666666667
NP_004919.1,17,0.9807692307692308,1.0,1.0
NP_004928.2,31,0.9914529914529915,0.9871794871794872,0.982905982905983
NP_004936.2,42,0.7427884615384616,0.84375,0.7548076923076923
NP_004937.1,23,0.9545454545454546,1.0,1.0
NP_004950.2,25,0.9090909090909092,0.9393939393939394,1.0
NP_004951.1,21,0.37037037037037035,0.8148148148148149,0.9074074074074074
NP_004954.2,12,0.85,0.75,0.75
NP_004963.1,14,0.9583333333333333,1.0,0.9583333333333333
NP_004964.2,16,0.0,0.33333333333333337,0.8
NP_004965.1,42,0.9501466275659824,1.0,1.0
NP_004966.1,156,0.9577105978260869,0.9859035326086957,0.98046875
NP_004968.2,18,0.8928571428571428,0.8214285714285714,0.9107142857142857
NP_004971.2,20,1.0,1.0,1.0
NP_004975.2,78,0.8438634713144517,0.8656499636891792,0.9092229484386347
NP_004985.2,10,0.7777777777777778,1.0,1.0
NP_004990.3,16,0.8,0.7166666666666667,0.8
NP_004997.4,13,0.9166666666666666,1.0,1.0
NP_005008.2,21,1.0,1.0,0.9489795918367346
NP_005016.1,18,0.875,0.96875,1.0
NP_005017.3,15,0.8600000000000001,0.8200000000000001,0.8600000000000001
NP_005018.2,43,0.9242424242424242,0.9333333333333333,0.9333333333333333
NP_005041.1,20,1.0,1.0,0.9722222222222222
NP_005046.2,17,0.8269230769230769,0.9038461538461539,0.7115384615384616
NP_005059.2,10,0.33333333333333337,0.11111111111111116,0.33333333333333337
NP_005076.3,16,0.7333333333333334,0.8666666666666667,1.0
NP_005085.2,12,1.0,1.0,1.0
NP_005111.2,97,0.8394444444444444,0.9177777777777777,0.9788888888888889
NP_005112.2,30,0.6923076923076923,0.8846153846153846,0.7788461538461537
NP_005135.2,34,0.96875,1.0,1.0
NP_005174.2,41,0.8555555555555556,0.9833333333333333,1.0
NP_005179.2,28,0.8923076923076924,0.958974358974359,0.9897435897435898
NP_005202.2,91,0.9884848484848485,0.9915151515151515,0.9915151515151515
NP_005206.2,16,0.8666666666666667,1.0,1.0
NP_005219.2,19,0.7051282051282051,0.7435897435897436,0.9230769230769231
NP_005226.1,11,0.4583333333333333,0.6666666666666667,0.8333333333333333
NP_005227.1,13,0.9285714285714286,0.9523809523809524,0.9285714285714286
NP_005240.3,126,0.9151234567901234,0.970679012345679,0.9526748971193415
NP_005242.1,10,0.875,0.875,1.0
NP_005254.2,10,1.0,1.0,1.0
NP_005258.2,38,0.9038461538461539,0.9358974358974359,0.9423076923076923
NP_005262.1,19,0.6153846153846154,0.717948717948718,0.8461538461538463
NP_005325.2,33,0.7357142857142859,0.9857142857142858,0.8357142857142857
NP_005328.2,11,0.6428571428571428,0.7499999999999999,0.5714285714285714
NP_005334.1,31,0.8666666666666667,1.0,1.0
NP_005350.1,26,0.8666666666666667,0.9047619047619049,0.9523809523809524
NP_005351.2,20,0.9230769230769231,0.9780219780219781,0.9780219780219781
NP_005364.1,27,0.8571428571428572,0.9142857142857143,0.9214285714285715
NP_005369.2,12,0.8285714285714285,0.942857142857143,0.9142857142857144
NP_005404.1,10,1.0,1.0,1.0
NP_005413.2,32,0.8681818181818182,0.9545454545454545,0.9045454545454545
NP_005436.1,35,0.8800000000000001,0.96,0.9533333333333334
NP_005439.2,11,0.8214285714285714,0.4285714285714286,0.4642857142857143
NP_005449.5,82,0.7888513513513513,0.8547297297297297,0.8445945945945945
NP_005452.2,13,0.7999999999999999,0.9666666666666668,1.0
NP_005468.1,32,0.9727272727272728,0.9954545454545455,1.0
NP_005493.2,67,0.8571428571428572,0.9484126984126984,0.9603174603174603
NP_005509.1,12,0.9090909090909091,0.9090909090909091,0.8181818181818182
NP_005526.1,25,0.9047619047619047,0.9404761904761905,0.9285714285714286
NP_005545.1,25,0.8589743589743589,0.9615384615384616,1.0
NP_005546.2,25,0.8181818181818181,0.9545454545454546,0.9696969696969697
NP_005548.2,26,0.84375,0.9625,0.95625
NP_005553.2,24,1.0,1.0,1.0
NP_005563.1,158,0.21656050955414013,0.35668789808917195,0.6624203821656051
NP_005564.1,12,0.9,1.0,1.0
NP_005576.3,17,0.9230769230769231,1.0,0.9807692307692308
NP_005582.1,18,0.96875,1.0,1.0
NP_005583.1,19,0.8333333333333334,1.0,0.9375
NP_005594.2,20,0.8958333333333334,0.9166666666666666,0.9166666666666666
NP_005600.1,26,0.8095238095238095,0.8285714285714287,0.9238095238095237
NP_005609.3,19,1.0,1.0,1.0
NP_005620.1,57,0.9202279202279202,0.9743589743589745,0.9857549857549858
NP_005621.2,20,0.9761904761904763,1.0,1.0
NP_005622.1,10,1.0,1.0,1.0
NP_005624.2,84,0.8979591836734694,0.9183673469387754,0.9049562682215744
NP_005641.1,66,0.6878306878306878,0.9735449735449736,0.9153439153439153
NP_005645.1,44,0.9641025641025641,1.0,0.9897435897435898
NP_005661.1,12,0.7,0.8,0.95
NP_005667.2,10,0.8571428571428572,1.0,1.0
NP_005668.2,15,0.5599999999999999,0.7400000000000001,0.86
NP_005673.3,28,0.703125,0.7916666666666666,0.9010416666666666
NP_005678.3,11,0.7666666666666666,0.7666666666666666,0.8666666666666667
NP_005680.1,12,0.7272727272727273,1.0,1.0
NP_005682.2,25,1.0,1.0,1.0
NP_005723.2,12,1.0,1.0,1.0
NP_005778.1,12,0.9,1.0,1.0
NP_005850.1,46,0.93993993993994,0.933933933933934,0.951951951951952
NP_005852.2,12,1.0,1.0,1.0
NP_005853.2,26,0.64375,0.85,0.83125
NP_005887.2,10,0.875,1.0,0.9166666666666667
NP_005893.1,25,0.9130434782608696,1.0,1.0
NP_005899.3,10,1.0,1.0,1.0
NP_005901.2,18,0.9583333333333334,0.9861111111111112,0.9722222222222223
NP_005903.2,21,0.9814814814814815,0.9814814814814815,0.9814814814814815
NP_005912.1,28,0.8695652173913044,0.8782608695652174,0.9304347826086956
NP_005923.3,17,0.9761904761904763,1.0,0.9523809523809524
NP_005947.3,12,0.7777777777777778,1.0,0.9629629629629629
NP_005948.3,37,0.8592592592592592,0.9444444444444444,0.8296296296296296
NP_005973.1,12,1.0,1.0,1.0
NP_005984.3,27,0.9473684210526316,0.9605263157894737,0.9342105263157895
NP_005987.3,15,1.0,1.0,1.0
NP_005996.2,83,0.666060606060606,0.8824242424242424,0.9551515151515151
NP_006000.2,150,0.87248322147651,0.9395973154362416,0.9194630872483222
NP_006006.3,129,0.877877877877878,0.9444444444444444,0.9474474474474475
NP_006008.1,11,0.7142857142857142,0.8571428571428571,0.7857142857142857
NP_006010.2,18,0.9111111111111111,1.0,0.9333333333333333
NP_006021.2,10,1.0,1.0,1.0
NP_006026.3,20,0.8484848484848485,0.9898989898989898,0.9797979797979797
NP_006027.2,16,0.9333333333333333,1.0,0.6
NP_006028.2,28,0.9807692307692308,0.9807692307692308,0.9615384615384616
NP_006054.2,11,1.0,1.0,0.9
NP_006077.2,40,0.7477477477477478,0.8288288288288288,0.7027027027027027
NP_006078.2,38,0.6484848484848484,0.6242424242424243,0.7575757575757576
NP_006112.3,29,0.985576923076923,0.9423076923076924,0.9278846153846154
NP_006114.1,88,0.9258620689655173,0.935632183908046,0.9614942528735632
NP_006138.1,31,0.9047619047619048,1.0,1.0
NP_006149.2,18,0.7230769230769231,0.8923076923076922,0.9538461538461539
NP_006155.2,22,1.0,1.0,1.0
NP_006171.2,11,0.875,0.9166666666666666,0.9166666666666666
NP_006183.2,12,1.0,1.0,1.0
NP_006195.3,14,0.7959183673469388,0.8367346938775511,0.7551020408163265
NP_006197.1,16,1.0,1.0,1.0
NP_006199.2,15,1.0,0.9642857142857143,0.9821428571428572
NP_006205.1,10,1.0,1.0,1.0
NP_006209.2,53,0.8416666666666666,0.7791666666666667,0.925
NP_006222.2,34,0.7741935483870968,0.9139784946236559,0.9247311827956989
NP_006236.1,20,0.7976190476190477,0.8333333333333334,0.8809523809523809
NP_006252.4,11,0.9642857142857143,0.8928571428571429,1.0
NP_006256.1,13,0.9761904761904763,1.0,1.0
NP_006259.1,14,0.875,1.0,0.9791666666666667
NP_006260.1,34,0.724867724867725,0.8783068783068784,0.9470899470899472
NP_006281.1,26,0.88,1.0,1.0
NP_006286.1,15,1.0,0.9814814814814815,0.7962962962962963
NP_006293.2,15,0.9285714285714286,1.0,0.9285714285714286
NP_006297.2,79,0.8880455407969639,0.9648956356736244,0.9421252371916509
NP_006334.2,29,0.8484848484848486,0.9949494949494949,0.9747474747474747
NP_006350.1,18,0.9722222222222222,1.0,1.0
NP_006354.2,14,0.7555555555555556,0.9333333333333333,1.0
NP_006388.2,10,0.6,0.72,0.92
NP_006406.1,16,0.95,0.9333333333333333,0.9166666666666667
NP_006485.2,14,1.0,1.0,1.0
NP_006507.2,88,0.846875,0.946875,0.9640625
NP_006508.2,39,0.9473684210526316,0.9394736842105262,0.9526315789473684
NP_006512.2,14,0.95,1.0,1.0
NP_006554.1,10,1.0,1.0,1.0
NP_006556.1,30,0.9305555555555556,0.9722222222222222,1.0
NP_006558.1,26,0.869281045751634,0.9934640522875816,0.9607843137254902
NP_006570.1,32,0.8229166666666667,0.8802083333333334,0.90625
NP_006584.1,18,0.8611111111111112,1.0,1.0
NP_006603.2,18,0.8769230769230769,0.8923076923076922,1.0
NP_006615.2,19,0.5795454545454546,0.7613636363636364,0.8636363636363636
NP_006693.3,23,0.8928571428571428,0.8928571428571428,0.9107142857142857
NP_006740.1,17,0.9583333333333334,0.861111111111111,0.9166666666666666
NP_006757.2,183,0.5842696629213483,0.8955056179775281,0.9325842696629214
NP_006758.2,26,0.6095238095238096,0.9238095238095239,0.9904761904761905
NP_006763.2,126,0.883869179600887,0.9104767184035477,0.9190687361419069
NP_006774.2,10,0.9583333333333334,1.0,1.0
NP_006787.2,28,0.9545454545454546,0.8636363636363638,0.8636363636363636
NP_006843.2,19,0.7916666666666667,0.8541666666666667,0.9583333333333334
NP_006874.1,10,1.0,1.0,1.0
NP_008822.2,10,0.7916666666666667,0.75,0.75
NP_008823.1,12,1.0,1.0,1.0
NP_008825.4,17,0.7878787878787878,0.9242424242424243,0.9848484848484849
NP_008846.2,28,1.0,1.0,1.0
NP_008853.3,56,0.8591749644381224,0.9573257467994309,0.9274537695590327
NP_008860.4,14,0.7692307692307692,0.8461538461538461,1.0
NP_008870.2,75,0.8970588235294118,0.8613445378151261,0.8739495798319328
NP_008871.3,23,0.48039215686274517,0.8333333333333334,0.9117647058823529
NP_008872.1,32,0.8055555555555556,0.9880952380952381,0.9880952380952381
NP_008880.2,15,0.875,0.9107142857142857,1.0
NP_008919.3,10,0.6666666666666667,0.7777777777777778,0.6666666666666667
NP_008986.2,23,0.7410714285714286,0.8214285714285714,0.9821428571428572
NP_009006.2,42,0.8571428571428572,0.8801020408163266,0.9081632653061225
NP_009009.1,60,0.9661016949152542,0.728813559322034,0.47457627118644063
NP_009029.3,19,0.8888888888888888,0.9444444444444444,0.2777777777777778
NP_009034.2,22,0.631578947368421,0.8070175438596492,1.0
NP_009051.1,15,1.0,1.0,1.0
NP_009057.1,26,1.0,1.0,1.0
NP_009075.1,16,0.8461538461538461,0.8717948717948718,0.8717948717948718
NP_009125.1,10,0.8125,1.0,1.0
NP_009203.2,10,1.0,1.0,1.0
NP_009220.2,14,0.7916666666666666,1.0,1.0
NP_009225.1,456,0.8802155470914127,0.9285405124653738,0.9190616343490304
NP_009297.2,105,0.9262640449438202,0.9297752808988764,0.9501404494382022
NP_009330.1,39,0.8947368421052632,0.868421052631579,0.5526315789473685
NP_015556.1,37,0.6714285714285714,0.8,0.9142857142857144
NP_015564.5,16,0.890909090909091,1.0,0.8363636363636364
NP_015566.1,96,0.7535501603298214,0.7796610169491526,0.8396701786532295
NP_031374.2,12,0.9,1.0,1.0
NP_031401.1,18,0.7647058823529411,0.9411764705882353,0.7647058823529411
NP_036192.2,25,1.0,1.0,1.0
NP_036214.2,26,0.0,0.4,0.6
NP_036234.3,69,0.8160377358490567,0.9233490566037736,0.8242924528301887
NP_036255.2,16,0.90625,0.859375,0.875
NP_036276.1,20,0.8214285714285714,0.9047619047619049,0.9285714285714286
NP_036288.2,14,0.3846153846153846,0.5384615384615384,0.5384615384615384
NP_036292.2,25,0.875,1.0,1.0
NP_036311.3,13,0.5,1.0,0.8333333333333334
NP_036318.1,14,0.9583333333333334,0.9166666666666667,0.9791666666666666
NP_036325.2,18,0.725,0.8625,0.9375
NP_036335.1,15,0.9285714285714286,0.9821428571428571,1.0
NP_036345.2,12,1.0,1.0,1.0
NP_036356.1,21,0.8088235294117647,0.8970588235294117,0.926470588235294
NP_036412.1,10,0.8095238095238095,0.7142857142857143,0.8571428571428571
NP_036413.1,15,0.9814814814814814,1.0,1.0
NP_036425.1,15,0.8571428571428572,1.0,1.0
NP_036450.1,15,0.5714285714285714,1.0,1.0
NP_036459.1,18,0.9090909090909091,0.9090909090909091,0.9090909090909091
NP_036462.2,93,0.5204545454545455,0.6840909090909092,0.6386363636363637
NP_036546.2,13,0.9,0.8333333333333333,0.9333333333333333
NP_036566.1,11,0.9444444444444444,0.9444444444444444,0.9444444444444444
NP_036611.2,11,0.9285714285714286,1.0,1.0
NP_037386.1,13,0.7272727272727273,0.5909090909090908,0.9545454545454545
NP_037466.3,21,0.8676470588235294,0.9852941176470589,0.9852941176470589
NP_037471.2,11,0.9583333333333334,0.9166666666666666,0.9583333333333334
NP_037514.2,11,0.8333333333333333,0.8666666666666667,0.9333333333333333
NP_038460.4,34,1.0,1.0,1.0
NP_038475.2,44,0.9302325581395349,0.7209302325581395,0.37209302325581395
NP_054701.1,12,0.25,0.35000000000000003,0.45
NP_054722.2,13,0.6666666666666667,0.5833333333333333,1.0
NP_054728.2,43,0.9072398190045249,0.8936651583710407,0.923076923076923
NP_054733.2,29,0.9263157894736843,0.9526315789473685,1.0
NP_054742.2,12,0.65625,0.875,0.875
NP_054768.2,34,0.7951388888888888,0.8888888888888888,0.9166666666666666
NP_054772.1,11,1.0,1.0,0.9583333333333334
NP_054799.4,40,0.803921568627451,0.838235294117647,0.9215686274509803
NP_054831.2,51,0.6700404858299596,0.9858299595141701,0.9757085020242915
NP_054858.2,55,0.86,0.916,0.948
NP_054859.2,28,1.0,1.0,0.984375
NP_055006.1,192,0.761039886039886,0.8782051282051282,0.8961894586894588
NP_055023.2,44,0.58125,0.7375,0.6625
NP_055040.2,27,0.7087912087912087,0.8736263736263737,0.9505494505494505
NP_055054.1,10,1.0,1.0,1.0
NP_055059.2,16,1.0,1.0,1.0
NP_055064.1,26,0.8472222222222222,0.7638888888888888,0.9166666666666667
NP_055066.1,14,0.95,0.95,0.8500000000000001
NP_055067.1,13,0.9666666666666668,1.0,1.0
NP_055085.1,18,0.8461538461538461,0.9384615384615385,0.9692307692307692
NP_055086.1,10,1.0,1.0,1.0
NP_055112.2,14,0.8333333333333333,0.9583333333333333,1.0
NP_055129.2,19,0.7647058823529411,0.9411764705882353,1.0
NP_055134.2,16,0.7857142857142857,0.6785714285714285,0.4642857142857143
NP_055151.3,15,0.8392857142857143,0.8571428571428571,0.9285714285714286
NP_055177.2,12,0.962962962962963,0.962962962962963,1.0
NP_055199.1,10,1.0,1.0,0.9583333333333334
NP_055238.1,22,0.2638888888888889,0.5277777777777778,0.986111111111111
NP_055282.1,10,0.7777777777777778,0.8888888888888888,1.0
NP_055306.1,12,0.6000000000000001,0.8,0.55
NP_055331.1,16,0.8571428571428571,1.0,1.0
NP_055400.1,29,0.9754901960784312,0.9852941176470589,0.9558823529411765
NP_055440.1,20,0.9375,0.96875,0.984375
NP_055448.1,18,0.725,0.9124999999999999,0.9875
NP_055454.1,22,1.0,1.0,1.0
NP_055484.3,11,0.5,0.9,1.0
NP_055496.2,15,0.8571428571428572,0.6428571428571428,1.0
NP_055509.2,12,1.0,1.0,1.0
NP_055527.1,24,0.8636363636363635,0.9545454545454546,0.9090909090909091
NP_055529.2,57,0.7611111111111111,0.825925925925926,0.8537037037037037
NP_055543.2,16,1.0,0.2666666666666667,0.8
NP_055569.1,15,0.5555555555555556,0.6111111111111112,0.5833333333333334
NP_055595.2,26,0.7954545454545455,0.8636363636363636,0.9090909090909091
NP_055610.1,129,0.8011538461538462,0.9892307692307692,0.9703846153846154
NP_055619.2,24,1.0,1.0,0.8260869565217391
NP_055637.2,17,1.0,1.0,0.9375
NP_055661.3,15,0.9259259259259259,1.0,0.9259259259259259
NP_055689.1,104,0.9183673469387756,0.9931972789115646,1.0
NP_055744.2,12,0.7272727272727273,1.0,1.0
NP_055761.2,153,0.9956794972505891,0.9901806755695208,0.9850746268656716
NP_055771.4,30,0.4107142857142857,0.9285714285714286,1.0
NP_055775.2,14,1.0,1.0,1.0
NP_055782.3,17,0.875,1.0,1.0
NP_055790.1,19,0.9761904761904762,1.0,1.0
NP_055800.2,19,0.4411764705882353,0.8235294117647058,0.9705882352941176
NP_055826.1,17,1.0,1.0,1.0
NP_055840.2,35,0.7066666666666667,0.8766666666666667,0.9133333333333333
NP_055844.2,16,0.8,1.0,0.6666666666666667
NP_055862.1,19,1.0,1.0,0.7708333333333334
NP_055887.3,20,1.0,1.0,0.9166666666666667
NP_055915.2,46,0.7567567567567568,0.7357357357357357,0.8858858858858859
NP_055917.1,26,1.0,1.0,0.6875
NP_055929.1,24,0.4347826086956522,0.8260869565217391,0.9565217391304348
NP_055940.3,39,0.4,0.8071428571428572,0.9714285714285714
NP_055981.1,27,0.14197530864197533,0.6790123456790125,0.9753086419753088
NP_056000.1,19,0.846153846153846,0.923076923076923,1.0
NP_056080.1,78,0.8236111111111111,0.9145833333333333,0.9270833333333334
NP_056082.2,19,0.7222222222222222,0.8888888888888888,1.0
NP_056087.2,21,0.5147058823529411,0.6470588235294117,0.8235294117647058
NP_056092.2,82,0.68125,0.85625,0.8375
NP_056093.3,15,0.9821428571428571,1.0,1.0
NP_056110.2,12,0.22222222222222224,0.5925925925925926,1.0
NP_056150.1,142,0.6061007957559682,0.7589522546419097,0.8826259946949602
NP_056155.1,24,0.9609375,0.9296875,0.875
NP_056201.2,13,0.75,0.8611111111111112,0.8333333333333334
NP_056240.2,22,0.9523809523809523,1.0,0.9523809523809523
NP_056265.2,13,0.9166666666666666,0.9166666666666666,0.5833333333333333
NP_056280.2,18,0.90625,0.9375,0.96875
NP_056303.3,18,0.6,0.5333333333333334,0.5333333333333333
NP_056321.2,29,0.2028985507246377,0.42028985507246375,0.9420289855072463
NP_056346.3,53,0.29411764705882354,0.9019607843137254,0.9019607843137254
NP_056372.1,14,1.0,1.0,1.0
NP_056374.2,212,0.8056923918992884,0.9967159277504105,0.9469074986316366
NP_056375.2,82,0.8756038647342995,0.9335748792270532,0.981280193236715
NP_056385.1,69,0.7499999999999999,0.8923076923076924,0.903846153846154
NP_056477.1,25,0.19047619047619047,0.35714285714285715,0.7857142857142857
NP_056508.2,14,0.7692307692307692,0.9230769230769231,0.9230769230769231
NP_056512.5,12,1.0,1.0,1.0
NP_056536.2,26,0.0,0.88,1.0
NP_056651.1,13,0.9047619047619049,1.0,0.9761904761904763
NP_056655.3,11,0.8571428571428572,1.0,1.0
NP_056953.2,13,1.0,1.0,1.0
NP_056968.1,14,0.8222222222222223,1.0,1.0
NP_056979.1,10,0.11111111111111116,0.11111111111111116,0.5555555555555556
NP_056980.2,12,0.40740740740740744,0.5185185185185185,0.8148148148148149
NP_056999.2,56,0.7037037037037037,0.7777777777777778,0.9537037037037037
NP_057006.1,25,1.0,0.988095238095238,0.9404761904761905
NP_057021.2,11,1.0,1.0,1.0
NP_057062.1,27,0.6304347826086957,0.782608695652174,0.8260869565217391
NP_057092.2,13,0.6818181818181818,0.8636363636363635,0.8181818181818181
NP_057097.2,11,1.0,1.0,0.9
NP_057116.2,11,0.8571428571428572,1.0,1.0
NP_057119.3,15,0.4107142857142857,0.7321428571428572,0.9821428571428572
NP_057126.2,10,0.7142857142857144,1.0,0.9523809523809524
NP_057195.2,28,0.7692307692307692,0.9615384615384616,0.9807692307692308
NP_057206.2,12,0.5,0.85,1.0
NP_057264.4,21,1.0,0.9666666666666667,0.9333333333333333
NP_057287.2,29,0.9855769230769231,1.0,1.0
NP_057288.1,15,0.8571428571428572,0.8571428571428572,0.9285714285714286
NP_057303.2,16,0.9583333333333333,1.0,1.0
NP_057425.3,20,1.0,1.0,1.0
NP_057457.1,24,0.8425925925925927,0.7962962962962963,0.75
NP_057616.2,10,0.9523809523809524,1.0,1.0
NP_057664.1,40,0.986842105263158,1.0,1.0
NP_057688.3,16,0.9743589743589745,1.0,1.0
NP_057732.2,11,1.0,1.0,1.0
NP_058515.1,19,1.0,1.0,1.0
NP_058633.2,36,0.3142857142857143,0.6,0.22857142857142854
NP_058634.4,10,1.0,1.0,1.0
NP_058637.1,13,0.6363636363636364,1.0,1.0
NP_058648.4,33,0.6451612903225806,0.5,0.8870967741935484
NP_059129.3,18,1.0,1.0,1.0
NP_060004.3,10,0.6875,1.0,1.0
NP_060017.1,13,0.875,0.875,0.95
NP_060033.3,11,1.0,1.0,0.9
NP_060035.2,14,0.9583333333333333,1.0,0.9583333333333333
NP_060083.1,15,0.35185185185185186,0.37037037037037035,0.9814814814814814
NP_060106.2,22,0.9523809523809523,0.8095238095238095,0.38095238095238093
NP_060111.2,33,0.8777777777777778,0.9666666666666667,0.9888888888888889
NP_060121.3,47,0.9666666666666667,0.9740740740740741,0.9574074074074074
NP_060124.2,46,0.6051587301587302,0.7103174603174603,0.7083333333333334
NP_060132.3,23,0.8333333333333334,0.9,0.9
NP_060141.3,13,1.0,1.0,1.0
NP_060215.4,41,0.8,0.875,0.975
NP_060222.2,12,0.85,0.85,0.9500000000000001
NP_060272.3,25,0.8695652173913044,0.9347826086956521,0.9782608695652174
NP_060277.1,15,0.6538461538461539,0.8846153846153846,0.8846153846153846
NP_060336.3,11,0.8888888888888888,1.0,0.8888888888888888
NP_060345.2,18,0.8,0.888888888888889,0.9555555555555556
NP_060352.1,16,0.6363636363636364,0.6727272727272727,0.9272727272727272
NP_060404.4,37,0.7529761904761905,0.7916666666666666,0.875
NP_060420.2,27,0.3076923076923077,0.2692307692307693,0.11538461538461542
NP_060476.2,23,0.9307692307692307,0.9923076923076923,0.9692307692307693
NP_060496.2,39,0.6944444444444444,0.888888888888889,0.9166666666666666
NP_060521.4,26,0.96,0.96,1.0
NP_060525.3,10,0.6875,0.9375,0.9375
NP_060530.3,13,1.0,0.9545454545454545,0.9545454545454545
NP_060545.3,10,0.7142857142857142,0.9047619047619048,0.9047619047619048
NP_060546.2,25,0.9583333333333334,1.0,1.0
NP_060547.2,10,0.33333333333333337,0.11111111111111116,0.0
NP_060552.4,22,0.75,0.8020833333333334,0.6979166666666666
NP_060586.2,14,0.875,0.7083333333333334,0.9166666666666667
NP_060592.2,20,0.9285714285714286,0.9285714285714286,0.9523809523809524
NP_060597.4,15,0.78,0.8799999999999999,0.8400000000000001
NP_060599.1,10,1.0,1.0,1.0
NP_060658.3,14,0.8444444444444446,0.9111111111111112,0.9777777777777777
NP_060663.2,21,0.5526315789473684,0.8421052631578947,1.0
NP_060700.2,16,1.0,1.0,1.0
NP_060733.4,37,0.6,0.6,0.9
NP_060762.3,10,1.0,1.0,0.8888888888888888
NP_060767.2,13,0.8,1.0,1.0
NP_060798.2,135,0.39097744360902253,0.7330827067669173,0.7330827067669172
NP_060814.4,19,1.0,1.0,1.0
NP_060921.3,15,0.7307692307692308,0.6538461538461539,0.7692307692307692
NP_060956.1,39,0.9382716049382717,0.9969135802469136,0.9938271604938271
NP_060958.2,25,0.8571428571428571,0.9365079365079365,1.0
NP_061154.1,17,0.9423076923076923,1.0,1.0
NP_061155.2,25,0.6304347826086957,0.6304347826086957,0.717391304347826
NP_061176.4,18,1.0,1.0,0.8823529411764706
NP_061336.1,13,0.9,0.925,1.0
NP_061485.1,15,0.07142857142857142,0.9285714285714286,1.0
NP_061764.2,19,0.5641025641025641,0.6923076923076923,0.858974358974359
NP_061905.2,28,0.9615384615384616,1.0,1.0
NP_061923.2,10,1.0,1.0,1.0
NP_061928.4,17,0.6363636363636364,0.5909090909090908,0.5757575757575758
NP_061939.3,46,0.2666666666666667,0.7777777777777778,0.7111111111111111
NP_061947.1,18,0.8961038961038961,0.974025974025974,1.0
NP_061949.3,12,1.0,1.0,1.0
NP_061950.2,18,1.0,1.0,1.0
NP_061951.1,14,0.8787878787878789,1.0,1.0
NP_061966.1,13,1.0,1.0,1.0
NP_061971.3,28,0.893939393939394,0.8636363636363636,0.8333333333333334
NP_061982.3,30,0.9196428571428571,0.8973214285714285,0.9375
NP_063916.1,32,0.5806451612903226,0.9032258064516129,0.9354838709677419
NP_063938.1,12,0.8,0.9,0.85
NP_063945.2,35,0.9305555555555556,0.962962962962963,0.9907407407407407
NP_064425.2,15,0.9230769230769231,1.0,1.0
NP_064450.3,16,1.0,1.0,0.9333333333333333
NP_064502.9,20,0.72,0.8133333333333334,0.76
NP_064551.3,24,0.881118881118881,0.9090909090909091,0.958041958041958
NP_064608.2,17,0.9666666666666667,1.0,1.0
NP_064632.2,32,0.9783549783549783,0.987012987012987,0.9870129870129869
NP_064716.2,25,1.0,1.0,1.0
NP_065071.1,26,0.6095238095238095,0.6666666666666667,0.8285714285714285
NP_065099.3,20,0.921875,0.84375,0.828125
NP_065109.1,14,1.0,1.0,1.0
NP_065166.2,11,1.0,1.0,1.0
NP_065168.2,14,0.8461538461538461,0.9230769230769231,1.0
NP_065390.1,13,0.0,0.75,0.75
NP_065434.1,12,0.8,0.8857142857142857,0.9142857142857143
NP_065682.2,16,1.0,1.0,1.0
NP_065683.2,13,0.8888888888888888,0.9444444444444444,1.0
NP_065689.1,10,0.5625,0.875,1.0
NP_065690.2,10,1.0,1.0,1.0
NP_065712.1,11,0.8,1.0,1.0
NP_065731.3,11,1.0,1.0,0.9
NP_065737.2,10,0.9047619047619048,0.8571428571428572,0.8095238095238095
NP_065750.1,10,0.7142857142857143,0.8571428571428572,0.6190476190476191
NP_065770.1,38,0.9189189189189189,1.0,1.0
NP_065793.1,11,1.0,1.0,1.0
NP_065796.2,32,0.854251012145749,0.8947368421052633,0.882591093117409
NP_065811.1,68,0.9503161698283649,0.971093044263776,0.9683830171635049
NP_065873.2,151,0.9189388356669124,0.9322033898305084,0.9246499631540163
NP_065875.3,11,1.0,1.0,1.0
NP_065970.2,19,0.8181818181818181,0.9545454545454545,0.9772727272727273
NP_065979.1,52,0.5,0.8200000000000001,0.91
NP_065995.1,13,1.0,1.0,0.9722222222222222
NP_066005.2,32,0.2833333333333333,0.44999999999999996,0.6166666666666667
NP_066124.1,74,0.8561507936507936,0.9226190476190477,0.9781746031746033
NP_066264.4,35,0.8166666666666667,0.9466666666666667,0.9400000000000001
NP_066268.1,67,0.7610294117647058,0.9828431372549019,0.9607843137254902
NP_066287.2,270,0.9149560117302054,0.9523460410557185,0.9572947214076246
NP_066288.2,43,0.8611111111111112,0.9699074074074074,0.9907407407407407
NP_066360.1,18,0.5,0.625,0.75
NP_066550.2,76,0.9357142857142857,0.9339285714285714,0.9660714285714285
NP_066918.2,10,1.0,1.0,0.8888888888888888
NP_066925.1,10,0.9047619047619048,1.0,1.0
NP_066963.2,47,0.8346774193548387,0.9213709677419355,0.872983870967742
NP_067032.3,25,0.6597222222222221,0.8125,0.8888888888888888
NP_067045.1,13,0.8809523809523809,0.9285714285714286,0.9761904761904763
NP_067063.1,11,0.0,0.09999999999999998,0.19999999999999996
NP_067638.3,66,0.6931818181818182,0.7117768595041322,0.7789256198347108
NP_067641.2,11,0.8666666666666667,0.9,0.7333333333333333
NP_067642.1,12,0.6857142857142857,1.0,1.0
NP_068556.2,11,1.0,1.0,1.0
NP_068602.2,29,0.76,0.87,0.87
NP_068657.1,14,0.5555555555555556,0.8,0.5555555555555556
NP_068711.1,66,0.9568014705882353,0.9696691176470589,0.880514705882353
NP_068712.1,62,0.9882352941176471,0.9830065359477124,0.9529411764705882
NP_068741.1,10,0.7777777777777778,1.0,1.0
NP_068745.2,11,0.7,1.0,1.0
NP_068761.4,17,0.6666666666666667,0.7,0.7
NP_068773.2,15,0.9400000000000001,1.0,1.0
NP_068776.2,22,1.0,1.0,1.0
NP_071357.2,28,0.5416666666666667,0.65625,0.34375
NP_071372.1,11,0.6,0.9,1.0
NP_071378.1,25,0.9696969696969697,0.9242424242424242,0.9393939393939393
NP_071415.1,41,0.9035087719298246,0.9824561403508772,1.0
NP_071445.1,55,0.818840579710145,0.8260869565217391,0.9033816425120773
NP_071449.1,17,1.0,1.0,1.0
NP_071450.2,14,0.5,0.9583333333333333,1.0
NP_071451.2,104,0.8267117497886729,0.8757396449704142,0.8267117497886729
NP_071731.1,27,0.7090909090909091,0.8,0.8545454545454546
NP_071764.3,17,0.9545454545454545,0.9696969696969696,0.9848484848484849
NP_071765.2,33,0.8602941176470588,0.8970588235294118,0.9926470588235294
NP_071881.1,12,1.0,1.0,0.9500000000000001
NP_071882.1,15,1.0,1.0,1.0
NP_071899.1,11,1.0,1.0,1.0
NP_071934.3,99,0.5681081081081081,0.9535135135135134,0.981081081081081
NP_073624.2,16,0.8461538461538463,0.8717948717948719,0.9487179487179488
NP_073746.2,32,0.935483870967742,0.967741935483871,1.0
NP_073752.6,12,0.8,0.9500000000000001,0.9500000000000001
NP_075044.2,15,0.5740740740740741,0.7592592592592593,0.6851851851851852
NP_075462.3,14,1.0,1.0,0.9583333333333333
NP_075555.1,15,0.9166666666666666,0.9166666666666666,0.9444444444444445
NP_075598.2,52,0.8070953436807097,0.9778270509977827,0.9822616407982262
NP_076872.1,13,0.7222222222222223,0.8055555555555556,0.6111111111111112
NP_076927.1,32,0.9947916666666666,1.0,0.9895833333333334
NP_076968.2,10,0.8125,0.875,0.8125
NP_076984.2,10,1.0,0.9166666666666667,1.0
NP_077006.1,18,0.8823529411764706,1.0,0.9411764705882353
NP_077015.2,33,1.0,0.9444444444444444,0.8777777777777778
NP_077025.2,13,0.7380952380952381,0.9285714285714286,0.9523809523809524
NP_077277.1,30,0.9642857142857143,0.8571428571428572,0.8928571428571428
NP_077282.3,20,0.898989898989899,0.9595959595959596,0.9696969696969696
NP_077288.2,38,0.8115942028985508,0.9391304347826087,0.9565217391304348
NP_077310.1,18,0.0,0.23529411764705888,0.8235294117647058
NP_077740.1,14,1.0,1.0,1.0
NP_077744.4,29,0.8166666666666667,0.8333333333333334,0.9333333333333333
NP_078772.1,11,1.0,1.0,1.0
NP_078789.2,40,0.9230769230769231,1.0,0.9743589743589743
NP_078807.1,14,1.0,1.0,1.0
NP_078824.2,14,0.23076923076923073,0.3846153846153846,0.46153846153846156
NP_078846.2,11,0.35714285714285715,0.8214285714285714,0.9285714285714286
NP_078853.2,36,0.9241071428571428,0.9419642857142858,0.96875
NP_078875.4,27,0.0,0.42,0.84
NP_078925.3,12,0.8125,0.71875,0.75
NP_078941.2,41,0.9,1.0,1.0
NP_078951.2,27,0.0,0.6153846153846154,1.0
NP_078954.4,15,1.0,0.9400000000000001,0.96
NP_078961.3,19,0.9285714285714286,1.0,0.942857142857143
NP_079005.3,45,0.7674418604651163,0.8953488372093023,0.9883720930232558
NP_079029.3,14,0.7878787878787878,0.9696969696969697,1.0
NP_079033.4,270,0.9025117071094083,0.9702000851426138,0.9885057471264368
NP_079066.5,17,1.0,0.9375,0.9375
NP_079152.3,13,0.7,0.8666666666666666,0.8666666666666666
NP_079160.1,14,0.9791666666666667,0.9791666666666667,0.9583333333333334
NP_079272.4,29,0.8365384615384616,0.9182692307692308,0.9230769230769231
NP_079353.3,12,1.0,1.0,1.0
NP_079375.3,26,0.5714285714285714,0.7904761904761906,0.8095238095238095
NP_079408.3,23,0.8307692307692307,0.9076923076923077,0.9846153846153847
NP_079436.4,13,0.7,0.7666666666666666,0.7666666666666666
NP_079455.3,24,0.8260869565217391,0.8260869565217391,0.782608695652174
NP_079483.3,10,0.6666666666666667,0.7777777777777778,1.0
NP_079491.2,11,0.9166666666666666,1.0,1.0
NP_079492.2,28,0.8944444444444445,0.9444444444444444,0.9944444444444445
NP_079519.1,16,0.9,0.9666666666666667,1.0
NP_085135.1,94,0.7096774193548387,0.7741935483870968,0.4946236559139785
NP_109587.1,29,0.8131313131313131,0.8737373737373737,0.7121212121212122
NP_109590.3,202,0.8056951423785594,0.7370184254606365,0.7118927973199329
NP_110400.1,16,0.641025641025641,0.9487179487179488,1.0
NP_110404.1,19,1.0,1.0,1.0
NP_110420.3,15,0.2142857142857143,0.2857142857142857,0.7857142857142857
NP_110440.1,21,0.8235294117647058,0.9117647058823528,0.8823529411764706
NP_112190.2,21,0.9473684210526316,0.9736842105263158,0.9473684210526316
NP_112503.1,11,0.9333333333333333,0.7666666666666666,0.9000000000000001
NP_113606.2,14,1.0,1.0,0.9583333333333334
NP_113663.2,22,0.7619047619047619,0.7619047619047619,1.0
NP_114032.2,67,0.8114754098360656,0.9207650273224044,0.8633879781420766
NP_114091.4,16,0.9365079365079365,0.9682539682539683,1.0
NP_114423.1,20,0.9375,0.796875,0.96875
NP_114432.2,28,0.8854166666666666,0.8333333333333334,0.8958333333333333
NP_115484.2,25,0.6818181818181818,0.803030303030303,0.8333333333333334
NP_115497.4,12,0.8181818181818181,1.0,1.0
NP_115618.3,12,0.7272727272727273,1.0,1.0
NP_115647.2,14,0.8,0.8500000000000001,0.975
NP_115759.2,11,0.6111111111111112,0.7222222222222222,0.8888888888888888
NP_115763.2,46,0.2222222222222222,0.6,0.5333333333333333
NP_115785.1,11,0.8333333333333334,0.9666666666666667,0.9666666666666667
NP_115791.3,51,0.9285714285714286,0.992063492063492,0.9947089947089947
NP_115822.1,10,0.7142857142857142,0.8095238095238095,1.0
NP_115920.1,10,0.6875,0.5625,0.6875
NP_115996.1,14,1.0,1.0,1.0
NP_116023.2,14,0.8666666666666667,0.9111111111111112,0.9333333333333332
NP_116027.2,53,0.9634146341463415,0.9979674796747967,0.9979674796747967
NP_116045.2,30,0.9807692307692308,0.9903846153846154,1.0
NP_116071.2,64,0.8632025450689289,0.9406150583244963,0.9607635206786851
NP_116119.2,10,0.7142857142857142,0.7142857142857142,0.9523809523809524
NP_116222.4,13,0.6818181818181818,1.0,1.0
NP_116245.2,10,0.6666666666666666,0.875,1.0
NP_116250.3,14,1.0,1.0,1.0
NP_116277.2,89,1.0,1.0,1.0
NP_116575.3,30,0.8880000000000001,0.76,0.952
NP_127497.1,37,0.18571428571428572,0.8285714285714286,0.5857142857142856
NP_149045.3,33,0.8189655172413792,0.9396551724137931,0.9396551724137931
NP_149075.2,20,0.8823529411764706,0.8235294117647058,0.9803921568627451
NP_149091.1,24,0.9565217391304348,0.9565217391304348,1.0
NP_149100.2,18,0.935064935064935,0.974025974025974,0.948051948051948
NP_149107.4,12,0.5555555555555556,0.7037037037037037,0.9629629629629629
NP_201569.1,17,1.0,1.0,1.0
NP_201583.2,14,0.7142857142857143,0.673469387755102,0.7346938775510203
NP_203123.1,11,0.8,1.0,1.0
NP_212134.3,13,1.0,1.0,1.0
NP_219487.3,15,0.9642857142857143,1.0,1.0
NP_387510.1,13,1.0,1.0,1.0
NP_443076.2,12,0.9500000000000001,0.9500000000000001,1.0
NP_443077.1,15,1.0,1.0,0.9107142857142858
NP_443091.1,11,0.8928571428571429,0.8928571428571429,1.0
NP_443099.1,47,0.8108108108108107,0.8297297297297299,0.7864864864864866
NP_443108.1,35,0.6333333333333333,0.8866666666666666,0.92
NP_443711.2,21,0.7,0.9,0.8777777777777778
NP_476429.2,11,0.8,0.9,1.0
NP_477520.2,11,1.0,1.0,1.0
NP_478123.1,11,0.7916666666666667,0.875,0.7916666666666667
NP_490597.1,17,1.0,1.0,1.0
NP_490647.1,13,1.0,1.0,1.0
NP_510965.1,15,1.0,0.9444444444444444,0.9166666666666666
NP_536350.2,60,0.9947916666666666,0.9947916666666666,1.0
NP_542378.1,16,0.9642857142857143,1.0,1.0
NP_542411.2,102,0.9030969030969032,0.887112887112887,0.9000999000999
NP_543136.1,12,0.9,0.9,1.0
NP_570824.1,24,0.9074074074074073,0.8796296296296297,0.9259259259259259
NP_570853.1,36,0.875,0.9241071428571428,0.96875
NP_570901.3,23,0.7,0.8777777777777778,0.9222222222222223
NP_573566.2,24,0.9052631578947368,0.8947368421052633,1.0
NP_579877.1,32,0.9195402298850575,1.0,0.9540229885057472
NP_597680.2,19,1.0,1.0,1.0
NP_598004.1,31,0.9021739130434783,0.9184782608695652,0.9891304347826088
NP_598399.2,18,0.8888888888888888,0.9305555555555556,1.0
NP_612370.3,12,1.0,1.0,1.0
NP_612422.2,23,0.9313725490196079,0.9705882352941176,0.9705882352941176
NP_612433.1,10,1.0,1.0,1.0
NP_612486.2,23,0.5892857142857143,0.6785714285714285,0.8660714285714286
NP_612565.1,12,1.0,1.0,1.0
NP_612808.1,20,0.859375,0.953125,1.0
NP_619520.1,13,0.9750000000000001,0.9750000000000001,0.9750000000000001
NP_619636.2,10,1.0,1.0,1.0
NP_619649.1,10,1.0,0.9375,1.0
NP_619729.1,11,0.6000000000000001,0.7666666666666666,0.8666666666666667
NP_620148.1,10,0.9600000000000001,1.0,1.0
NP_620409.1,10,0.5555555555555556,0.4444444444444444,0.33333333333333337
NP_620596.2,44,0.7724137931034483,0.8551724137931035,0.935632183908046
NP_620689.1,43,0.7965367965367964,0.9264069264069263,0.9696969696969697
NP_640335.2,12,0.9375,0.90625,0.8125
NP_644805.1,85,0.7131011608623549,0.874792703150912,0.8308457711442787
NP_647479.2,65,0.9365079365079365,0.9841269841269842,0.9841269841269842
NP_653178.3,28,0.33333333333333337,0.6666666666666667,0.8148148148148149
NP_653213.6,22,0.9529411764705882,0.9647058823529412,0.9294117647058824
NP_658986.1,11,0.7666666666666667,0.8333333333333334,0.7666666666666666
NP_659403.4,41,1.0,1.0,0.975
NP_659428.2,17,1.0,1.0,0.9761904761904763
NP_659434.2,11,0.6666666666666667,0.9333333333333333,1.0
NP_659505.1,31,0.9047619047619047,0.9702380952380952,0.988095238095238
NP_660201.1,12,0.7,0.8,0.9
NP_660208.2,26,0.9097744360902255,0.9172932330827067,0.9323308270676692
NP_663304.1,21,0.8181818181818181,0.9727272727272727,0.9727272727272728
NP_679211.2,14,0.9230769230769231,0.9230769230769231,1.0
NP_689476.2,15,1.0,0.9285714285714286,0.7857142857142857
NP_689509.1,98,0.6292134831460674,0.8789013732833958,0.9800249687890137
NP_689606.2,15,1.0,1.0,1.0
NP_689632.2,25,0.8831168831168831,0.9870129870129869,0.9805194805194805
NP_689656.2,41,0.9358974358974359,0.9615384615384615,0.9615384615384615
NP_689807.1,15,0.7777777777777779,0.9722222222222222,0.9722222222222222
NP_689831.2,16,0.9454545454545454,1.0,0.9818181818181818
NP_689854.2,35,0.0,0.02941176470588236,0.9411764705882353
NP_689935.2,10,1.0,1.0,1.0
NP_689956.2,27,0.6527777777777777,0.6666666666666666,0.9722222222222222
NP_689991.1,13,0.8888888888888888,0.9444444444444444,0.9444444444444444
NP_689996.4,10,1.0,1.0,1.0
NP_694944.1,11,0.6,0.7,0.8
NP_694955.2,17,0.8571428571428572,0.8095238095238095,0.8095238095238095
NP_694972.3,12,0.7142857142857143,0.7142857142857143,0.7142857142857142
NP_694984.5,23,0.8333333333333334,0.8333333333333333,0.8571428571428572
NP_705902.2,28,0.9625,0.95,0.9375
NP_714544.1,18,0.49230769230769234,0.8615384615384616,0.9692307692307692
NP_714915.3,50,0.8604651162790699,0.9368770764119602,0.9833887043189369
NP_714928.1,34,0.7878787878787878,1.0,1.0
NP_722541.1,10,1.0,1.0,1.0
NP_733774.1,12,0.75,1.0,1.0
NP_741960.1,10,0.6875,0.8125,0.8125
NP_742055.1,17,0.8194444444444444,0.8888888888888888,0.9583333333333333
NP_742105.1,271,0.9363535297387436,0.9863813229571985,0.9596998332406892
NP_758440.1,13,1.0,1.0,1.0
NP_758454.1,15,0.8076923076923077,1.0,1.0
NP_758872.1,74,0.8631465517241379,0.8545258620689655,0.8739224137931034
NP_775754.2,22,0.9666666666666667,0.9833333333333334,0.9749999999999999
NP_775771.3,19,1.0,1.0,1.0
NP_775822.3,17,0.7142857142857143,0.6666666666666666,0.8809523809523809
NP_775831.2,16,0.6410256410256411,0.9743589743589745,1.0
NP_775901.3,32,0.3218390804597701,0.48275862068965514,0.8620689655172413
NP_775960.4,43,0.5897435897435898,0.8525641025641026,0.9294871794871796
NP_777362.1,10,0.6666666666666667,0.8888888888888888,1.0
NP_777576.1,24,1.0,0.9545454545454546,0.9090909090909091
NP_777577.2,15,0.9166666666666666,1.0,1.0
NP_777596.2,28,0.48538011695906436,0.6374269005847952,0.8830409356725146
NP_783328.1,41,0.9327731092436974,0.9915966386554622,0.9831932773109244
NP_787110.2,19,0.75,0.8541666666666667,0.8333333333333334
NP_789845.1,13,1.0,1.0,1.0
NP_803187.1,59,0.831764705882353,0.9835294117647059,0.9882352941176471
NP_808592.2,38,0.5938697318007662,0.7701149425287356,0.9233716475095785
NP_814444.1,15,1.0,1.0,1.0
NP_821080.1,33,0.7258064516129032,0.8548387096774193,0.6129032258064516
NP_821133.1,24,0.08695652173913043,0.782608695652174,0.9130434782608695
NP_835366.1,79,1.0,1.0,1.0
NP_848547.4,27,0.6923076923076923,0.9615384615384616,1.0
NP_849164.2,12,1.0,1.0,1.0
NP_852107.1,54,0.6153846153846154,0.9230769230769231,0.9711538461538461
NP_852122.1,42,0.8326530612244898,0.9061224489795918,0.9306122448979591
NP_861448.2,10,1.0,1.0,1.0
NP_861454.2,12,0.65625,0.9375,1.0
NP_870998.2,22,0.5238095238095238,0.9523809523809523,0.9523809523809523
NP_877435.3,10,1.0,1.0,1.0
NP_877437.2,20,1.0,1.0,1.0
NP_891847.1,48,0.9545454545454546,0.9147727272727273,0.9431818181818181
NP_891988.1,10,0.9523809523809524,0.9523809523809524,1.0
NP_898871.1,43,0.975,1.0,0.9916666666666667
NP_898898.1,15,0.9259259259259259,0.9074074074074074,1.0
NP_899196.1,16,0.9333333333333333,1.0,1.0
NP_899200.1,57,0.8407202216066482,0.9584487534626038,0.9418282548476454
NP_919224.1,46,0.8645833333333334,0.925,0.9291666666666666
NP_919253.1,37,0.8793103448275862,0.9482758620689655,0.9482758620689655
NP_919438.1,11,0.2857142857142857,0.5714285714285714,0.8214285714285714
NP_932173.1,116,0.9428571428571428,0.9654135338345865,0.9839598997493735
NP_937799.1,98,0.3649122807017544,0.368421052631579,0.7824561403508772
NP_937983.2,60,0.6842105263157895,0.7990430622009569,0.9736842105263157
NP_938011.1,57,0.6071428571428572,0.9107142857142857,0.5535714285714286
NP_938012.2,17,0.8333333333333334,0.8666666666666667,0.7666666666666667
NP_938023.1,18,0.4107142857142857,0.4285714285714286,0.9285714285714286
NP_938149.2,22,1.0,1.0,0.9500000000000001
NP_938207.2,11,1.0,1.0,1.0
NP_940927.2,21,0.95,1.0,0.95
NP_940978.2,54,0.7843137254901961,0.6274509803921569,0.8496732026143792
NP_940988.2,12,0.8500000000000001,0.95,1.0
NP_945345.2,49,0.7708333333333334,0.9166666666666666,1.0
NP_954712.1,13,0.6944444444444444,0.36111111111111116,0.5555555555555556
NP_954986.2,25,0.9298245614035088,0.8771929824561404,0.9210526315789473
NP_957705.1,134,0.803639846743295,0.888888888888889,0.9123563218390804
NP_958850.1,10,1.0,1.0,1.0
NP_963925.2,19,0.8333333333333334,0.9166666666666666,0.9791666666666666
NP_976035.1,18,0.8461538461538463,0.8923076923076922,0.9230769230769231
NP_981932.1,10,1.0,1.0,1.0
NP_982272.2,28,0.75,0.75,0.6923076923076923
NP_982301.1,23,0.712121212121212,0.8560606060606061,0.9696969696969696
NP_991331.1,26,0.8380952380952381,0.9619047619047619,0.9523809523809524
NP_996879.1,12,0.0,0.8181818181818181,0.9090909090909091
NP_996919.1,11,1.0,1.0,1.0
NP_996994.1,13,1.0,1.0,1.0
NP_997005.1,29,0.9242424242424243,0.9191919191919191,0.893939393939394
NP_997229.2,24,0.7789473684210526,0.6736842105263159,0.9157894736842105
NP_997235.3,20,0.9166666666666666,0.96875,0.96875
NP_997304.3,12,0.5428571428571429,0.8857142857142857,1.0
NP_998764.1,26,0.9281045751633987,0.9934640522875816,0.9869281045751633
NP_998818.1,10,1.0,1.0,1.0
NP_998885.1,12,0.7999999999999999,0.9,0.8500000000000001
