DMS_id,n,auroc_uniform,auroc_biogate,auroc_best,label_rate
NP_000007.1,87,0.3411764705882353,0.35882352941176465,0.5588235294117647,0.9770114942528736
NP_000008.1,26,0.725,0.9166666666666667,0.9166666666666667,0.7692307692307693
NP_000009.1,75,0.9178743961352658,0.9782608695652174,0.9951690821256038,0.92
NP_000010.1,47,1.0,1.0,1.0,0.9148936170212766
NP_000011.2,165,0.8348387096774195,0.9225806451612903,0.9225806451612903,0.9393939393939394
NP_000012.1,99,0.7263157894736842,0.7552631578947369,0.7842105263157895,0.9595959595959596
NP_000013.2,36,0.9704433497536946,1.0,1.0,0.8055555555555556
NP_000014.1,37,0.8571428571428572,0.8428571428571429,0.9285714285714286,0.9459459459459459
NP_000017.1,29,0.6,0.73,0.91,0.8620689655172413
NP_000021.1,71,0.9651515151515152,0.9363636363636363,0.9696969696969697,0.8450704225352113
NP_000023.2,26,0.9575757575757575,0.9212121212121213,0.9212121212121213,0.5769230769230769
NP_000024.2,201,0.936381960191484,0.9627110103300579,0.9649785840262031,0.7313432835820896
NP_000034.1,21,0.975,1.0,1.0,0.7619047619047619
NP_000035.2,113,0.9130154639175259,0.9027061855670103,0.9117268041237113,0.8584070796460177
NP_000037.2,70,0.8214936247723132,0.8269581056466302,0.9071038251366119,0.8714285714285714
NP_000038.2,35,0.7575757575757576,0.8106060606060606,0.8712121212121212,0.3142857142857143
NP_000039.2,73,0.9673076923076923,0.9673076923076923,0.976923076923077,0.8904109589041096
NP_000040.1,44,0.8880308880308881,0.9073359073359074,0.9613899613899614,0.8409090909090909
NP_000041.2,42,0.8355263157894737,0.9210526315789473,0.9868421052631579,0.9047619047619048
NP_000043.4,191,0.8311713836477987,0.9235455974842768,0.9671776729559749,0.16753926701570682
NP_000044.2,198,0.9134615384615385,0.9432021466905188,0.9432021466905188,0.8686868686868687
NP_000045.1,42,0.9409090909090909,0.9909090909090909,0.9909090909090909,0.5238095238095238
NP_000048.1,32,1.0,0.9910714285714286,1.0,0.125
NP_000052.1,76,0.9867330016583747,0.9966832504145937,0.9966832504145937,0.881578947368421
NP_000053.2,49,0.9663299663299663,0.9814814814814814,0.9848484848484849,0.5510204081632653
NP_000060.2,140,0.8346774193548387,0.9027217741935484,0.938508064516129,0.11428571428571428
NP_000061.1,80,0.8763693270735524,0.8622848200312988,0.9499217527386542,0.8875
NP_000065.1,34,0.8083333333333333,1.0,1.0,0.7058823529411765
NP_000068.1,37,0.9696969696969697,0.9696969696969697,0.9924242424242424,0.8918918918918919
NP_000071.1,33,0.9175824175824175,0.9835164835164836,0.989010989010989,0.7878787878787878
NP_000074.3,86,0.9544642857142858,0.9553571428571429,0.9875,0.813953488372093
NP_000076.2,35,0.9600000000000001,0.9760000000000001,0.984,0.2857142857142857
NP_000079.2,338,0.9175502452919766,0.9776863427757556,0.977950097589281,0.7899408284023669
NP_000080.2,344,0.961863644540385,0.9890268033819033,0.9944234574563771,0.9505813953488372
NP_000081.2,290,0.9743639541658575,0.9990289376577977,0.9990289376577977,0.9344827586206896
NP_000082.2,158,0.9791703442188879,0.9931156222418358,0.995233892321271,0.6518987341772152
NP_000083.3,139,0.974375,0.9833333333333334,0.98375,0.539568345323741
NP_000084.3,137,0.790929203539823,0.9207227138643067,0.9572271386430679,0.17518248175182483
NP_000086.2,113,0.9224422442244224,0.9026402640264026,0.95503300330033,0.8938053097345132
NP_000087.2,20,0.9066666666666667,0.9466666666666667,1.0,0.25
NP_000089.1,38,0.8005952380952381,0.8541666666666666,0.8601190476190477,0.631578947368421
NP_000093.1,32,0.9833333333333334,1.0,1.0,0.9375
NP_000095.2,25,0.9920634920634921,1.0,1.0,0.72
NP_000102.1,22,0.9647058823529412,1.0,1.0,0.22727272727272727
NP_000103.2,23,0.9215686274509804,0.9215686274509804,0.9803921568627452,0.7391304347826086
NP_000107.1,20,1.0,1.0,1.0,0.95
NP_000114.3,25,0.58,0.74,0.9,0.2
NP_000115.1,55,0.9672619047619047,0.9880952380952381,1.0,0.12727272727272726
NP_000118.2,47,0.841991341991342,0.9567099567099567,0.9935064935064934,0.7021276595744681
NP_000119.1,33,0.8071428571428572,0.8857142857142857,0.8857142857142857,0.8484848484848485
NP_000121.2,40,0.9771428571428571,1.0,1.0,0.125
NP_000122.1,29,0.9583333333333334,1.0,1.0,0.8275862068965517
NP_000124.1,116,0.8734375,0.9125000000000001,0.9322916666666666,0.8275862068965517
NP_000126.2,104,0.589237320944638,0.6929926442121563,0.9411536972512582,0.3942307692307692
NP_000128.1,27,0.7909090909090909,0.8272727272727273,0.8909090909090909,0.8148148148148148
NP_000132.3,78,0.9571428571428572,0.9982142857142857,0.9982142857142857,0.8974358974358975
NP_000134.2,127,0.9724517906336088,0.9944903581267218,0.9944903581267218,0.952755905511811
NP_000142.2,53,0.7333333333333334,0.8866666666666666,0.9866666666666667,0.9433962264150944
NP_000143.2,160,0.9033646322378717,0.949530516431925,0.9733959311424101,0.8875
NP_000144.2,89,0.7449392712550608,0.8522267206477733,0.9645748987854251,0.8539325842696629
NP_000147.1,25,0.7894736842105263,0.8596491228070174,1.0,0.76
NP_000149.4,31,0.9327731092436975,0.9243697478991597,1.0,0.5483870967741935
NP_000150.1,138,0.7798507462686567,0.7332089552238806,0.9235074626865671,0.9710144927536232
NP_000156.1,24,0.8260869565217391,0.8260869565217391,1.0,0.9583333333333334
NP_000157.1,116,0.9441964285714286,0.9709821428571428,1.0,0.9655172413793104
NP_000159.3,111,0.858009708737864,0.9526699029126213,0.9526699029126213,0.07207207207207207
NP_000160.1,205,0.874,0.9380000000000001,0.98,0.975609756097561
NP_000161.2,119,0.9289473684210526,0.9536842105263158,0.9736842105263158,0.8403361344537815
NP_000162.2,37,0.967948717948718,0.9935897435897436,1.0,0.6486486486486487
NP_000164.5,27,0.9210526315789473,0.9473684210526316,0.9539473684210527,0.7037037037037037
NP_000168.1,32,0.9655172413793104,0.9540229885057472,0.9540229885057472,0.09375
NP_000170.1,92,0.962962962962963,0.9653996101364523,0.9805068226120858,0.41304347826086957
NP_000171.1,34,0.8142292490118577,0.9011857707509882,0.9802371541501976,0.6764705882352942
NP_000173.2,23,1.0,1.0,1.0,0.43478260869565216
NP_000177.2,22,0.5523809523809524,0.8571428571428572,0.9904761904761905,0.3181818181818182
NP_000178.2,40,0.9480519480519481,0.9696969696969697,0.9956709956709957,0.825
NP_000183.2,42,0.8774038461538461,0.8966346153846154,0.9086538461538461,0.38095238095238093
NP_000185.1,22,0.3333333333333333,0.7142857142857143,0.9523809523809523,0.9545454545454546
NP_000186.2,21,0.7,0.8,0.9333333333333333,0.2857142857142857
NP_000190.1,59,0.8431372549019608,0.865546218487395,0.9173669467787116,0.711864406779661
NP_000194.2,74,0.7946336429308565,0.892672858617131,0.9370485036119711,0.7702702702702703
NP_000197.1,65,0.944128787878788,0.9659090909090909,0.9734848484848485,0.5076923076923077
NP_000198.1,23,0.5454545454545454,1.0,1.0,0.9565217391304348
NP_000202.3,20,0.72,1.0,1.0,0.5
NP_000203.2,65,0.88,0.9036363636363636,0.9545454545454545,0.8461538461538461
NP_000205.1,79,0.7608695652173914,0.9270186335403727,0.9503105590062111,0.2911392405063291
NP_000206.2,28,0.8673469387755102,0.8877551020408163,0.9489795918367346,0.5
NP_000207.2,22,0.9176470588235295,1.0,1.0,0.22727272727272727
NP_000209.2,197,0.9625668449197862,0.9855614973262032,0.9989304812834225,0.949238578680203
NP_000219.2,34,0.8413793103448276,0.9655172413793103,0.9655172413793103,0.14705882352941177
NP_000226.2,41,0.9459459459459459,1.0,1.0,0.9024390243902439
NP_000228.1,40,0.9558823529411763,0.946078431372549,0.9901960784313726,0.85
NP_000240.1,184,0.8246996996996997,0.8909534534534534,0.9275525525525526,0.8043478260869565
NP_000243.1,75,0.9109347442680776,0.955026455026455,0.9735449735449735,0.72
NP_000246.2,108,0.9812500000000001,0.99375,1.0,0.9259259259259259
NP_000247.2,60,0.8372615039281707,0.9135802469135803,0.9135802469135803,0.55
NP_000248.2,301,0.8548053024026512,0.865990057995029,0.865990057995029,0.9435215946843853
NP_000251.3,152,0.7829048560755877,0.899362777411558,0.9483629971434848,0.7302631578947368
NP_000252.1,45,0.964,0.9359999999999999,0.98,0.5555555555555556
NP_000254.2,80,0.8669301712779973,0.9249011857707511,0.9934123847167324,0.8625
NP_000255.2,175,0.759795918367347,0.9430612244897959,0.9622448979591837,0.2
NP_000264.2,21,0.8061224489795918,0.8673469387755102,0.9183673469387754,0.3333333333333333
NP_000266.2,69,0.9196581196581196,0.9589743589743589,0.9743589743589745,0.5652173913043478
NP_000267.2,42,0.9365079365079365,0.981859410430839,0.9931972789115646,0.5
NP_000268.1,399,0.8551637279596978,0.9005037783375315,0.9899244332493703,0.9949874686716792
NP_000273.2,35,0.8981481481481481,0.9444444444444444,1.0,0.7714285714285715
NP_000274.3,32,0.9208333333333334,0.9583333333333334,0.9583333333333334,0.625
NP_000275.1,61,0.8980392156862745,0.9627450980392157,0.9843137254901961,0.8360655737704918
NP_000278.3,30,0.7104072398190044,0.7963800904977375,0.8416289592760181,0.43333333333333335
NP_000283.1,45,0.7839506172839505,0.9176954732510287,0.9835390946502057,0.4
NP_000286.3,52,0.7258382642998028,0.8205128205128205,0.9329388560157791,0.25
NP_000288.1,24,0.8601398601398601,0.923076923076923,1.0,0.5416666666666666
NP_000294.1,60,0.5258620689655172,0.8103448275862069,0.9568965517241379,0.9666666666666667
NP_000295.1,29,0.9871794871794872,0.9871794871794872,1.0,0.896551724137931
NP_000301.1,25,0.893939393939394,1.0,1.0,0.88
NP_000303.1,49,0.9042553191489362,0.9893617021276595,0.9893617021276595,0.9591836734693877
NP_000308.1,27,0.038461538461538464,0.11538461538461539,0.8076923076923077,0.9629629629629629
NP_000312.2,67,0.7267441860465116,0.8013565891472868,0.8081395348837209,0.3582089552238806
NP_000313.2,85,0.7600732600732601,0.9358974358974358,0.9358974358974358,0.9176470588235294
NP_000320.1,65,0.7150537634408602,0.8225806451612903,0.903225806451613,0.9538461538461539
NP_000321.1,100,0.6410256410256411,0.8705738705738706,0.9658119658119658,0.91
NP_000325.4,92,0.8997837058399424,0.9516943042537851,0.9899062725306416,0.7934782608695652
NP_000333.1,36,0.9933110367892977,0.9899665551839465,0.9933110367892977,0.6388888888888888
NP_000337.1,50,0.7552083333333334,0.8854166666666667,0.9565972222222222,0.64
NP_000341.2,448,0.8901278772378517,0.9067007672634272,0.967774936061381,0.9486607142857143
NP_000343.2,100,0.8610827374872319,0.9141981613891725,0.9346271705822268,0.89
NP_000350.1,81,0.9320175438596491,0.9269005847953216,0.9956140350877193,0.7037037037037037
NP_000354.4,47,0.5151515151515151,0.8181818181818181,0.962121212121212,0.9361702127659575
NP_000359.1,111,0.9030037546933667,0.9568210262828536,0.9743429286608261,0.15315315315315314
NP_000360.2,22,0.71900826446281,0.884297520661157,0.9504132231404958,0.5
NP_000362.1,84,0.5308641975308642,0.6995884773662551,0.7283950617283952,0.9642857142857143
NP_000363.1,91,0.643939393939394,0.8522727272727273,0.9924242424242424,0.967032967032967
NP_000368.1,48,0.9722222222222222,0.9722222222222222,0.9907407407407407,0.625
NP_000373.1,28,0.96875,0.9875,1.0,0.7142857142857143
NP_000374.1,39,0.8368983957219251,0.9224598930481284,0.9652406417112299,0.5641025641025641
NP_000381.1,31,0.9310344827586207,0.9137931034482758,0.9482758620689655,0.06451612903225806
NP_000382.3,46,0.8602941176470588,0.9240196078431373,0.9754901960784313,0.7391304347826086
NP_000383.2,24,0.9157894736842105,0.9578947368421052,1.0,0.20833333333333334
NP_000384.2,74,0.9684741488020177,0.978562421185372,0.978562421185372,0.17567567567567569
NP_000387.1,23,1.0,1.0,1.0,0.8260869565217391
NP_000388.2,71,0.9342948717948718,0.9775641025641025,0.9775641025641025,0.5492957746478874
NP_000391.1,23,0.8137254901960784,0.9901960784313726,1.0,0.7391304347826086
NP_000393.4,188,0.8513661202185793,0.9289617486338797,0.9289617486338797,0.973404255319149
NP_000400.2,20,0.6470588235294118,0.8823529411764707,0.9803921568627452,0.85
NP_000402.3,31,0.9227272727272727,0.9772727272727272,1.0,0.3548387096774194
NP_000405.1,30,0.962962962962963,0.9722222222222223,0.9907407407407407,0.6
NP_000410.2,76,0.9502487562189055,0.9369817578772803,0.9635157545605306,0.881578947368421
NP_000412.4,27,1.0,0.9882352941176471,1.0,0.37037037037037035
NP_000413.1,21,0.5714285714285714,0.8775510204081632,0.9693877551020408,0.3333333333333333
NP_000414.2,27,0.9565217391304348,0.9891304347826088,0.9891304347826088,0.14814814814814814
NP_000415.2,63,0.8159645232815965,0.9090909090909091,0.9733924611973392,0.6507936507936508
NP_000416.1,85,0.8588761174968071,0.9655172413793103,0.9655172413793103,0.3176470588235294
NP_000421.1,42,0.7441077441077442,0.8821548821548821,0.8821548821548821,0.7857142857142857
NP_000422.1,34,0.953125,1.0,1.0,0.9411764705882353
NP_000425.1,21,0.7205882352941178,0.7941176470588235,0.7941176470588235,0.8095238095238095
NP_000432.1,139,0.8779569892473118,0.9236559139784946,0.9338709677419356,0.8920863309352518
NP_000435.3,148,0.7997311827956989,0.9475806451612904,0.9727822580645162,0.8378378378378378
NP_000439.2,63,0.7333333333333334,0.8125000000000001,0.9888888888888889,0.7619047619047619
NP_000446.1,29,0.9500000000000001,0.9666666666666668,1.0,0.8275862068965517
NP_000449.1,76,0.7888198757763975,0.9130434782608696,0.9130434782608696,0.9078947368421053
NP_000450.3,35,0.9204545454545454,0.9810606060606061,1.0,0.3142857142857143
NP_000452.2,34,1.0,1.0,1.0,0.8529411764705882
NP_000457.1,32,0.9227053140096618,0.9565217391304348,1.0,0.28125
NP_000465.1,23,0.9761904761904762,1.0,1.0,0.9130434782608695
NP_000466.2,21,0.9230769230769231,1.0,1.0,0.38095238095238093
NP_000472.2,29,0.77,0.97,1.0,0.8620689655172413
NP_000478.3,114,0.8182692307692307,0.8730769230769231,0.8730769230769231,0.9122807017543859
NP_000479.1,33,0.7714285714285715,0.7000000000000001,0.7357142857142857,0.8484848484848485
NP_000483.3,198,0.9970082273747196,0.9917726252804787,0.9985041136873598,0.9646464646464646
NP_000484.2,54,0.7145061728395061,0.845679012345679,0.8919753086419754,0.3333333333333333
NP_000485.3,35,0.8,0.8133333333333334,0.8666666666666667,0.14285714285714285
NP_000486.1,508,0.9810599087766665,0.9867869342005686,0.9923094230021885,0.7460629921259843
NP_000488.3,46,0.9605263157894737,0.9703947368421053,0.9835526315789473,0.8260869565217391
NP_000489.3,31,0.9153846153846154,0.9230769230769231,0.9538461538461538,0.16129032258064516
NP_000491.4,43,0.9842105263157895,0.9526315789473684,0.9947368421052633,0.8837209302325582
NP_000503.1,90,0.8642117376294592,0.8883774453394706,0.9090909090909091,0.8777777777777778
NP_000508.1,36,0.8518518518518519,0.8765432098765432,0.8796296296296297,0.5
NP_000509.1,61,0.6228070175438596,0.7180451127819548,0.7656641604010025,0.6885245901639344
NP_000511.2,42,0.7037037037037037,0.7314814814814815,0.8425925925925927,0.8571428571428571
NP_000517.3,39,0.8724137931034482,0.9379310344827587,0.993103448275862,0.7435897435897436
NP_000518.1,639,0.887888488728825,0.9453114579165,0.9736894757903162,0.92018779342723
NP_000519.2,37,0.8291925465838509,0.9285714285714286,0.9875776397515528,0.3783783783783784
NP_000523.2,42,0.7777777777777778,0.8101851851851851,0.9398148148148149,0.8571428571428571
NP_000524.3,26,0.6,0.8,0.92,0.9615384615384616
NP_000527.2,46,0.6085526315789475,0.8223684210526315,0.9769736842105263,0.8260869565217391
NP_000534.3,121,0.8702479338842977,0.9446280991735537,0.9752066115702479,0.9090909090909091
NP_000536.6,105,0.8941248470012241,0.9430844553243574,0.9645042839657283,0.819047619047619
NP_000538.3,25,0.6346153846153846,0.8397435897435898,0.9102564102564102,0.48
NP_000539.2,376,0.842842390602814,0.9132890151026204,0.9132890151026204,0.324468085106383
NP_000633.2,26,0.775,0.8083333333333333,0.8083333333333333,0.23076923076923078
NP_000693.1,62,0.8253119429590018,0.9768270944741533,0.9946524064171123,0.8225806451612904
NP_000700.1,46,0.925,0.9666666666666666,0.986111111111111,0.782608695652174
NP_000710.5,55,0.971774193548387,1.0,1.0,0.43636363636363634
NP_000711.1,27,0.9285714285714286,0.9206349206349207,0.9841269841269842,0.2222222222222222
NP_000712.2,238,0.9305455419370343,0.9745253544820958,0.9745253544820958,0.07983193277310924
NP_000735.1,71,0.8507462686567164,0.9365671641791045,0.9962686567164178,0.056338028169014086
NP_000775.1,28,0.9590643274853801,0.935672514619883,0.9415204678362573,0.6785714285714286
NP_000776.1,22,0.9122807017543859,0.9122807017543859,0.9649122807017544,0.8636363636363636
NP_000780.1,31,0.9666666666666667,0.9,0.9,0.03225806451612903
NP_000797.2,55,0.7772435897435898,0.8301282051282051,0.8301282051282051,0.7090909090909091
NP_000807.2,36,0.939799331103679,0.9765886287625418,0.9899665551839465,0.6388888888888888
NP_000824.1,203,0.9512018234562785,0.9781392457521756,0.9781392457521756,0.37438423645320196
NP_000825.2,209,0.9458762886597938,0.9624447717231221,0.9752393225331369,0.5358851674641149
NP_000827.2,29,0.8787878787878788,0.9696969696969697,0.9696969696969697,0.3793103448275862
NP_000834.2,34,0.7916666666666666,0.8988095238095237,0.9821428571428572,0.17647058823529413
NP_000911.2,41,0.9972527472527473,0.9972527472527473,1.0,0.3170731707317073
NP_000924.3,27,0.9941176470588236,1.0,1.0,0.37037037037037035
NP_001001430.1,47,0.819767441860465,0.9360465116279069,1.0,0.9148936170212766
NP_001003800.1,99,0.9542124542124542,0.9768009768009769,0.9768009768009769,0.21212121212121213
NP_001003841.1,20,0.967032967032967,0.967032967032967,1.0,0.35
NP_001005271.2,52,0.9063063063063064,0.9603603603603603,0.9603603603603603,0.7115384615384616
NP_001005463.1,30,0.6785714285714286,0.7857142857142857,0.8392857142857143,0.9333333333333333
NP_001005731.1,44,0.9201101928374655,0.9807162534435262,0.9807162534435262,0.25
NP_001005741.1,73,0.8482587064676617,0.8706467661691543,1.0,0.9178082191780822
NP_001006659.1,22,0.9,0.9,0.9,0.09090909090909091
NP_001008537.1,83,0.14634146341463417,0.9878048780487805,0.9878048780487805,0.012048192771084338
NP_001013860.1,23,0.5263157894736843,0.9210526315789473,0.9736842105263158,0.17391304347826086
NP_001018005.1,31,0.9666666666666667,0.9666666666666667,1.0,0.967741935483871
NP_001018123.1,39,0.7631578947368421,0.9736842105263158,0.9736842105263158,0.02564102564102564
NP_001019242.1,20,1.0,1.0,1.0,0.95
NP_001019801.3,24,0.9682539682539684,0.9682539682539683,0.9682539682539683,0.875
NP_001020466.1,24,0.9545454545454546,0.9545454545454546,0.9772727272727273,0.08333333333333333
NP_001025053.1,94,0.2065217391304348,0.44021739130434784,0.8532608695652174,0.02127659574468085
NP_001025054.1,24,0.782608695652174,0.8260869565217391,0.9565217391304348,0.041666666666666664
NP_001030025.1,63,0.8717948717948718,0.9252136752136753,0.9626068376068376,0.38095238095238093
NP_001032.2,32,0.8833333333333333,0.9,0.9333333333333333,0.0625
NP_001035197.1,62,1.0,1.0,1.0,0.016129032258064516
NP_001035202.1,26,0.855072463768116,0.8985507246376812,0.9420289855072463,0.11538461538461539
NP_001035963.1,36,0.9127272727272727,0.9854545454545455,0.9927272727272728,0.3055555555555556
NP_001056.1,35,0.9475524475524476,0.9650349650349651,0.9650349650349651,0.6285714285714286
NP_001060.1,34,0.773809523809524,0.6309523809523809,0.7559523809523809,0.8235294117647058
NP_001070834.1,25,0.823529411764706,0.8382352941176471,1.0,0.68
NP_001071.1,61,0.9764705882352941,0.996078431372549,0.996078431372549,0.8360655737704918
NP_001073279.2,95,0.9837662337662337,0.987012987012987,0.9967532467532467,0.8842105263157894
NP_001073883.2,43,0.9146341463414633,0.9634146341463415,0.9878048780487805,0.046511627906976744
NP_001073893.1,33,0.7931034482758621,0.8879310344827587,0.8879310344827587,0.12121212121212122
NP_001073936.1,40,0.861111111111111,0.9513888888888888,0.9930555555555556,0.1
NP_001073986.1,80,0.9227941176470588,0.9424019607843137,0.9620098039215685,0.15
NP_001073991.2,49,0.7702205882352942,0.8897058823529411,0.9613970588235293,0.6530612244897959
NP_001075.1,20,0.8333333333333334,0.8888888888888888,1.0,0.1
NP_001076585.1,30,0.48148148148148145,0.6419753086419753,1.0,0.9
NP_001077088.2,21,1.0,1.0,1.0,0.9523809523809523
NP_001077430.1,33,0.9739130434782609,0.991304347826087,0.991304347826087,0.30303030303030304
NP_001077431.1,70,0.8063725490196079,0.8839869281045751,0.9019607843137254,0.5142857142857142
NP_001080.2,31,0.9145299145299146,0.9316239316239316,0.9658119658119658,0.5806451612903226
NP_001091738.1,21,0.9909090909090909,1.0,1.0,0.47619047619047616
NP_001091981.1,28,0.8645833333333334,0.8333333333333334,0.875,0.14285714285714285
NP_001094383.2,80,0.4683544303797469,0.7468354430379747,0.9493670886075949,0.0125
NP_001094832.1,65,0.2777777777777778,0.4285714285714286,0.7698412698412699,0.03076923076923077
NP_001095876.1,59,0.9827586206896551,0.9137931034482758,0.9137931034482758,0.01694915254237288
NP_001104262.1,197,0.8128991060025542,0.9153895274584929,0.9554065559812687,0.41116751269035534
NP_001104595.1,71,0.9047619047619049,0.9619047619047619,0.9619047619047619,0.2112676056338028
NP_001106279.3,27,0.7717391304347827,0.7282608695652174,0.9347826086956521,0.14814814814814814
NP_001119580.2,124,0.8999450247388675,0.9296316657504122,0.9725123694337547,0.8629032258064516
NP_001120680.1,26,1.0,1.0,1.0,0.038461538461538464
NP_001120693.1,186,0.827922077922078,0.9814471243042671,0.9814471243042671,0.5268817204301075
NP_001120972.1,25,0.8070175438596492,0.8333333333333334,0.9561403508771931,0.24
NP_001121699.1,39,0.945945945945946,0.8783783783783784,0.972972972972973,0.9487179487179487
NP_001121897.1,38,0.9711538461538461,0.9647435897435898,0.9807692307692307,0.6842105263157895
NP_001122317.1,54,0.8134920634920635,0.8452380952380952,0.9345238095238094,0.7777777777777778
NP_001123476.1,26,0.8666666666666666,0.8571428571428571,0.9619047619047618,0.8076923076923077
NP_001123990.1,20,1.0,0.9722222222222222,1.0,0.1
NP_001124295.1,42,0.8805555555555555,0.925,0.9666666666666667,0.2857142857142857
NP_001127835.2,84,0.9635135135135134,0.9648648648648649,0.9905405405405406,0.11904761904761904
NP_001128715.1,73,0.47887323943661975,0.9577464788732395,0.9577464788732395,0.0273972602739726
NP_001130.1,24,0.9259259259259259,0.9351851851851852,1.0,0.75
NP_001136438.1,20,0.45333333333333337,0.4266666666666667,0.7066666666666668,0.25
NP_001138940.4,37,0.9705882352941176,0.9705882352941176,0.9901960784313726,0.08108108108108109
NP_001139189.2,21,0.9351851851851851,0.9907407407407407,0.9907407407407407,0.42857142857142855
NP_001148.1,22,0.08771929824561404,0.12280701754385966,0.5438596491228069,0.13636363636363635
NP_001153508.1,78,0.7375201288244766,0.7375201288244766,0.8325281803542673,0.11538461538461539
NP_001153605.1,77,0.9444444444444444,0.934640522875817,0.9656862745098039,0.11688311688311688
NP_001156685.1,49,0.8316498316498318,0.9124579124579124,0.9259259259259259,0.5510204081632653
NP_001157750.1,26,0.9803921568627451,0.9934640522875816,0.9934640522875816,0.6538461538461539
NP_001157814.1,46,0.9026369168356998,0.9918864097363083,0.9918864097363083,0.6304347826086957
NP_001159435.1,741,0.8636861313868613,0.94507299270073,0.9690302398331595,0.9244264507422402
NP_001159762.1,23,0.872549019607843,0.8431372549019608,0.8725490196078431,0.7391304347826086
NP_001161206.1,21,0.9814814814814814,0.9814814814814814,1.0,0.14285714285714285
NP_001170787.2,25,0.8947368421052632,0.9210526315789473,0.9824561403508772,0.24
NP_001170991.1,132,0.859981933152665,0.9051490514905148,0.9051490514905148,0.9318181818181818
NP_001171536.2,90,0.956271576524741,0.9044879171461448,0.9919447640966628,0.8777777777777778
NP_001171809.1,105,0.971655328798186,0.9829931972789117,0.9943310657596373,0.8
NP_001177203.1,72,0.735042735042735,0.8313908313908314,0.9285159285159286,0.5416666666666666
NP_001180345.1,75,0.9768518518518519,0.9907407407407408,0.9907407407407408,0.96
NP_001186036.1,30,0.7788461538461537,0.9134615384615385,0.9519230769230769,0.8666666666666667
NP_001189333.2,38,0.8363636363636364,0.9030303030303031,0.9030303030303031,0.868421052631579
NP_001191354.2,25,0.5,0.7261904761904762,0.9404761904761906,0.16
NP_001194.1,26,0.9791666666666667,0.8541666666666666,1.0,0.07692307692307693
NP_001195.2,60,0.9448010269576379,0.982028241335045,0.988446726572529,0.31666666666666665
NP_001202.5,22,0.8596491228070176,0.8245614035087719,0.9824561403508772,0.13636363636363635
NP_001211.3,47,0.8495934959349594,0.853658536585366,0.9959349593495935,0.1276595744680851
NP_001229817.2,23,0.7083333333333333,0.9166666666666666,0.9166666666666666,0.6521739130434783
NP_001229825.1,25,0.6363636363636362,0.7424242424242424,0.9545454545454546,0.12
NP_001230695.2,35,0.8125,0.9243421052631579,0.944078947368421,0.5428571428571428
NP_001231118.1,29,0.5925925925925926,0.6296296296296297,0.7777777777777778,0.06896551724137931
NP_001243371.1,37,0.9666666666666667,0.9966666666666666,1.0,0.32432432432432434
NP_001243805.1,40,0.5128205128205128,0.5897435897435898,0.5897435897435898,0.025
NP_001244074.1,23,0.6190476190476191,0.8571428571428572,0.8571428571428572,0.08695652173913043
NP_001244159.1,46,0.4642857142857143,0.5476190476190477,0.9761904761904763,0.08695652173913043
NP_001255.4,22,0.6666666666666667,0.33333333333333337,1.0,0.045454545454545456
NP_001262.3,115,0.9360730593607306,0.9686888454011742,0.9686888454011742,0.3652173913043478
NP_001264.2,49,0.9713261648745519,0.996415770609319,0.996415770609319,0.6326530612244898
NP_001265067.1,99,0.46625514403292184,0.7012345679012345,0.9294238683127571,0.45454545454545453
NP_001265273.1,41,0.6578947368421053,0.6929824561403508,0.8508771929824561,0.07317073170731707
NP_001265868.1,25,0.696969696969697,0.7121212121212122,0.9090909090909091,0.12
NP_001269154.1,21,0.9000000000000001,0.9875,0.9875,0.7619047619047619
NP_001269862.1,22,0.8095238095238095,1.0,1.0,0.045454545454545456
NP_001273003.2,48,0.8226086956521739,0.9026086956521739,0.9217391304347826,0.4791666666666667
NP_001275880.1,22,0.9122807017543859,1.0,1.0,0.13636363636363635
NP_001278.1,44,0.9455337690631808,0.9629629629629628,0.9869281045751633,0.6136363636363636
NP_001278650.1,41,0.868131868131868,0.956043956043956,0.956043956043956,0.3170731707317073
NP_001278933.1,23,0.8333333333333334,0.9444444444444445,1.0,0.782608695652174
NP_001288.3,40,0.924731182795699,0.924731182795699,0.978494623655914,0.225
NP_001289.1,85,0.949771689497717,0.9714611872146119,0.9908675799086758,0.8588235294117647
NP_001290039.1,31,0.9571428571428571,1.0,1.0,0.6774193548387096
NP_001290185.1,34,0.8278388278388278,0.9340659340659341,0.9853479853479854,0.6176470588235294
NP_001290425.1,33,0.36500000000000005,0.74,0.83,0.24242424242424243
NP_001291646.4,174,0.9837467921300257,0.998289136013687,0.998289136013687,0.9597701149425287
NP_001293061.2,70,0.9753466872110941,0.987673343605547,0.987673343605547,0.15714285714285714
NP_001308943.1,53,0.8711538461538462,0.8980769230769231,0.9711538461538461,0.24528301886792453
NP_001308971.2,30,0.9807692307692308,1.0,1.0,0.13333333333333333
NP_001340274.1,37,0.9074074074074074,0.9925925925925926,0.9925925925925926,0.2702702702702703
NP_001341530.2,25,0.9090909090909092,0.9696969696969697,0.9848484848484849,0.88
NP_001349700.1,25,1.0,1.0,1.0,0.84
NP_001351.2,86,0.8475609756097561,0.9786585365853658,1.0,0.9534883720930233
NP_001352465.1,47,0.8275862068965517,0.9003831417624522,0.9003831417624522,0.3829787234042553
NP_001354752.1,21,0.9,0.9,1.0,0.047619047619047616
NP_001355847.1,47,0.696969696969697,0.9772727272727273,0.9924242424242424,0.9361702127659575
NP_001357188.2,98,0.8222222222222222,0.9791666666666666,0.9888888888888889,0.9183673469387755
NP_001357587.1,56,0.9058823529411764,0.9607843137254901,0.9882352941176471,0.9107142857142857
NP_001358995.1,27,1.0,1.0,1.0,0.9259259259259259
NP_001366127.1,177,0.7430232558139535,0.8872093023255815,0.9953488372093023,0.02824858757062147
NP_001366429.1,42,0.7804878048780488,0.9512195121951219,0.9512195121951219,0.023809523809523808
NP_001387.2,94,0.9559523809523809,0.9571428571428572,0.9904761904761905,0.2553191489361702
NP_001390.1,101,0.788235294117647,0.8889705882352942,0.9522058823529411,0.8415841584158416
NP_001421.2,51,0.8673469387755103,0.9489795918367347,0.9795918367346939,0.0392156862745098
NP_001444.2,25,0.9841269841269842,1.0,1.0,0.72
NP_001531.1,21,0.8148148148148149,0.8148148148148149,0.8703703703703705,0.8571428571428571
NP_001596.2,23,0.976923076923077,0.9538461538461538,0.9538461538461538,0.43478260869565216
NP_001605.1,44,0.5119047619047619,0.7619047619047619,0.8928571428571428,0.9545454545454546
NP_001672.1,21,0.8529411764705882,0.9411764705882353,1.0,0.8095238095238095
NP_001745.2,41,0.9976190476190476,1.0,1.0,0.5121951219512195
NP_001821.2,33,0.8455882352941176,0.9007352941176471,1.0,0.5151515151515151
NP_001835.3,402,0.9622366545224141,0.9757009345794393,0.9835894186599081,0.7338308457711443
NP_001837.2,89,0.9954954954954955,0.9882882882882883,0.9981981981981982,0.16853932584269662
NP_001839.2,134,0.9055555555555557,0.9005050505050505,0.9393939393939396,0.3283582089552239
NP_001840.3,122,0.8600217864923746,0.9651416122004357,0.9926470588235293,0.4426229508196721
NP_001843.1,20,0.9473684210526316,0.9473684210526316,1.0,0.05
NP_001845.3,154,0.9162581699346405,0.9640522875816994,0.9767156862745099,0.11688311688311688
NP_001866.2,61,0.9285714285714286,0.9296536796536797,0.9523809523809523,0.45901639344262296
NP_001867.2,28,0.8663101604278075,0.946524064171123,1.0,0.39285714285714285
NP_001909.4,29,0.9471153846153846,0.9807692307692308,0.9951923076923077,0.5517241379310345
NP_001918.3,31,0.9310344827586207,0.9482758620689655,0.9655172413793104,0.9354838709677419
NP_001934.2,35,0.8600000000000001,0.8800000000000001,0.9666666666666667,0.14285714285714285
NP_001944.1,31,0.9095238095238094,0.9190476190476191,0.9904761904761905,0.6774193548387096
NP_001949.1,36,0.4581818181818182,0.6145454545454545,0.7236363636363636,0.6944444444444444
NP_001963.1,55,0.9644444444444444,0.9666666666666666,0.9666666666666667,0.8181818181818182
NP_002011.2,28,0.7555555555555555,0.9833333333333334,1.0,0.35714285714285715
NP_002038.2,32,0.8658008658008658,0.9004329004329004,0.922077922077922,0.65625
NP_002040.1,26,0.8421052631578947,0.8571428571428572,0.9473684210526316,0.2692307692307692
NP_002046.1,51,0.9727272727272727,0.9136363636363636,0.9454545454545454,0.7843137254901961
NP_002065.1,33,0.665,0.895,0.895,0.7575757575757576
NP_002151.2,57,0.125,0.125,0.7142857142857143,0.017543859649122806
NP_002171.2,45,0.9444444444444444,0.9126984126984127,0.9523809523809523,0.5333333333333333
NP_002176.2,20,0.48958333333333337,0.7708333333333333,1.0,0.4
NP_002283.3,28,0.9423076923076923,0.9615384615384616,1.0,0.07142857142857142
NP_002307.2,28,0.8695652173913044,0.9652173913043478,1.0,0.8214285714285714
NP_002326.2,67,0.8574468085106383,0.9180851063829788,0.9627659574468085,0.7014925373134329
NP_002372.1,20,0.84375,0.75,0.984375,0.2
NP_002388.2,37,0.7911764705882354,0.8558823529411765,0.9088235294117646,0.5405405405405406
NP_002411.3,37,0.8172043010752688,0.8387096774193548,0.9086021505376345,0.16216216216216217
NP_002430.3,21,0.050000000000000044,0.050000000000000044,0.8,0.047619047619047616
NP_002445.2,20,0.9019607843137254,0.9411764705882353,1.0,0.15
NP_002461.2,49,0.9132653061224489,0.935374149659864,0.943877551020408,0.42857142857142855
NP_002462.2,30,0.8365384615384616,0.7884615384615384,0.8365384615384616,0.13333333333333333
NP_002463.2,23,0.31818181818181823,0.7272727272727273,1.0,0.043478260869565216
NP_002464.1,71,0.846031746031746,0.8841269841269842,0.9182539682539682,0.49295774647887325
NP_002492.2,27,0.8695652173913043,0.8260869565217391,0.9456521739130435,0.8518518518518519
NP_002520.2,48,0.8539130434782609,0.9739130434782608,0.9739130434782608,0.4791666666666667
NP_002538.1,20,0.8333333333333335,0.8809523809523809,0.880952380952381,0.3
NP_002600.1,90,0.9735327963176065,0.9850402761795167,0.998849252013809,0.12222222222222222
NP_002632.1,32,0.8293650793650794,0.8571428571428571,0.9087301587301588,0.4375
NP_002652.2,42,0.7999999999999999,0.7625,0.8875,0.047619047619047616
NP_002653.1,23,0.8333333333333334,0.9833333333333333,1.0,0.13043478260869565
NP_002684.1,101,0.9320728291316527,0.9628851540616246,0.9642857142857143,0.8316831683168316
NP_002730.1,22,0.8888888888888888,0.9722222222222222,0.9722222222222222,0.8181818181818182
NP_002746.1,32,0.8,0.9833333333333334,1.0,0.9375
NP_002760.1,22,0.6923076923076923,0.7350427350427351,0.8290598290598291,0.4090909090909091
NP_002825.3,118,0.928409090909091,0.9477272727272728,0.9761363636363637,0.9322033898305084
NP_002851.2,25,0.75,0.8455882352941176,0.8602941176470589,0.68
NP_002854.3,23,0.8484848484848484,0.9242424242424243,0.946969696969697,0.5217391304347826
NP_002932.1,22,1.0,1.0,1.0,0.045454545454545456
NP_002959.2,35,0.5882352941176471,0.5,0.7941176470588236,0.02857142857142857
NP_002991.2,72,0.9393939393939394,0.994949494949495,0.994949494949495,0.9166666666666666
NP_002993.1,30,0.9134615384615384,0.9230769230769231,0.9903846153846154,0.8666666666666667
NP_003014.3,24,0.008403361344537816,0.1092436974789916,0.8655462184873949,0.2916666666666667
NP_003027.1,41,0.36602870813397126,0.916267942583732,0.9952153110047848,0.4634146341463415
NP_003033.3,113,0.9252837326607817,0.9205548549810846,0.9397856242118537,0.5398230088495575
NP_003051.1,83,0.8685300207039337,0.9937888198757765,1.0,0.8313253012048193
NP_003061.3,134,0.9600269481248597,0.9743992813833371,0.9831574219627218,0.5447761194029851
NP_003099.1,39,0.9324324324324325,0.972972972972973,0.972972972972973,0.9487179487179487
NP_003110.1,32,0.959090909090909,0.990909090909091,0.990909090909091,0.6875
NP_003150.1,170,0.9637458006718925,0.9913213885778276,0.9913213885778276,0.5529411764705883
NP_003156.1,124,0.8710801393728224,0.8928571428571429,0.9422183507549361,0.6612903225806451
NP_003233.4,74,0.8750000000000001,0.9387254901960785,0.9803921568627452,0.918918918918919
NP_003313.3,28,0.8843537414965986,1.0,1.0,0.75
NP_003325.2,31,0.09999999999999998,0.23333333333333328,0.6333333333333333,0.03225806451612903
NP_003352.2,46,0.7064935064935065,0.9116883116883118,0.9896103896103896,0.7608695652173914
NP_003482.1,22,0.9523809523809523,0.9523809523809523,1.0,0.9545454545454546
NP_003485.1,125,0.7383933229003651,0.8630672926447575,0.9225352112676056,0.432
NP_003551.2,58,0.939622641509434,0.9735849056603774,1.0,0.9137931034482759
NP_003570.2,44,0.83125,0.9187500000000001,0.9187500000000001,0.09090909090909091
NP_003602.1,49,0.8643410852713178,0.937984496124031,0.937984496124031,0.12244897959183673
NP_003631.2,21,1.0,1.0,1.0,0.09523809523809523
NP_003679.2,37,0.6592592592592592,0.7148148148148148,0.7444444444444445,0.7297297297297297
NP_003709.3,74,0.8958333333333334,0.9483333333333334,0.9566666666666668,0.32432432432432434
NP_003713.3,67,0.8461538461538463,0.9192307692307694,0.9666666666666667,0.7761194029850746
NP_003733.2,73,0.9245852187028658,0.973604826546003,0.9864253393665159,0.5342465753424658
NP_003886.3,26,0.76,0.96,0.96,0.038461538461538464
NP_003898.2,50,0.7840909090909092,0.9053030303030303,1.0,0.88
NP_003986.2,20,0.5277777777777778,0.7222222222222222,0.7777777777777778,0.9
NP_003995.2,99,0.8804945054945055,0.9203296703296704,0.9697802197802198,0.9191919191919192
NP_004046.2,25,0.8636363636363635,0.8939393939393939,0.9090909090909091,0.12
NP_004073.2,30,0.8322981366459627,0.9006211180124224,0.9440993788819876,0.23333333333333334
NP_004083.3,33,0.9555555555555556,0.9666666666666668,0.9777777777777779,0.9090909090909091
NP_004162.2,49,0.7551020408163265,0.7482993197278911,0.8197278911564625,0.14285714285714285
NP_004174.1,170,0.9903593339176161,0.9903593339176161,0.9903593339176161,0.9588235294117647
NP_004178.2,65,0.9333333333333333,0.9685714285714285,0.9742857142857143,0.46153846153846156
NP_004199.1,27,0.8516483516483516,0.9505494505494506,0.9615384615384615,0.48148148148148145
NP_004202.4,35,0.9795918367346939,0.9795918367346939,1.0,0.2
NP_004230.2,31,0.5517241379310345,0.8793103448275863,0.8793103448275863,0.06451612903225806
NP_004238.3,27,0.9888888888888889,0.9944444444444445,1.0,0.5555555555555556
NP_004251.4,49,0.7093023255813954,0.8062015503875969,0.8062015503875969,0.12244897959183673
NP_004272.2,21,0.9777777777777779,1.0,1.0,0.2857142857142857
NP_004290.2,22,0.8588235294117648,0.9176470588235294,0.9176470588235295,0.22727272727272727
NP_004295.2,39,0.7428571428571429,0.7357142857142858,0.9285714285714285,0.10256410256410256
NP_004312.2,171,0.6455129997204362,0.8969807100922561,0.9467430807939614,0.5730994152046783
NP_004319.1,21,0.8235294117647058,1.0,1.0,0.8095238095238095
NP_004324.2,98,0.9227272727272727,0.9625,0.9772727272727272,0.8979591836734694
NP_004351.1,55,0.5743801652892562,0.5867768595041323,0.7747933884297521,0.2
NP_004357.3,24,0.9125000000000001,0.95,1.0,0.16666666666666666
NP_004362.2,74,0.9191176470588235,0.9632352941176471,0.9926470588235294,0.08108108108108109
NP_004399.2,77,0.8054421768707483,0.8598639455782313,0.8993197278911564,0.45454545454545453
NP_004422.2,23,0.9090909090909091,1.0,1.0,0.043478260869565216
NP_004435.3,76,0.85727969348659,0.9798850574712644,0.9798850574712644,0.23684210526315788
NP_004437.2,20,1.0,0.9722222222222222,0.9722222222222222,0.1
NP_004444.2,81,0.9368421052631579,0.9236842105263158,0.9315789473684211,0.9382716049382716
NP_004447.2,39,0.9171122994652406,0.946524064171123,0.9839572192513368,0.5641025641025641
NP_004454.2,21,0.861111111111111,0.9537037037037037,1.0,0.42857142857142855
NP_004475.1,63,0.32258064516129037,0.6774193548387097,0.6774193548387097,0.015873015873015872
NP_004510.1,41,0.943627450980392,0.9705882352941176,0.9828431372549019,0.5853658536585366
NP_004514.2,38,1.0,0.948529411764706,0.948529411764706,0.10526315789473684
NP_004551.2,32,0.8571428571428571,0.7599999999999999,0.8342857142857143,0.21875
NP_004563.2,27,0.7642857142857143,0.9428571428571428,0.9428571428571428,0.25925925925925924
NP_004577.1,31,0.9782608695652174,0.9945652173913043,1.0,0.7419354838709677
NP_004603.1,45,0.8984962406015038,1.0,1.0,0.8444444444444444
NP_004605.4,25,0.9285714285714286,0.9523809523809523,0.9642857142857143,0.84
NP_004637.1,82,0.8018237082066869,0.8887537993920973,0.950759878419453,0.4268292682926829
NP_004691.2,25,0.8466666666666667,0.8733333333333333,0.9533333333333334,0.6
NP_004784.2,66,0.671875,0.703125,0.859375,0.030303030303030304
NP_004808.2,20,1.0,1.0,1.0,0.25
NP_004886.3,48,0.8174603174603176,0.8253968253968254,0.8968253968253967,0.875
NP_004928.2,31,0.9914529914529915,0.9871794871794872,0.9871794871794872,0.5806451612903226
NP_004936.2,42,0.7427884615384616,0.84375,0.84375,0.6190476190476191
NP_004937.1,23,0.9545454545454546,1.0,1.0,0.043478260869565216
NP_004950.2,25,0.9090909090909092,0.9393939393939394,1.0,0.88
NP_004951.1,21,0.37037037037037035,0.8148148148148149,0.9074074074074074,0.5714285714285714
NP_004965.1,42,0.9501466275659824,1.0,1.0,0.7380952380952381
NP_004966.1,156,0.9577105978260869,0.9859035326086957,0.9859035326086957,0.41025641025641024
NP_004971.2,20,1.0,1.0,1.0,0.8
NP_004975.2,78,0.8438634713144517,0.8656499636891792,0.9419026870007261,0.34615384615384615
NP_005008.2,21,1.0,1.0,1.0,0.3333333333333333
NP_005018.2,43,0.9242424242424242,0.9333333333333333,0.9333333333333333,0.23255813953488372
NP_005041.1,20,1.0,1.0,1.0,0.1
NP_005111.2,97,0.8394444444444444,0.9177777777777777,0.9788888888888889,0.25773195876288657
NP_005112.2,30,0.6923076923076923,0.8846153846153846,0.8846153846153846,0.13333333333333333
NP_005135.2,34,0.96875,1.0,1.0,0.058823529411764705
NP_005174.2,41,0.8555555555555556,0.9833333333333333,1.0,0.12195121951219512
NP_005179.2,28,0.8923076923076924,0.958974358974359,0.9897435897435898,0.4642857142857143
NP_005202.2,91,0.9884848484848485,0.9915151515151515,0.9915151515151515,0.27472527472527475
NP_005240.3,126,0.9151234567901234,0.970679012345679,0.9930555555555556,0.5714285714285714
NP_005258.2,38,0.9038461538461539,0.9358974358974359,0.9743589743589745,0.6842105263157895
NP_005325.2,33,0.7357142857142859,0.9857142857142858,0.9857142857142858,0.15151515151515152
NP_005350.1,26,0.8666666666666667,0.9047619047619049,0.9523809523809524,0.8076923076923077
NP_005351.2,20,0.9230769230769231,0.9780219780219781,0.9780219780219781,0.65
NP_005413.2,32,0.8681818181818182,0.9545454545454545,0.9545454545454545,0.3125
NP_005436.1,35,0.8800000000000001,0.96,0.9733333333333334,0.8571428571428571
NP_005449.5,82,0.7888513513513513,0.8547297297297297,0.8547297297297297,0.0975609756097561
NP_005468.1,32,0.9727272727272728,0.9954545454545455,1.0,0.3125
NP_005493.2,67,0.8571428571428572,0.9484126984126984,0.9603174603174603,0.05970149253731343
NP_005526.1,25,0.9047619047619047,0.9404761904761905,0.9404761904761905,0.16
NP_005545.1,25,0.8589743589743589,0.9615384615384616,1.0,0.48
NP_005546.2,25,0.8181818181818181,0.9545454545454546,0.9848484848484849,0.12
NP_005548.2,26,0.84375,0.9625,0.96875,0.38461538461538464
NP_005553.2,24,1.0,1.0,1.0,0.041666666666666664
NP_005563.1,158,0.21656050955414013,0.35668789808917195,0.6624203821656051,0.9936708860759493
NP_005594.2,20,0.8958333333333334,0.9166666666666666,0.9583333333333334,0.4
NP_005600.1,26,0.8095238095238095,0.8285714285714287,0.9238095238095237,0.8076923076923077
NP_005620.1,57,0.9202279202279202,0.9743589743589745,0.9886039886039887,0.3157894736842105
NP_005621.2,20,0.9761904761904763,1.0,1.0,0.3
NP_005624.2,84,0.8979591836734694,0.9183673469387754,0.931195335276968,0.5833333333333334
NP_005641.1,66,0.6878306878306878,0.9735449735449736,0.9735449735449736,0.045454545454545456
NP_005645.1,44,0.9641025641025641,1.0,1.0,0.8863636363636364
NP_005673.3,28,0.703125,0.7916666666666666,0.9427083333333333,0.42857142857142855
NP_005682.2,25,1.0,1.0,1.0,0.88
NP_005850.1,46,0.93993993993994,0.933933933933934,0.96996996996997,0.8043478260869565
NP_005853.2,26,0.64375,0.85,0.90625,0.38461538461538464
NP_005893.1,25,0.9130434782608696,1.0,1.0,0.92
NP_005903.2,21,0.9814814814814815,0.9814814814814815,0.9814814814814815,0.8571428571428571
NP_005912.1,28,0.8695652173913044,0.8782608695652174,1.0,0.17857142857142858
NP_005984.3,27,0.9473684210526316,0.9605263157894737,0.980263157894737,0.2962962962962963
NP_005996.2,83,0.666060606060606,0.8824242424242424,0.9551515151515151,0.6024096385542169
NP_006000.2,150,0.87248322147651,0.9395973154362416,0.9932885906040269,0.9933333333333333
NP_006006.3,129,0.877877877877878,0.9444444444444444,0.9474474474474475,0.13953488372093023
NP_006026.3,20,0.8484848484848485,0.9898989898989898,0.9898989898989898,0.45
NP_006028.2,28,0.9807692307692308,0.9807692307692308,1.0,0.07142857142857142
NP_006077.2,40,0.7477477477477478,0.8288288288288288,0.8288288288288288,0.925
NP_006078.2,38,0.6484848484848484,0.6242424242424243,0.7818181818181819,0.868421052631579
NP_006112.3,29,0.985576923076923,0.9423076923076924,0.9951923076923076,0.5517241379310345
NP_006114.1,88,0.9258620689655173,0.935632183908046,0.9614942528735632,0.6590909090909091
NP_006138.1,31,0.9047619047619048,1.0,1.0,0.9032258064516129
NP_006155.2,22,1.0,1.0,1.0,0.045454545454545456
NP_006209.2,53,0.8416666666666666,0.7791666666666667,0.9375,0.9056603773584906
NP_006222.2,34,0.7741935483870968,0.9139784946236559,0.9247311827956989,0.08823529411764706
NP_006236.1,20,0.7976190476190477,0.8333333333333334,0.8809523809523809,0.7
NP_006260.1,34,0.724867724867725,0.8783068783068784,0.9470899470899472,0.20588235294117646
NP_006281.1,26,0.88,1.0,1.0,0.038461538461538464
NP_006297.2,79,0.8880455407969639,0.9648956356736244,0.9648956356736244,0.7848101265822784
NP_006334.2,29,0.8484848484848486,0.9949494949494949,0.9949494949494949,0.3793103448275862
NP_006507.2,88,0.846875,0.946875,0.9734375,0.9090909090909091
NP_006508.2,39,0.9473684210526316,0.9394736842105262,0.9710526315789474,0.48717948717948717
NP_006556.1,30,0.9305555555555556,0.9722222222222222,1.0,0.8
NP_006558.1,26,0.869281045751634,0.9934640522875816,0.9934640522875816,0.6538461538461539
NP_006570.1,32,0.8229166666666667,0.8802083333333334,0.90625,0.75
NP_006693.3,23,0.8928571428571428,0.8928571428571428,0.9375,0.6956521739130435
NP_006757.2,183,0.5842696629213483,0.8955056179775281,0.9325842696629214,0.0273224043715847
NP_006758.2,26,0.6095238095238096,0.9238095238095239,0.9904761904761905,0.8076923076923077
NP_006763.2,126,0.883869179600887,0.9104767184035477,0.9190687361419069,0.3492063492063492
NP_006787.2,28,0.9545454545454546,0.8636363636363638,0.9696969696969697,0.7857142857142857
NP_008846.2,28,1.0,1.0,1.0,0.21428571428571427
NP_008853.3,56,0.8591749644381224,0.9573257467994309,0.9573257467994309,0.3392857142857143
NP_008870.2,75,0.8970588235294118,0.8613445378151261,0.9243697478991596,0.09333333333333334
NP_008871.3,23,0.48039215686274517,0.8333333333333334,0.9117647058823529,0.7391304347826086
NP_008872.1,32,0.8055555555555556,0.9880952380952381,1.0,0.5625
NP_008986.2,23,0.7410714285714286,0.8214285714285714,0.9821428571428572,0.6956521739130435
NP_009006.2,42,0.8571428571428572,0.8801020408163266,0.9081632653061225,0.3333333333333333
NP_009009.1,60,0.9661016949152542,0.728813559322034,0.8305084745762712,0.016666666666666666
NP_009034.2,22,0.631578947368421,0.8070175438596492,1.0,0.8636363636363636
NP_009057.1,26,1.0,1.0,1.0,0.9615384615384616
NP_009297.2,105,0.9262640449438202,0.9297752808988764,0.9655898876404495,0.1523809523809524
NP_009330.1,39,0.8947368421052632,0.868421052631579,0.868421052631579,0.9743589743589743
NP_015556.1,37,0.6714285714285714,0.8,0.9142857142857144,0.1891891891891892
NP_015566.1,96,0.7535501603298214,0.7796610169491526,0.8873110398534128,0.6145833333333334
NP_036192.2,25,1.0,1.0,1.0,0.96
NP_036214.2,26,0.0,0.4,0.6,0.038461538461538464
NP_036234.3,69,0.8160377358490567,0.9233490566037736,0.9233490566037736,0.2318840579710145
NP_036276.1,20,0.8214285714285714,0.9047619047619049,0.9285714285714286,0.3
NP_036292.2,25,0.875,1.0,1.0,0.96
NP_036356.1,21,0.8088235294117647,0.8970588235294117,0.926470588235294,0.19047619047619047
NP_036462.2,93,0.5204545454545455,0.6840909090909092,0.6840909090909092,0.053763440860215055
NP_037466.3,21,0.8676470588235294,0.9852941176470589,0.9852941176470589,0.8095238095238095
NP_038460.4,34,1.0,1.0,1.0,0.029411764705882353
NP_038475.2,44,0.9302325581395349,0.7209302325581395,0.7209302325581395,0.022727272727272728
NP_054728.2,43,0.9072398190045249,0.8936651583710407,0.923076923076923,0.3953488372093023
NP_054733.2,29,0.9263157894736843,0.9526315789473685,1.0,0.3448275862068966
NP_054768.2,34,0.7951388888888888,0.8888888888888888,0.9340277777777778,0.5294117647058824
NP_054799.4,40,0.803921568627451,0.838235294117647,0.9215686274509803,0.15
NP_054831.2,51,0.6700404858299596,0.9858299595141701,0.9858299595141701,0.2549019607843137
NP_054858.2,55,0.86,0.916,0.948,0.09090909090909091
NP_054859.2,28,1.0,1.0,1.0,0.42857142857142855
NP_055006.1,192,0.761039886039886,0.8782051282051282,0.8961894586894588,0.8125
NP_055023.2,44,0.58125,0.7375,0.90625,0.09090909090909091
NP_055040.2,27,0.7087912087912087,0.8736263736263737,0.9505494505494505,0.48148148148148145
NP_055064.1,26,0.8472222222222222,0.7638888888888888,0.9166666666666667,0.6923076923076923
NP_055238.1,22,0.2638888888888889,0.5277777777777778,0.986111111111111,0.18181818181818182
NP_055400.1,29,0.9754901960784312,0.9852941176470589,0.9852941176470589,0.5862068965517241
NP_055440.1,20,0.9375,0.96875,0.984375,0.8
NP_055454.1,22,1.0,1.0,1.0,0.045454545454545456
NP_055527.1,24,0.8636363636363635,0.9545454545454546,0.9545454545454546,0.08333333333333333
NP_055529.2,57,0.7611111111111111,0.825925925925926,0.9166666666666667,0.21052631578947367
NP_055595.2,26,0.7954545454545455,0.8636363636363636,0.9772727272727273,0.15384615384615385
NP_055610.1,129,0.8011538461538462,0.9892307692307692,0.9892307692307692,0.1937984496124031
NP_055619.2,24,1.0,1.0,1.0,0.041666666666666664
NP_055689.1,104,0.9183673469387756,0.9931972789115646,1.0,0.9423076923076923
NP_055761.2,153,0.9956794972505891,0.9901806755695208,0.9901806755695208,0.8758169934640523
NP_055771.4,30,0.4107142857142857,0.9285714285714286,1.0,0.06666666666666667
NP_055840.2,35,0.7066666666666667,0.8766666666666667,0.9233333333333333,0.5714285714285714
NP_055887.3,20,1.0,1.0,1.0,0.1
NP_055915.2,46,0.7567567567567568,0.7357357357357357,0.8978978978978979,0.1956521739130435
NP_055917.1,26,1.0,1.0,1.0,0.07692307692307693
NP_055929.1,24,0.4347826086956522,0.8260869565217391,0.9565217391304348,0.041666666666666664
NP_055940.3,39,0.4,0.8071428571428572,0.9714285714285714,0.10256410256410256
NP_055981.1,27,0.14197530864197533,0.6790123456790125,0.9753086419753088,0.6666666666666666
NP_056080.1,78,0.8236111111111111,0.9145833333333333,0.9517361111111111,0.38461538461538464
NP_056087.2,21,0.5147058823529411,0.6470588235294117,0.8529411764705882,0.19047619047619047
NP_056092.2,82,0.68125,0.85625,0.85625,0.024390243902439025
NP_056150.1,142,0.6061007957559682,0.7589522546419097,0.8826259946949602,0.18309859154929578
NP_056155.1,24,0.9609375,0.9296875,0.96875,0.6666666666666666
NP_056240.2,22,0.9523809523809523,1.0,1.0,0.045454545454545456
NP_056321.2,29,0.2028985507246377,0.42028985507246375,0.9420289855072463,0.7931034482758621
NP_056346.3,53,0.29411764705882354,0.9019607843137254,0.9019607843137254,0.03773584905660377
NP_056374.2,212,0.8056923918992884,0.9967159277504105,0.9967159277504105,0.04245283018867924
NP_056375.2,82,0.8756038647342995,0.9335748792270532,0.9836956521739131,0.43902439024390244
NP_056385.1,69,0.7499999999999999,0.8923076923076924,0.903846153846154,0.057971014492753624
NP_056477.1,25,0.19047619047619047,0.35714285714285715,0.8333333333333334,0.16
NP_056536.2,26,0.0,0.88,1.0,0.038461538461538464
NP_056999.2,56,0.7037037037037037,0.7777777777777778,0.9537037037037037,0.9642857142857143
NP_057006.1,25,1.0,0.988095238095238,0.988095238095238,0.16
NP_057062.1,27,0.6304347826086957,0.782608695652174,0.8369565217391305,0.14814814814814814
NP_057195.2,28,0.7692307692307692,0.9615384615384616,1.0,0.07142857142857142
NP_057264.4,21,1.0,0.9666666666666667,0.9888888888888889,0.7142857142857143
NP_057287.2,29,0.9855769230769231,1.0,1.0,0.5517241379310345
NP_057425.3,20,1.0,1.0,1.0,0.05
NP_057457.1,24,0.8425925925925927,0.7962962962962963,0.7962962962962963,0.25
NP_057664.1,40,0.986842105263158,1.0,1.0,0.05
NP_058633.2,36,0.3142857142857143,0.6,0.6,0.027777777777777776
NP_058648.4,33,0.6451612903225806,0.5,0.9032258064516129,0.06060606060606061
NP_060106.2,22,0.9523809523809523,0.8095238095238095,0.8095238095238095,0.045454545454545456
NP_060111.2,33,0.8777777777777778,0.9666666666666667,1.0,0.09090909090909091
NP_060121.3,47,0.9666666666666667,0.9740740740740741,0.9796296296296297,0.425531914893617
NP_060124.2,46,0.6051587301587302,0.7103174603174603,0.7103174603174603,0.391304347826087
NP_060132.3,23,0.8333333333333334,0.9,0.9,0.13043478260869565
NP_060215.4,41,0.8,0.875,1.0,0.024390243902439025
NP_060272.3,25,0.8695652173913044,0.9347826086956521,1.0,0.08
NP_060404.4,37,0.7529761904761905,0.7916666666666666,0.8898809523809523,0.43243243243243246
NP_060420.2,27,0.3076923076923077,0.2692307692307693,0.8076923076923077,0.037037037037037035
NP_060476.2,23,0.9307692307692307,0.9923076923076923,0.9923076923076923,0.43478260869565216
NP_060496.2,39,0.6944444444444444,0.888888888888889,0.9166666666666666,0.07692307692307693
NP_060521.4,26,0.96,0.96,1.0,0.038461538461538464
NP_060546.2,25,0.9583333333333334,1.0,1.0,0.04
NP_060552.4,22,0.75,0.8020833333333334,0.875,0.7272727272727273
NP_060592.2,20,0.9285714285714286,0.9285714285714286,0.9880952380952381,0.7
NP_060663.2,21,0.5526315789473684,0.8421052631578947,1.0,0.09523809523809523
NP_060733.4,37,0.6,0.6,0.9142857142857143,0.05405405405405406
NP_060798.2,135,0.39097744360902253,0.7330827067669173,0.7669172932330828,0.014814814814814815
NP_060956.1,39,0.9382716049382717,0.9969135802469136,0.9969135802469136,0.6923076923076923
NP_060958.2,25,0.8571428571428571,0.9365079365079365,1.0,0.28
NP_061155.2,25,0.6304347826086957,0.6304347826086957,0.782608695652174,0.08
NP_061905.2,28,0.9615384615384616,1.0,1.0,0.07142857142857142
NP_061939.3,46,0.2666666666666667,0.7777777777777778,0.7777777777777778,0.021739130434782608
NP_061971.3,28,0.893939393939394,0.8636363636363636,0.8636363636363636,0.21428571428571427
NP_061982.3,30,0.9196428571428571,0.8973214285714285,1.0,0.5333333333333333
NP_063916.1,32,0.5806451612903226,0.9032258064516129,0.9354838709677419,0.96875
NP_063945.2,35,0.9305555555555556,0.962962962962963,0.9907407407407407,0.7714285714285715
NP_064502.9,20,0.72,0.8133333333333334,0.8266666666666667,0.25
NP_064551.3,24,0.881118881118881,0.9090909090909091,0.958041958041958,0.5416666666666666
NP_064632.2,32,0.9783549783549783,0.987012987012987,1.0,0.65625
NP_064716.2,25,1.0,1.0,1.0,0.52
NP_065071.1,26,0.6095238095238095,0.6666666666666667,0.8285714285714285,0.19230769230769232
NP_065099.3,20,0.921875,0.84375,0.921875,0.2
NP_065770.1,38,0.9189189189189189,1.0,1.0,0.02631578947368421
NP_065796.2,32,0.854251012145749,0.8947368421052633,0.9109311740890689,0.40625
NP_065811.1,68,0.9503161698283649,0.971093044263776,0.9728997289972899,0.39705882352941174
NP_065873.2,151,0.9189388356669124,0.9322033898305084,0.9322033898305084,0.39072847682119205
NP_065979.1,52,0.5,0.8200000000000001,0.91,0.038461538461538464
NP_066005.2,32,0.2833333333333333,0.44999999999999996,0.6166666666666667,0.0625
NP_066124.1,74,0.8561507936507936,0.9226190476190477,0.9781746031746033,0.7567567567567568
NP_066264.4,35,0.8166666666666667,0.9466666666666667,0.9466666666666667,0.42857142857142855
NP_066268.1,67,0.7610294117647058,0.9828431372549019,0.9828431372549019,0.7611940298507462
NP_066287.2,270,0.9149560117302054,0.9523460410557185,0.9825879765395894,0.9185185185185185
NP_066288.2,43,0.8611111111111112,0.9699074074074074,0.9907407407407407,0.627906976744186
NP_066550.2,76,0.9357142857142857,0.9339285714285714,0.9758928571428571,0.2631578947368421
NP_066963.2,47,0.8346774193548387,0.9213709677419355,0.9213709677419355,0.3404255319148936
NP_067032.3,25,0.6597222222222221,0.8125,0.8888888888888888,0.36
NP_067638.3,66,0.6931818181818182,0.7117768595041322,0.8181818181818181,0.6666666666666666
NP_068602.2,29,0.76,0.87,0.87,0.8620689655172413
NP_068711.1,66,0.9568014705882353,0.9696691176470589,0.9751838235294118,0.48484848484848486
NP_068712.1,62,0.9882352941176471,0.9830065359477124,0.9908496732026144,0.7258064516129032
NP_068776.2,22,1.0,1.0,1.0,0.18181818181818182
NP_071357.2,28,0.5416666666666667,0.65625,0.65625,0.14285714285714285
NP_071378.1,25,0.9696969696969697,0.9242424242424242,0.9393939393939393,0.12
NP_071415.1,41,0.9035087719298246,0.9824561403508772,1.0,0.926829268292683
NP_071445.1,55,0.818840579710145,0.8260869565217391,0.9033816425120773,0.16363636363636364
NP_071451.2,104,0.8267117497886729,0.8757396449704142,0.8757396449704142,0.125
NP_071731.1,27,0.7090909090909091,0.8,0.8545454545454546,0.8148148148148148
NP_071765.2,33,0.8602941176470588,0.8970588235294118,0.9926470588235294,0.48484848484848486
NP_071934.3,99,0.5681081081081081,0.9535135135135134,0.981081081081081,0.25252525252525254
NP_073746.2,32,0.935483870967742,0.967741935483871,1.0,0.03125
NP_075598.2,52,0.8070953436807097,0.9778270509977827,0.9822616407982262,0.7884615384615384
NP_076927.1,32,0.9947916666666666,1.0,1.0,0.75
NP_077015.2,33,1.0,0.9444444444444444,0.9444444444444444,0.09090909090909091
NP_077277.1,30,0.9642857142857143,0.8571428571428572,0.9464285714285714,0.9333333333333333
NP_077282.3,20,0.898989898989899,0.9595959595959596,1.0,0.55
NP_077288.2,38,0.8115942028985508,0.9391304347826087,0.9565217391304348,0.6052631578947368
NP_077744.4,29,0.8166666666666667,0.8333333333333334,0.9416666666666667,0.8275862068965517
NP_078789.2,40,0.9230769230769231,1.0,1.0,0.025
NP_078853.2,36,0.9241071428571428,0.9419642857142858,0.9910714285714286,0.2222222222222222
NP_078875.4,27,0.0,0.42,0.9600000000000001,0.07407407407407407
NP_078941.2,41,0.9,1.0,1.0,0.975609756097561
NP_078951.2,27,0.0,0.6153846153846154,1.0,0.037037037037037035
NP_079005.3,45,0.7674418604651163,0.8953488372093023,0.9883720930232558,0.044444444444444446
NP_079033.4,270,0.9025117071094083,0.9702000851426138,0.9885057471264368,0.03333333333333333
NP_079272.4,29,0.8365384615384616,0.9182692307692308,0.9567307692307693,0.4482758620689655
NP_079375.3,26,0.5714285714285714,0.7904761904761906,0.8095238095238095,0.19230769230769232
NP_079408.3,23,0.8307692307692307,0.9076923076923077,0.9846153846153847,0.43478260869565216
NP_079455.3,24,0.8260869565217391,0.8260869565217391,0.8260869565217391,0.041666666666666664
NP_079492.2,28,0.8944444444444445,0.9444444444444444,0.9944444444444445,0.6428571428571429
NP_085135.1,94,0.7096774193548387,0.7741935483870968,0.8709677419354839,0.010638297872340425
NP_109587.1,29,0.8131313131313131,0.8737373737373737,0.8737373737373737,0.6206896551724138
NP_109590.3,202,0.8056951423785594,0.7370184254606365,0.8726968174204355,0.01485148514851485
NP_110440.1,21,0.8235294117647058,0.9117647058823528,0.9117647058823528,0.19047619047619047
NP_112190.2,21,0.9473684210526316,0.9736842105263158,1.0,0.09523809523809523
NP_113663.2,22,0.7619047619047619,0.7619047619047619,1.0,0.045454545454545456
NP_114032.2,67,0.8114754098360656,0.9207650273224044,0.9207650273224044,0.08955223880597014
NP_114423.1,20,0.9375,0.796875,1.0,0.8
NP_114432.2,28,0.8854166666666666,0.8333333333333334,0.96875,0.14285714285714285
NP_115484.2,25,0.6818181818181818,0.803030303030303,0.8333333333333334,0.12
NP_115763.2,46,0.2222222222222222,0.6,0.6,0.021739130434782608
NP_116027.2,53,0.9634146341463415,0.9979674796747967,0.9979674796747967,0.7735849056603774
NP_116045.2,30,0.9807692307692308,0.9903846153846154,1.0,0.13333333333333333
NP_116071.2,64,0.8632025450689289,0.9406150583244963,0.9607635206786851,0.359375
NP_116277.2,89,1.0,1.0,1.0,0.0449438202247191
NP_116575.3,30,0.8880000000000001,0.76,0.992,0.16666666666666666
NP_127497.1,37,0.18571428571428572,0.8285714285714286,0.8285714285714286,0.05405405405405406
NP_149045.3,33,0.8189655172413792,0.9396551724137931,0.9396551724137931,0.12121212121212122
NP_149075.2,20,0.8823529411764706,0.8235294117647058,1.0,0.15
NP_149091.1,24,0.9565217391304348,0.9565217391304348,1.0,0.041666666666666664
NP_443099.1,47,0.8108108108108107,0.8297297297297299,0.8297297297297299,0.7872340425531915
NP_443108.1,35,0.6333333333333333,0.8866666666666666,0.92,0.14285714285714285
NP_443711.2,21,0.7,0.9,0.9,0.2857142857142857
NP_536350.2,60,0.9947916666666666,0.9947916666666666,1.0,0.8
NP_542411.2,102,0.9030969030969032,0.887112887112887,0.921078921078921,0.10784313725490197
NP_570824.1,24,0.9074074074074073,0.8796296296296297,0.9259259259259259,0.75
NP_570853.1,36,0.875,0.9241071428571428,0.96875,0.7777777777777778
NP_570901.3,23,0.7,0.8777777777777778,0.9333333333333333,0.21739130434782608
NP_573566.2,24,0.9052631578947368,0.8947368421052633,1.0,0.20833333333333334
NP_579877.1,32,0.9195402298850575,1.0,1.0,0.09375
NP_598004.1,31,0.9021739130434783,0.9184782608695652,0.9891304347826088,0.25806451612903225
NP_612422.2,23,0.9313725490196079,0.9705882352941176,0.9705882352941176,0.7391304347826086
NP_612486.2,23,0.5892857142857143,0.6785714285714285,0.9732142857142857,0.30434782608695654
NP_612808.1,20,0.859375,0.953125,1.0,0.2
NP_620596.2,44,0.7724137931034483,0.8551724137931035,0.935632183908046,0.3409090909090909
NP_620689.1,43,0.7965367965367964,0.9264069264069263,0.9805194805194806,0.4883720930232558
NP_644805.1,85,0.7131011608623549,0.874792703150912,0.874792703150912,0.788235294117647
NP_647479.2,65,0.9365079365079365,0.9841269841269842,1.0,0.03076923076923077
NP_653178.3,28,0.33333333333333337,0.6666666666666667,0.8148148148148149,0.03571428571428571
NP_653213.6,22,0.9529411764705882,0.9647058823529412,0.9647058823529412,0.22727272727272727
NP_659403.4,41,1.0,1.0,1.0,0.024390243902439025
NP_659505.1,31,0.9047619047619047,0.9702380952380952,1.0,0.22580645161290322
NP_660208.2,26,0.9097744360902255,0.9172932330827067,0.9774436090225563,0.7307692307692307
NP_663304.1,21,0.8181818181818181,0.9727272727272727,0.9727272727272728,0.5238095238095238
NP_689509.1,98,0.6292134831460674,0.8789013732833958,0.9912609238451935,0.9081632653061225
NP_689632.2,25,0.8831168831168831,0.9870129870129869,1.0,0.56
NP_689656.2,41,0.9358974358974359,0.9615384615384615,0.9871794871794872,0.9512195121951219
NP_689854.2,35,0.0,0.02941176470588236,1.0,0.02857142857142857
NP_689956.2,27,0.6527777777777777,0.6666666666666666,0.9722222222222222,0.1111111111111111
NP_694984.5,23,0.8333333333333334,0.8333333333333333,1.0,0.08695652173913043
NP_705902.2,28,0.9625,0.95,0.98125,0.7142857142857143
NP_714915.3,50,0.8604651162790699,0.9368770764119602,0.9833887043189369,0.86
NP_714928.1,34,0.7878787878787878,1.0,1.0,0.029411764705882353
NP_742105.1,271,0.9363535297387436,0.9863813229571985,0.9863813229571985,0.948339483394834
NP_758872.1,74,0.8631465517241379,0.8545258620689655,0.9105603448275863,0.21621621621621623
NP_775754.2,22,0.9666666666666667,0.9833333333333334,0.9916666666666667,0.5454545454545454
NP_775901.3,32,0.3218390804597701,0.48275862068965514,0.8620689655172413,0.09375
NP_775960.4,43,0.5897435897435898,0.8525641025641026,0.9487179487179487,0.09302325581395349
NP_777576.1,24,1.0,0.9545454545454546,1.0,0.08333333333333333
NP_777596.2,28,0.48538011695906436,0.6374269005847952,0.8947368421052632,0.32142857142857145
NP_783328.1,41,0.9327731092436974,0.9915966386554622,0.9915966386554622,0.8292682926829268
NP_803187.1,59,0.831764705882353,0.9835294117647059,0.9882352941176471,0.576271186440678
NP_808592.2,38,0.5938697318007662,0.7701149425287356,0.9233716475095785,0.7631578947368421
NP_821080.1,33,0.7258064516129032,0.8548387096774193,0.8548387096774193,0.9393939393939394
NP_821133.1,24,0.08695652173913043,0.782608695652174,0.9130434782608695,0.9583333333333334
NP_835366.1,79,1.0,1.0,1.0,0.9873417721518988
NP_848547.4,27,0.6923076923076923,0.9615384615384616,1.0,0.037037037037037035
NP_852107.1,54,0.6153846153846154,0.9230769230769231,0.9711538461538461,0.037037037037037035
NP_852122.1,42,0.8326530612244898,0.9061224489795918,0.9428571428571428,0.8333333333333334
NP_870998.2,22,0.5238095238095238,0.9523809523809523,0.9523809523809523,0.045454545454545456
NP_877437.2,20,1.0,1.0,1.0,0.7
NP_891847.1,48,0.9545454545454546,0.9147727272727273,0.9602272727272727,0.08333333333333333
NP_898871.1,43,0.975,1.0,1.0,0.9302325581395349
NP_899200.1,57,0.8407202216066482,0.9584487534626038,0.9584487534626038,0.3333333333333333
NP_919224.1,46,0.8645833333333334,0.925,0.9375,0.34782608695652173
NP_919253.1,37,0.8793103448275862,0.9482758620689655,0.9482758620689655,0.21621621621621623
NP_937799.1,98,0.3649122807017544,0.368421052631579,0.7824561403508772,0.9693877551020408
NP_937983.2,60,0.6842105263157895,0.7990430622009569,0.9796650717703349,0.36666666666666664
NP_938011.1,57,0.6071428571428572,0.9107142857142857,0.9107142857142857,0.017543859649122806
NP_938149.2,22,1.0,1.0,1.0,0.09090909090909091
NP_940927.2,21,0.95,1.0,1.0,0.047619047619047616
NP_940978.2,54,0.7843137254901961,0.6274509803921569,0.8496732026143792,0.05555555555555555
NP_945345.2,49,0.7708333333333334,0.9166666666666666,1.0,0.02040816326530612
NP_954986.2,25,0.9298245614035088,0.8771929824561404,0.9473684210526316,0.76
NP_957705.1,134,0.803639846743295,0.888888888888889,0.9458812260536399,0.8656716417910447
NP_982272.2,28,0.75,0.75,0.75,0.07142857142857142
NP_982301.1,23,0.712121212121212,0.8560606060606061,0.9696969696969696,0.5217391304347826
NP_991331.1,26,0.8380952380952381,0.9619047619047619,0.9619047619047619,0.8076923076923077
NP_997005.1,29,0.9242424242424243,0.9191919191919191,0.9242424242424243,0.3793103448275862
NP_997229.2,24,0.7789473684210526,0.6736842105263159,0.9421052631578947,0.20833333333333334
NP_997235.3,20,0.9166666666666666,0.96875,0.96875,0.6
NP_998764.1,26,0.9281045751633987,0.9934640522875816,0.9934640522875816,0.6538461538461539
