DMS_id,D_correct,D_incorrect,n,n_incorrect
NP_000007.1,0.3535661684151309,0.2607647756007549,87,9
NP_000008.1,0.31308933351398843,0.20261809278774337,26,1
NP_000009.1,0.33243361684770417,0.11487571091173585,75,2
NP_000010.1,0.3318136276963008,,47,0
NP_000011.2,0.38531371900072475,0.38121173782571477,165,13
NP_000012.1,0.3132367768699915,0.4734817912126822,99,1
NP_000013.2,0.3284633076342935,0.3045936338178007,36,1
NP_000014.1,0.49422645315863645,,37,0
NP_000017.1,0.31565916299266733,0.13278393931538346,29,7
NP_000021.1,0.3074852265925438,0.3067366327836749,71,6
NP_000023.2,0.28225775547825616,0.4280822529249902,26,2
NP_000024.2,0.2945901184190275,0.15217249155265575,201,11
NP_000034.1,0.35865563397974043,,21,0
NP_000035.2,0.3243073969949879,0.4186689127754937,113,16
NP_000037.2,0.3257536039600091,0.3879264616315472,70,7
NP_000038.2,0.3081747489891241,0.31063054254236305,35,7
NP_000039.2,0.2894913293177688,0.1848646424100972,73,9
NP_000040.1,0.2978092052453527,0.27662578308494323,44,5
NP_000041.2,0.34193111276030774,0.7278968219662016,42,1
NP_000043.4,0.2863506688865991,0.3501098378589364,191,9
NP_000044.2,0.3174721643145269,0.21885670176060487,198,10
NP_000045.1,0.25116501280012843,0.15548800905976093,42,1
NP_000048.1,0.3129480644451589,0.24977261447398355,32,1
NP_000052.1,0.4821289676710974,0.11933921450259675,76,1
NP_000053.2,0.2708710999776786,,49,0
NP_000060.2,0.2804898328187381,0.2639559963090468,140,17
NP_000061.1,0.429933921276354,0.21307683370310992,80,10
NP_000062.1,0.34371971787034394,0.5177639287612015,62,2
NP_000065.1,0.3286312195538533,,34,0
NP_000068.1,0.34150828582400056,,37,0
NP_000071.1,0.31771731178771145,0.3585800276374733,33,1
NP_000074.3,0.3073781128803942,0.18387316985724095,86,8
NP_000076.2,0.2270419150073879,,35,0
NP_000079.2,0.35581377920047935,0.19243640454052674,338,11
NP_000080.2,0.5187332659379187,0.13407909958242778,344,5
NP_000081.2,0.46160506164534765,0.30446581686684376,290,4
NP_000082.2,0.2731757907289667,0.07922869225457765,158,5
NP_000083.3,0.24729629011253013,0.3683674504923423,139,3
NP_000084.3,0.3093888893042954,0.2359601778717286,137,13
NP_000086.2,0.46017225300679065,0.24154810354126643,113,9
NP_000087.2,0.2882798504118922,0.2184555277118177,20,1
NP_000089.1,0.28682122055756815,0.3064706995356432,38,9
NP_000093.1,0.3894798413464221,,32,0
NP_000095.2,0.24955902274219355,0.1068674121934578,25,1
NP_000102.1,0.3082353198286287,,22,0
NP_000103.2,0.27533970441363687,0.28829622333581795,23,2
NP_000107.1,0.5221129305269725,,20,0
NP_000114.3,0.284936158651658,0.1825921281306115,25,6
NP_000115.1,0.31259185286237373,0.09860450622330977,55,2
NP_000118.2,0.3453214831895388,0.11776989956313384,47,2
NP_000119.1,0.3616528781891786,0.4727550013634757,33,5
NP_000121.2,0.34388072105696876,,40,0
NP_000122.1,0.29589915878033635,0.20095094964828578,29,1
NP_000124.1,0.3240805724801105,0.21803714439512029,116,19
NP_000126.2,0.36296607756315463,0.4903880872482374,104,14
NP_000128.1,0.4631083003996024,0.219785437500707,27,6
NP_000132.3,0.39798633205360917,0.16609845182726418,78,5
NP_000134.2,0.35174610697898395,0.12886094352533867,127,2
NP_000142.2,0.4490041017671286,0.2870020468306136,53,4
NP_000143.2,0.3650632569119662,0.19177263499965205,160,9
NP_000144.2,0.40595279440696874,0.31613511859925103,89,11
NP_000147.1,0.3419510104302286,0.41054280344210636,25,2
NP_000149.4,0.3182407965167937,0.5199560582338089,31,1
NP_000150.1,0.3837644128013135,0.4014883519143211,138,39
NP_000153.1,0.3573313212720297,,148,0
NP_000156.1,0.2602529517867731,,24,0
NP_000157.1,0.30936656839071025,,116,0
NP_000159.3,0.3653342283574498,0.15837485537136434,111,1
NP_000160.1,0.32774788204596833,0.34680448322782326,205,32
NP_000161.2,0.3757474651249428,0.1626970579553865,119,6
NP_000162.2,0.35879896885640467,,37,0
NP_000164.5,0.295296247389798,0.18630966284298583,27,4
NP_000168.1,0.3084706654963331,0.27997229661707296,32,3
NP_000170.1,0.2920744598186814,0.14899200411097238,92,6
NP_000171.1,0.33151877264606466,0.24773891781175691,34,2
NP_000173.2,0.3226448077960683,,23,0
NP_000177.2,0.3758016816161036,0.39988264946891067,22,1
NP_000178.2,0.4079056681102128,0.3041739386480438,40,3
NP_000181.2,0.29874883318797973,0.33214097276680743,38,2
NP_000183.2,0.3283114007718538,0.3338473606370466,42,5
NP_000185.1,0.4514299954011459,0.7416610832637531,22,2
NP_000186.2,0.32203758190897586,0.6748155802553575,21,2
NP_000190.1,0.3135698909922561,0.34421542446212733,59,7
NP_000194.2,0.40142621017263874,0.291912972171096,74,8
NP_000197.1,0.3036425110765786,0.15367966236935057,65,3
NP_000198.1,0.28126961866520533,,23,0
NP_000202.3,0.25626379850057973,0.17361775733293078,20,2
NP_000203.2,0.312616068532717,0.2026570923740162,65,10
NP_000205.1,0.23568864498413056,0.24061532890918969,79,5
NP_000206.2,0.3550678068656425,0.1999464209449664,28,2
NP_000207.2,0.33513155936527805,0.2277194219500535,22,2
NP_000209.2,0.4335987914527134,0.08737062334874757,197,3
NP_000219.2,0.29588740149820714,0.49189249376542565,34,1
NP_000226.2,0.34352685728741983,,41,0
NP_000228.1,0.23734305799595504,0.4661991392168561,40,2
NP_000229.1,0.4025615229288089,0.4318573001766776,151,6
NP_000240.1,0.42053862040075146,0.18847289087841834,184,30
NP_000242.1,0.3030113785032842,0.2341267130741942,288,39
NP_000243.1,0.30681371961726916,0.10223605086626565,75,3
NP_000246.2,0.3885287885478143,,108,0
NP_000247.2,0.340198312620247,0.2695119920858097,60,7
NP_000248.2,0.3908177571616767,0.3483903984772473,301,58
NP_000251.3,0.3636317988435649,0.24411065702719198,152,14
NP_000252.1,0.296445048270422,0.38416371543702776,45,2
NP_000254.2,0.33354759416242663,0.215430230313496,80,10
NP_000255.2,0.28518661474348483,0.34078807892774304,175,4
NP_000262.2,0.2859070999119938,0.1741635782482948,143,11
NP_000264.2,0.2987866175720373,0.23582311514760113,21,4
NP_000266.2,0.27037302790800555,0.18918144117115515,69,4
NP_000267.2,0.2652896231979788,0.2863150474235694,42,2
NP_000268.1,0.2786571241762891,0.31224012691083813,399,13
NP_000273.2,0.3586735671598213,,35,0
NP_000274.3,0.20730597050347147,0.11768181289989438,32,3
NP_000275.1,0.35209682263499104,0.2402912804068083,61,3
NP_000278.3,0.25320899841453814,0.38907210595954667,30,6
NP_000283.1,0.3166236451984552,0.3475532388491756,45,3
NP_000286.3,0.25042094190783043,0.22786477049035267,52,7
NP_000288.1,0.3514812255429549,,24,0
NP_000294.1,0.3542094321999216,0.42131946743136406,60,6
NP_000295.1,0.3657100481737815,,29,0
NP_000301.1,0.34361909860768974,,25,0
NP_000303.1,0.4484525176976153,0.3920707467168054,49,3
NP_000308.1,0.2626994919757759,0.4247619828134461,27,24
NP_000312.2,0.2894083206133873,0.2443347368920983,67,13
NP_000313.2,0.36193005150347923,0.23418458743436116,85,3
NP_000320.1,0.3297210929659124,0.2645094100917529,65,18
NP_000321.1,0.3988038838528879,0.4422889951782038,100,7
NP_000325.4,0.33242266547147903,0.17309813534295027,92,6
NP_000333.1,0.2498986898595243,0.17851375424062457,36,2
NP_000337.1,0.48743079217839713,0.26695715694246397,50,3
NP_000341.2,0.39476032093630464,0.2588637537696515,448,51
NP_000343.2,0.3759252331570976,0.2868333804245662,100,11
NP_000350.1,0.23519853098882645,0.17009349632852522,81,4
NP_000354.4,0.3169238871497501,0.26116694687268005,47,9
NP_000359.1,0.29958772344584317,0.39393142655526747,111,5
NP_000360.2,0.2141354436839372,0.3786702251070852,22,2
NP_000362.1,0.3639671867900548,0.25559188289311163,84,2
NP_000363.1,0.37006247091876754,0.24234435709601237,91,7
NP_000368.1,0.26624801095930967,0.3752442906472828,48,1
NP_000373.1,0.2998519754553808,,28,0
NP_000374.1,0.2939486159975027,0.39521572444415376,39,3
NP_000381.1,0.32460622808643247,0.2759994290886753,31,7
NP_000382.3,0.28915679408796763,0.2015037439402402,46,5
NP_000383.2,0.21173011648432064,0.19447939674537096,24,1
NP_000384.2,0.30957411326546,0.3086436282573329,74,4
NP_000387.1,0.29755394628541487,,23,0
NP_000388.2,0.2593209330422176,0.1587212068220632,71,6
NP_000391.1,0.4055464954218596,,23,0
NP_000393.4,0.31049883808648904,0.19956149173984927,188,9
NP_000400.2,0.3869096198332942,0.4998386397105701,20,2
NP_000402.3,0.31961422993167327,,31,0
NP_000405.1,0.24873133906059652,0.17615786927407906,30,2
NP_000410.2,0.2729717152214604,0.21473118582220221,76,11
NP_000412.4,0.16992024945212836,,27,0
NP_000413.1,0.3037151683612705,,21,0
NP_000414.2,0.2827576062068642,,27,0
NP_000415.2,0.28813038967135,0.2874698818239912,63,3
NP_000416.1,0.30869777234434703,0.21857818599023113,85,8
NP_000421.1,0.28899001680867775,0.34137185804052417,42,4
NP_000422.1,0.3585872022076034,,34,0
NP_000425.1,0.3494546710161205,0.29836434219814406,21,3
NP_000432.1,0.2998895589960982,0.18228871235582933,139,21
NP_000435.3,0.38673968769837713,0.21779547308111902,148,8
NP_000439.2,0.43590319018660295,0.314738003112109,63,2
NP_000446.1,0.45935726362538004,,29,0
NP_000449.1,0.4254893012752632,0.45637622775808195,76,8
NP_000450.3,0.3681656139575293,,35,0
NP_000452.2,0.41293242838139343,,34,0
NP_000457.1,0.2917865490972448,0.1656658483841084,32,3
NP_000465.1,0.31789439584876045,,23,0
NP_000466.2,0.4263241287803365,,21,0
NP_000472.2,0.39302195184403294,,29,0
NP_000475.1,0.25706301501216483,0.39830354048858896,25,4
NP_000478.3,0.3387344903109086,0.3750858280853209,114,25
NP_000479.1,0.3631890783453894,0.42365095948462095,33,5
NP_000483.3,0.43019484457127044,0.19296384333081484,198,2
NP_000484.2,0.30203039892637895,0.32115580298550167,54,13
NP_000485.3,0.38602026459593847,0.21774947093143765,35,4
NP_000486.1,0.3319993943858578,0.163333452955449,508,10
NP_000488.3,0.3481429576845274,0.21461444003707938,46,4
NP_000489.3,0.328729496040591,0.17951445679733274,31,3
NP_000491.4,0.3347577694406988,0.8212844840905746,43,1
NP_000503.1,0.3244810163267393,0.3329504059142726,90,24
NP_000508.1,0.24040468289335185,0.2690904459402892,36,5
NP_000509.1,0.3251277312310985,0.27334716204668186,61,21
NP_000511.2,0.4437547746341671,0.2870351897847776,42,14
NP_000517.3,0.22648085251660882,0.23579214072453636,39,2
NP_000518.1,0.38359937375775127,0.17723526578423748,639,42
NP_000519.2,0.2723523615337685,0.15232133737196277,37,2
NP_000522.3,0.29197146035660837,0.251679820256839,119,19
NP_000523.2,0.49954687350973664,0.2705001529513549,42,4
NP_000524.3,0.47844855650509643,0.4326887951768763,26,3
NP_000527.2,0.44567106639261544,0.43414653666810815,46,3
NP_000530.1,0.3767935615529374,0.2909798637303001,117,2
NP_000534.3,0.30386977191565906,0.2740190234741542,121,8
NP_000536.6,0.40971844445065203,0.39727287783903253,105,9
NP_000537.3,0.30483505139683625,0.2404261308606167,271,12
NP_000538.3,0.2799091028343063,0.47801414462801983,25,3
NP_000539.2,0.3446183935935929,0.30779198356472093,376,62
NP_000633.2,0.3392669633099428,0.2592912446531671,26,3
NP_000693.1,0.4021593411550991,,62,0
NP_000700.1,0.2883294121133261,0.12039841687023903,46,2
NP_000710.5,0.3238346763021902,,55,0
NP_000711.1,0.382461120403658,0.26834396771247826,27,2
NP_000712.2,0.36282123880736894,0.19896030676267723,238,12
NP_000735.1,0.3571279503789737,0.3063405131502172,71,1
NP_000775.1,0.4079489178594942,0.31497279172721504,28,2
NP_000776.1,0.3826777950471683,0.6859985290093915,22,2
NP_000780.1,0.3405417175783348,0.3432235716873072,31,4
NP_000797.2,0.32807643072995196,0.32660883956245956,55,10
NP_000807.2,0.2907785312117152,0.10088729146666493,36,1
NP_000824.1,0.2869232985850969,0.21365435990923934,203,13
NP_000825.2,0.2885483859138295,0.26330805740453916,209,9
NP_000827.2,0.2545837930875709,0.2782124047263746,29,2
NP_000834.2,0.29330596589363817,0.3167763219526763,34,1
NP_000882.1,0.36644702595268297,,43,0
NP_000911.2,0.3155385863986796,,41,0
NP_000924.3,0.3038284191769935,,27,0
NP_001001430.1,0.43563780703064664,0.8004109836654134,47,1
NP_001003800.1,0.3035228945343719,0.3037715959039561,99,4
NP_001003841.1,0.2924898975700031,,20,0
NP_001005271.2,0.37209444709473816,0.26395990714595874,52,4
NP_001005463.1,0.537797204910822,0.26727877790103816,30,5
NP_001005731.1,0.34101401627389405,0.2801583162705581,44,2
NP_001005741.1,0.4309126373266989,0.3561204245238919,73,8
NP_001006659.1,0.22027577283719457,0.27827309245877985,22,2
NP_001008537.1,0.5286861720017781,0.3458804699700109,83,1
NP_001013860.1,0.30964699117234185,0.1633872965556929,23,2
NP_001018005.1,0.34211252547166504,,31,0
NP_001018123.1,0.45820078113389884,,39,0
NP_001019242.1,0.32690604423609804,,20,0
NP_001019801.3,0.4436438311278042,0.6792839550227839,24,1
NP_001020466.1,0.22307272578024645,0.17433513451080362,24,1
NP_001025053.1,0.5578834081750704,0.5151825215825367,94,30
NP_001025054.1,0.33135404997695966,0.14974807281032565,24,2
NP_001030025.1,0.28749627591607146,0.06565267317642363,63,4
NP_001032.2,0.32692767563408615,0.10153509905992217,32,2
NP_001035197.1,0.42403307184491107,0.204373900444834,62,1
NP_001035202.1,0.25668095080035025,0.16547791186327454,26,3
NP_001035963.1,0.25999983733696946,0.07188084077614039,36,1
NP_001056.1,0.31932955218681214,0.6147299608630106,35,2
NP_001060.1,0.475672307861411,0.44144371618197475,34,3
NP_001070834.1,0.317787734360052,0.15572565623177148,25,4
NP_001071.1,0.3274327149840851,,61,0
NP_001073279.2,0.319111509108303,0.13897531229558885,95,8
NP_001073883.2,0.42727773587003365,,43,0
NP_001073893.1,0.4028887345372675,0.4204396042098564,33,1
NP_001073936.1,0.30082679856813466,,40,0
NP_001073986.1,0.3396288086627317,0.3050151594491504,80,5
NP_001073991.2,0.37264284355723687,0.3057361505449111,49,2
NP_001075.1,0.26503452555510265,0.24906131260439163,20,1
NP_001076585.1,0.45275176827319286,0.29154501298820135,30,4
NP_001077088.2,0.40796102698467107,0.7109205561103671,21,1
NP_001077430.1,0.32792629429468023,0.11126269752503087,33,1
NP_001077431.1,0.32242339289676203,0.1961148542047579,70,11
NP_001080.2,0.2896676371433544,0.2470395682674501,31,2
NP_001091738.1,0.30550687618120287,,21,0
NP_001091981.1,0.30279103087299125,0.4519856782760293,28,1
NP_001094383.2,0.3281335851573805,0.3394913990930843,80,5
NP_001094832.1,0.40272024017327335,0.350390097048453,65,20
NP_001095876.1,0.33233059989148783,0.2892855510354506,59,16
NP_001104262.1,0.2818793909165105,0.2481049066255827,197,17
NP_001104595.1,0.341710246281178,0.21533753023377655,71,10
NP_001106279.3,0.29704078304802856,0.3998671583952052,27,5
NP_001119580.2,0.32316726342262436,0.23263084269701426,124,9
NP_001120680.1,0.44160365071029517,,26,0
NP_001120693.1,0.292401213542032,0.3288918512840737,186,9
NP_001120972.1,0.3503471583140253,0.23809979400412828,25,5
NP_001121699.1,0.495645714663945,0.8759377851934025,39,4
NP_001121897.1,0.34511865194298075,0.4496822200512867,38,1
NP_001122317.1,0.5041766045769284,0.22444878992993866,54,9
NP_001123476.1,0.3805619888311499,0.2013417086706996,26,5
NP_001123990.1,0.3327247455424956,0.18459330474940844,20,1
NP_001124295.1,0.3258458320227792,0.1746454583325375,42,3
NP_001127835.2,0.3354660932041138,0.38188261157680037,84,3
NP_001128715.1,0.527191872680597,0.35046155658129763,73,15
NP_001130.1,0.31243125331094296,0.54602774581722,24,2
NP_001136438.1,0.2841578530932114,0.45360181450089393,20,6
NP_001138940.4,0.35784432449544157,,37,0
NP_001139189.2,0.29281966585871433,0.18134877392076473,21,1
NP_001148.1,0.3218855744677533,0.315960994062438,22,11
NP_001153508.1,0.326988710553066,0.37048500686086155,78,21
NP_001153605.1,0.2890760037070166,0.27717098352429614,77,4
NP_001156685.1,0.30530551118281923,0.24130199580645528,49,5
NP_001157750.1,0.3064501722084489,,26,0
NP_001157814.1,0.4280756601794905,0.22026901902527332,46,2
NP_001159435.1,0.39125208156980207,0.21105257205652017,741,43
NP_001159762.1,0.31561189901934217,0.33463964957086034,23,5
NP_001161206.1,0.23347986845607654,,21,0
NP_001170787.2,0.2711100832210653,0.18406255169487568,25,2
NP_001170991.1,0.34564671338334757,0.25721838968841365,132,15
NP_001171536.2,0.32168942566375,0.23144424975973968,90,11
NP_001171809.1,0.3315321659863038,0.14112630880382968,105,11
NP_001177203.1,0.3397479316671771,0.3432184818249245,72,9
NP_001180345.1,0.48290590632387964,0.5560350200793642,75,2
NP_001186036.1,0.41468851245056193,0.6074333402235423,30,1
NP_001189333.2,0.5241001666502143,0.5249539975250289,38,2
NP_001191354.2,0.28784963959303944,0.23500559096715884,25,6
NP_001194.1,0.35628223880391435,0.2797301834886731,26,1
NP_001195.2,0.26329265028897025,0.10774328806831954,60,3
NP_001202.5,0.30542756194873333,0.2571307658368609,22,3
NP_001211.3,0.41542544518974367,0.4896751164711047,47,3
NP_001229817.2,0.3072431851193163,0.3977315354332078,23,2
NP_001229825.1,0.46326420598482554,0.5213748871072709,25,2
NP_001230695.2,0.24694474570213465,0.3252749547410815,35,4
NP_001231118.1,0.40943199151724563,0.2657066118312739,29,1
NP_001243371.1,0.34969763880711985,,37,0
NP_001243805.1,0.41492210679744573,0.2841671527659532,40,19
NP_001244074.1,0.26302332864070016,0.24470912713391596,23,6
NP_001244159.1,0.47063126130295996,0.3247191417895845,46,11
NP_001255.4,0.27379927853477604,0.20906221651854637,22,9
NP_001262.3,0.3014776347662114,0.10989588686673515,115,7
NP_001264.2,0.27051216164643854,0.24833796445244546,49,2
NP_001265067.1,0.42924883424356775,0.5045824833678372,99,13
NP_001265273.1,0.32303027224358255,0.1564127523597174,41,5
NP_001265868.1,0.4803314382531474,0.24341867451914478,25,3
NP_001269154.1,0.38274459187734167,0.30205669846537275,21,2
NP_001269862.1,0.47044759448776974,,22,0
NP_001273003.2,0.2852950185757691,0.37039555804829116,48,4
NP_001275880.1,0.24243516183789718,,22,0
NP_001278.1,0.26319964875015617,0.14890203689445292,44,3
NP_001278650.1,0.35201618418396574,0.302553102811642,41,8
NP_001278933.1,0.3006486169315439,0.21343905150278691,23,1
NP_001288.3,0.24356256133437149,0.3916829163526455,40,2
NP_001289.1,0.3345165679349514,0.2852990677902228,85,4
NP_001290039.1,0.33990625799747537,,31,0
NP_001290185.1,0.24382559372860502,0.7044102380655098,34,2
NP_001290425.1,0.37330210526014984,0.3359517651349621,33,7
NP_001291646.4,0.40378728852032897,0.18372603815646862,174,3
NP_001293061.2,0.29024695242586906,0.4012213064640985,70,2
NP_001308943.1,0.3530752356492263,0.22140117537553677,53,6
NP_001308971.2,0.30115095811987486,,30,0
NP_001340274.1,0.3058938089829141,,37,0
NP_001341530.2,0.38401473041520184,,25,0
NP_001349700.1,0.4301852687055164,,25,0
NP_001351.2,0.36365643157397187,,86,0
NP_001352465.1,0.2494976627169478,0.12552852922723273,47,5
NP_001354752.1,0.3138479804870169,,21,0
NP_001355847.1,0.5439709584561906,0.18045527835513758,47,1
NP_001357188.2,0.4092661225378424,0.2693679719774867,98,1
NP_001357587.1,0.3902852111468353,0.2312073091689417,56,3
NP_001358995.1,0.6608740161711234,0.7119286163828037,27,1
NP_001366127.1,0.3555866810026954,0.3248471191744076,177,14
NP_001366429.1,0.37198611297688833,0.2512057113426485,42,7
NP_001387.2,0.2695937222470941,0.15987904116038482,94,6
NP_001390.1,0.42996914207111353,0.3247538312139862,101,13
NP_001421.2,0.35371322039848296,0.329266519239126,51,2
NP_001444.2,0.402142726915274,,25,0
NP_001531.1,0.32559236687623955,0.26839551432884085,21,1
NP_001596.2,0.27837212853171595,0.3249990287667476,23,2
NP_001605.1,0.35534491604712104,0.555367350730746,44,6
NP_001672.1,0.3333509233121434,0.0957138373156502,21,1
NP_001745.2,0.29110724417507355,,41,0
NP_001821.2,0.26441414829666154,0.36563699481005585,33,2
NP_001835.3,0.38380325227446926,0.28191765226480087,402,11
NP_001837.2,0.2712012114001112,0.11330745414650056,89,7
NP_001839.2,0.27281090238272554,0.30604780599856,134,9
NP_001840.3,0.32896423889477167,0.12222616456549826,122,4
NP_001843.1,0.30826310257378264,,20,0
NP_001845.3,0.2717077227128379,0.1688048225985148,154,11
NP_001866.2,0.2432139069269369,0.1420484907544339,61,6
NP_001867.2,0.3436267245655073,0.32761882884332094,28,1
NP_001909.4,0.23418115656753544,,29,0
NP_001918.3,0.22246997404003344,0.0,31,1
NP_001934.2,0.3491048092605959,0.15820210574235372,35,4
NP_001944.1,0.2952199619263249,0.5013380727282958,31,1
NP_001949.1,0.46175978598572637,0.4610381087701467,36,8
NP_001963.1,0.4081092535462888,0.18930036813930506,55,6
NP_002011.2,0.3264939920323014,,28,0
NP_002038.2,0.31994387743383146,0.14762673183993796,32,5
NP_002040.1,0.35507422435892566,0.3186374009447031,26,2
NP_002046.1,0.2719818761489629,0.3230698500618979,51,4
NP_002065.1,0.32882901555932187,0.23041697580862983,33,3
NP_002151.2,0.3195869671592153,0.31516291601190344,57,37
NP_002171.2,0.19279363004980443,0.31047668659207056,45,4
NP_002176.2,0.35200605372569604,0.30441060725335833,20,2
NP_002283.3,0.37383199282396207,,28,0
NP_002307.2,0.5084415365557473,,28,0
NP_002326.2,0.31962428331946724,0.15075351197965045,67,5
NP_002372.1,0.330518534671183,0.6268108648328297,20,3
NP_002388.2,0.20207566253912324,0.28631252158778464,37,4
NP_002411.3,0.3173106219463525,0.32740625084540675,37,4
NP_002430.3,1.2033788339689293,0.4500844298713774,21,15
NP_002445.2,0.23026239336858034,0.11778425270928068,20,2
NP_002461.2,0.2600860718411869,0.4377090601615491,49,3
NP_002462.2,0.29680957697841026,0.3213957425932852,30,6
NP_002463.2,0.3146152367558781,0.3973225339051443,23,3
NP_002464.1,0.30737654760990374,0.22571698811609,71,9
NP_002492.2,0.49132407249727406,0.5116485384823689,27,6
NP_002520.2,0.3524250089541449,0.24455810785113385,48,3
NP_002538.1,0.2277691367554679,0.1493165189236514,20,2
NP_002600.1,0.3727747055626827,0.2958383700956831,90,1
NP_002632.1,0.35619124352282183,0.061421805115353056,32,3
NP_002652.2,0.3856334341210484,0.3387360053559492,42,7
NP_002653.1,0.31023845702091163,,23,0
NP_002684.1,0.3745805131839046,0.22171975023235335,101,6
NP_002730.1,0.32096953224263797,0.294530149583268,22,1
NP_002746.1,0.41773370625018147,,32,0
NP_002760.1,0.23749572415661313,0.5024699501576336,22,4
NP_002825.3,0.35665245166884735,0.40287891094174294,118,10
NP_002851.2,0.27811400289307053,0.29536316385339495,25,5
NP_002854.3,0.2605151928615479,0.23404854382295084,23,3
NP_002871.1,0.2998502897910991,0.483674781099834,59,2
NP_002932.1,0.403833176720881,,22,0
NP_002959.2,0.4474215292845318,0.19471304180810717,35,10
NP_002991.2,0.41179746041542126,0.1598895199212625,72,2
NP_002993.1,0.5636833584185637,0.7883797945670569,30,1
NP_003014.3,0.6142820864176086,0.5244906197411636,24,8
NP_003027.1,0.3356671932316152,0.3271935510733317,41,1
NP_003033.3,0.2540202635868791,0.13809216497891302,113,15
NP_003051.1,0.26638431825755554,,83,0
NP_003061.3,0.32530393526066637,0.1380123561602996,134,4
NP_003099.1,0.5765764477291373,0.4941195882828689,39,1
NP_003110.1,0.35198270521925357,0.23045008313745632,32,2
NP_003150.1,0.3207830780306313,0.12840223877984602,170,5
NP_003156.1,0.3202811815489111,0.25645911423524637,124,17
NP_003233.4,0.40016861536891424,0.2141246920832948,74,9
NP_003313.3,0.2685838399046314,,28,0
NP_003325.2,0.22361025902054305,0.41867899620405036,31,16
NP_003352.2,0.43062920408351624,0.21915564224102196,46,3
NP_003482.1,0.5595405722259184,,22,0
NP_003485.1,0.3507373415785311,0.32289972797164834,125,11
NP_003551.2,0.31292216175903936,,58,0
NP_003570.2,0.23166163343970292,0.1911702713102303,44,5
NP_003602.1,0.37700999552591924,0.2813052565632995,49,2
NP_003631.2,0.29582630473657884,,21,0
NP_003679.2,0.3901574885491779,0.3798182523766582,37,8
NP_003709.3,0.3231479147839385,0.16179058903978863,74,3
NP_003713.3,0.31100060460959966,0.42674268394191767,67,5
NP_003733.2,0.2380652844675748,0.15430270443786484,73,4
NP_003886.3,0.6056460619276333,0.14841430953472304,26,1
NP_003898.2,0.3473608846854417,0.07120848036551998,50,1
NP_003986.2,0.4362865597060982,0.4795459300127187,20,6
NP_003995.2,0.28051790982363,0.2973451257134549,99,20
NP_004046.2,0.3443101740749754,0.3752918757869519,25,6
NP_004073.2,0.2846563108785348,0.3122655546661467,30,2
NP_004083.3,0.26052982761841526,,33,0
NP_004162.2,0.3618787167270318,0.2618508927514601,49,4
NP_004174.1,0.30878247933508407,0.1992604090416271,170,21
NP_004178.2,0.3110756523897178,0.22963421366216263,65,4
NP_004199.1,0.2522631204935518,0.11880411034500357,27,2
NP_004202.4,0.31644385415364173,0.0853327719990815,35,1
NP_004230.2,0.33263009621144246,0.36102491209219817,31,7
NP_004238.3,0.2556870882849369,,27,0
NP_004251.4,0.3585789820647637,0.3536591062867266,49,15
NP_004272.2,0.31818038456723097,,21,0
NP_004290.2,0.3224261577306754,0.17911209561741248,22,3
NP_004295.2,0.42442626009144174,0.15664302408200448,39,10
NP_004312.2,0.3726162012905071,0.3157360111839388,171,11
NP_004319.1,0.3520410972116686,,21,0
NP_004324.2,0.43874124335295417,0.25294139205142874,98,4
NP_004351.1,0.3106074529364745,0.24324807099195414,55,9
NP_004357.3,0.27521610905562954,0.42802630694024246,24,1
NP_004362.2,0.2565220687978907,0.28675836124546117,74,5
NP_004399.2,0.3025575300026295,0.228524814317735,77,9
NP_004422.2,0.2893517862079484,,23,0
NP_004435.3,0.2738368878886308,0.25434355811502324,76,1
NP_004437.2,0.18588040413690715,0.19694546028075563,20,4
NP_004439.2,0.44487105568587393,0.21712867749533626,20,2
NP_004444.2,0.334581567429853,0.2293784358483609,81,5
NP_004447.2,0.3100974065414246,0.24012384649271754,39,1
NP_004454.2,0.2958263047365787,,21,0
NP_004475.1,0.49723957209837416,0.30839681869865165,63,31
NP_004510.1,0.2363273057051059,0.36615403499024957,41,2
NP_004514.2,0.3464108307706555,0.2053272213475185,38,6
NP_004551.2,0.5118566358140701,0.21568413010206886,32,6
NP_004553.2,0.4054678838384369,0.1705060791055628,26,1
NP_004563.2,0.33666314341154324,0.3823799889458973,27,3
NP_004577.1,0.4161411233673803,,31,0
NP_004603.1,0.34408318227449425,,45,0
NP_004605.4,0.28895999862821753,0.3443101740749754,25,3
NP_004637.1,0.3438715884919274,0.31635578145835064,82,5
NP_004691.2,0.315550029769509,0.44550072125447493,25,2
NP_004784.2,0.37766826966562256,0.20243174038312053,66,16
NP_004808.2,0.2938404480443073,0.27312100660269045,20,1
NP_004886.3,0.4015866613468876,0.41820285584961797,48,4
NP_004928.2,0.20123474943754022,0.05728554890233859,31,1
NP_004936.2,0.267564803742648,0.41410839229567126,42,4
NP_004937.1,0.3233458845324732,,23,0
NP_004950.2,0.30459810843621005,0.8349526869052705,25,1
NP_004951.1,0.40711631170598966,0.41861154849742344,21,4
NP_004965.1,0.3130444350728968,,42,0
NP_004966.1,0.2897147887866921,0.196609951588684,156,6
NP_004971.2,0.2018560092589597,,20,0
NP_004975.2,0.2776239699550074,0.28313858594649344,78,6
NP_005008.2,0.2476783906986951,,21,0
NP_005018.2,0.2398532780744471,0.21563607490330694,43,3
NP_005041.1,0.25123594171497576,,20,0
NP_005111.2,0.4084836703620347,0.24985723555476233,97,8
NP_005112.2,0.37685727010838393,0.2702455058869131,30,5
NP_005135.2,0.43090077893602313,,34,0
NP_005174.2,0.2657032512030018,,41,0
NP_005179.2,0.26818294074254606,0.25139836775863666,28,1
NP_005202.2,0.2740634446983592,0.11380462489819056,91,3
NP_005240.3,0.33860117261756684,0.5585962527655925,126,4
NP_005258.2,0.2316148797163015,0.16978900471596492,38,2
NP_005325.2,0.46730580833661006,0.3570820271919119,33,5
NP_005334.1,0.3897983339800001,,31,0
NP_005350.1,0.38832364912338396,0.2240566155785718,26,1
NP_005351.2,0.35939848708341676,,20,0
NP_005364.1,0.37338617428758536,0.262117878948636,27,3
NP_005413.2,0.2985768765722051,0.3949128891129482,32,1
NP_005436.1,0.32463821603432147,0.429226489760626,35,2
NP_005449.5,0.33433518308103616,0.3199155416979739,82,26
NP_005468.1,0.21321386122625016,,32,0
NP_005493.2,0.37831724195921484,0.29909002535176266,67,4
NP_005526.1,0.3611926370068897,0.27245554959836066,25,4
NP_005545.1,0.22058879848753213,,25,0
NP_005546.2,0.25651760915553934,,25,0
NP_005548.2,0.14905000350784114,0.18980102339511096,26,2
NP_005553.2,0.3465364371596459,,24,0
NP_005563.1,0.4867851789157762,0.34227416786796183,158,102
NP_005594.2,0.2483008077122229,0.21621549294724662,20,1
NP_005600.1,0.43308398056547437,0.20914130925183666,26,4
NP_005620.1,0.24327029045716048,0.18702035325077415,57,1
NP_005621.2,0.27127828882651955,,20,0
NP_005624.2,0.2811008587368917,0.291021825282214,84,10
NP_005641.1,0.4612698464703451,0.33610020566253157,66,4
NP_005645.1,0.398179678434354,,44,0
NP_005673.3,0.3125350154728865,0.40407687604187825,28,5
NP_005682.2,0.3455550255036218,,25,0
NP_005850.1,0.4021986934421241,0.10929532708014239,46,4
NP_005853.2,0.2767395148983832,0.4277331713929039,26,4
NP_005893.1,0.44237898478219273,,25,0
NP_005903.2,0.38276934351323355,0.1875069999303627,21,1
NP_005912.1,0.3755984379558033,0.1841038490755375,28,1
NP_005948.3,0.32931408970567133,0.18891629810537885,37,6
NP_005984.3,0.22268615922703355,0.5421298786872795,27,1
NP_005996.2,0.3253962260742745,0.29895475400310134,83,6
NP_006000.2,0.41108147716876076,0.40955533631223673,150,7
NP_006006.3,0.28529040919538573,0.19348077306162226,129,16
NP_006026.3,0.37006437901085276,0.5079371416109704,20,2
NP_006028.2,0.3393281675486872,0.2003423490769877,28,1
NP_006077.2,0.43219603220524294,0.4390303071415295,40,7
NP_006078.2,0.5133557009963383,0.3432635028657874,38,8
NP_006112.3,0.22848819146331287,0.2875501570347243,29,2
NP_006114.1,0.30056512209633646,0.23366316592736297,88,7
NP_006138.1,0.5156899491381278,,31,0
NP_006155.2,0.32668517378838524,,22,0
NP_006209.2,0.40713147751246803,0.6133837951742619,53,7
NP_006222.2,0.37515850397420425,0.25059998649119347,34,10
NP_006236.1,0.6240298257622285,0.48518193837769524,20,1
NP_006260.1,0.4071298040133631,0.4224728217510212,34,2
NP_006281.1,0.39281020900974617,,26,0
NP_006297.2,0.32436765774562976,0.21396277107373313,79,6
NP_006334.2,0.25849683617793073,0.1131221051110484,29,1
NP_006507.2,0.3569825180492888,0.2592885669924005,88,5
NP_006508.2,0.2537722152907522,0.22897492036408412,39,2
NP_006556.1,0.3206978891624278,0.2722862156510522,30,1
NP_006558.1,0.2673482423167663,,26,0
NP_006570.1,0.365808793229563,0.1797770403229859,32,1
NP_006693.3,0.2765389562540066,0.18276592972312736,23,1
NP_006757.2,0.4509023506881339,0.432799249083751,183,14
NP_006758.2,0.3782002648951885,0.07720766709392536,26,3
NP_006763.2,0.30659085344740916,0.24928139929197252,126,15
NP_006787.2,0.34872492745552736,0.225114092049973,28,3
NP_008846.2,0.2881357864588867,,28,0
NP_008853.3,0.2615207705307078,0.22704736089195893,56,3
NP_008870.2,0.36010918041796486,0.3562637633122324,75,4
NP_008871.3,0.5018045327540268,0.7362543646592945,23,2
NP_008872.1,0.2879218565252917,,32,0
NP_008986.2,0.37370180468114805,0.4099566577013827,23,2
NP_009006.2,0.24081479414633447,0.3435391574363463,42,3
NP_009009.1,0.5131570856591934,0.3964075111708295,60,26
NP_009034.2,0.3842408806274171,,22,0
NP_009057.1,0.40758566059019363,,26,0
NP_009225.1,0.3574624004640945,0.33843382473218464,456,58
NP_009297.2,0.38627773489163764,0.3210571933998635,105,10
NP_009330.1,0.34621878941397005,0.5290246046976506,39,8
NP_015556.1,0.37895140887158557,0.23733886080393868,37,4
NP_015566.1,0.38817004814822514,0.42323054290719475,96,17
NP_036192.2,0.4441886995373518,,25,0
NP_036214.2,0.31862325185079543,0.37936573941787743,26,10
NP_036234.3,0.30317955946757164,0.5297642539666285,69,5
NP_036276.1,0.23192223209865157,0.16280648437925058,20,3
NP_036292.2,0.42819965803889315,,25,0
NP_036356.1,0.4139376963049519,0.31601418252712393,21,2
NP_036462.2,0.4116201124332577,0.3594225945461136,93,26
NP_037466.3,0.2952682166937791,,21,0
NP_038460.4,0.28442208941588,,34,0
NP_038475.2,0.4747664971734204,0.310864402911476,44,20
NP_054728.2,0.3137826972538542,0.2392582399151389,43,5
NP_054733.2,0.2573578579927388,0.2093525638378649,29,3
NP_054768.2,0.3050110095900903,0.22951147290813734,34,4
NP_054799.4,0.3929619806377347,0.3414659404431841,40,4
NP_054831.2,0.424148704878371,0.5779230049920906,51,3
NP_054858.2,0.35130384577025475,0.31338304182671517,55,3
NP_054859.2,0.2788902963747266,,28,0
NP_055006.1,0.3283350948505381,0.25911722896557626,192,17
NP_055023.2,0.4197201742861316,0.5044595480706672,44,7
NP_055040.2,0.30648322861391203,0.2874439195781646,27,2
NP_055064.1,0.27189781397488216,0.5863003638215664,26,3
NP_055238.1,0.4772109012547186,0.332488397088486,22,4
NP_055400.1,0.3221712825913957,0.12853075989162374,29,3
NP_055440.1,0.3268049608599751,0.24906131260439165,20,1
NP_055454.1,0.41122461744957833,,22,0
NP_055527.1,0.32337192100110923,,24,0
NP_055529.2,0.29600798008513457,0.2532550807428061,57,11
NP_055595.2,0.3699779502177835,0.38836548720122765,26,2
NP_055610.1,0.326362799363542,0.28587836680328904,129,3
NP_055619.2,0.36228739304739155,,24,0
NP_055689.1,0.37793077989308477,,104,0
NP_055761.2,0.3337026529195861,0.17335523101300637,153,6
NP_055771.4,0.3492586205192008,0.23918022548366358,30,1
NP_055840.2,0.3704990238089009,0.25322870948650295,35,3
NP_055887.3,0.2679582028171056,0.3436307634968926,20,2
NP_055915.2,0.35104051498637756,0.6461316374116796,46,3
NP_055917.1,0.46828574669700135,0.38211004785327524,26,6
NP_055929.1,0.3146403376207941,0.38212141501027214,24,1
NP_055940.3,0.39297672936419104,0.3028282859759834,39,9
NP_055981.1,0.4679828262951185,0.7924562747561532,27,1
NP_056080.1,0.3204674944266974,0.26725843463355786,78,7
NP_056087.2,0.3601988237916491,0.30492376357590006,21,4
NP_056092.2,0.4072843945337311,0.2683880812458945,82,10
NP_056150.1,0.3964962182987657,0.28977084883136633,142,21
NP_056155.1,0.36421156149172584,0.6363676852086642,24,2
NP_056240.2,0.2908062042601835,0.17772194673298117,22,1
NP_056321.2,0.5745406734910935,0.40722922598659084,29,6
NP_056346.3,0.41962023182005415,0.26345298757250657,53,3
NP_056374.2,0.42801571291677437,0.328679766672955,212,5
NP_056375.2,0.36094268480694724,0.28467736161996937,82,5
NP_056385.1,0.3603957358705986,0.24730163959135582,69,19
NP_056477.1,0.43746013993740784,0.3374696673698135,25,4
NP_056536.2,0.6248511525870042,,26,0
NP_056999.2,0.42871150589096085,0.3045411455789783,56,13
NP_057006.1,0.2609901041834919,0.3889685381539976,25,1
NP_057062.1,0.24652991371535354,0.2374273224598849,27,5
NP_057195.2,0.24932228540380152,,28,0
NP_057264.4,0.3127759626933282,0.220360540910276,21,1
NP_057287.2,0.22766383010528257,,29,0
NP_057425.3,0.3219229654986603,,20,0
NP_057457.1,0.351158395867208,1.0418953080664652,24,3
NP_057664.1,0.37510547160119706,,40,0
NP_058633.2,0.43027879157299465,0.34552699901523876,36,18
NP_058648.4,0.4303524025428688,0.3210490576250654,33,13
NP_060106.2,0.5215748598541508,0.375387130992031,22,9
NP_060111.2,0.3905011747647139,0.07197922147883241,33,1
NP_060121.3,0.28301665863590036,0.22257069042397387,47,2
NP_060124.2,0.3820477048622783,0.2846902273961515,46,13
NP_060132.3,0.42099873132319776,0.14349407290918453,23,5
NP_060215.4,0.5125299368963583,,41,0
NP_060272.3,0.2982872399753316,,25,0
NP_060404.4,0.25461170815314865,0.36025185670181986,37,5
NP_060420.2,0.8567004038475766,0.33891481795013195,27,20
NP_060476.2,0.3163511860791218,,23,0
NP_060496.2,0.304357627869873,0.19795348213633204,39,10
NP_060521.4,0.22736610310574568,,26,0
NP_060546.2,0.22531126196478546,,25,0
NP_060552.4,0.46903909743581984,0.548267884302591,22,4
NP_060592.2,0.21621549294724662,1.0165458183592222,20,1
NP_060663.2,0.3574632101514922,0.2538496710908779,21,2
NP_060733.4,0.3112402316642822,0.3334755632863974,37,13
NP_060798.2,0.48969204266046396,0.4078043407656423,135,29
NP_060956.1,0.25947973417934733,,39,0
NP_060958.2,0.26268023406744057,,25,0
NP_061155.2,0.2869335877018972,0.35535786399450536,25,11
NP_061905.2,0.2787478702254631,,28,0
NP_061939.3,0.6124221598338604,0.7895173482742668,46,17
NP_061971.3,0.24638798153787905,0.30274600173567723,28,3
NP_061982.3,0.2722605977568512,0.39768821962284373,30,2
NP_063916.1,0.386653942593188,0.4246175713916268,32,3
NP_063945.2,0.423274963737,0.22870585432136464,35,2
NP_064502.9,0.2564493269579014,0.28759656739463135,20,5
NP_064551.3,0.22307272578024645,0.17732459835984296,24,1
NP_064632.2,0.31351466539982825,,32,0
NP_064716.2,0.2556993709652423,,25,0
NP_065071.1,0.29672366785324955,0.5012617085749977,26,4
NP_065099.3,0.34234194655777483,0.157020300198903,20,2
NP_065770.1,0.5481708087773236,,38,0
NP_065796.2,0.27952347301156094,0.28497991160735847,32,5
NP_065811.1,0.26047123556451646,0.13808654673376608,68,4
NP_065873.2,0.27251106873412984,0.19541789320585118,151,22
NP_065979.1,0.34010740649120985,0.25828589395978785,52,4
NP_066005.2,0.49582985445508243,0.5107384175617112,32,18
NP_066124.1,0.47230701298664207,0.15300719451762787,74,3
NP_066264.4,0.2593442739825274,0.23001174268887195,35,3
NP_066268.1,0.3952262412644213,0.4601374426466116,67,1
NP_066287.2,0.3621439534664539,0.2201260899226898,270,15
NP_066288.2,0.3806021001713989,0.12192181699209911,43,2
NP_066550.2,0.2821562515615683,0.28413928065032334,76,5
NP_066963.2,0.33651741599930685,0.31395602635539205,47,3
NP_067032.3,0.42458542101396746,0.28836761346616524,25,3
NP_067638.3,0.3214370598225499,0.24086439005149207,66,11
NP_068602.2,0.345650475621332,0.20142016677289173,29,1
NP_068711.1,0.24126183518992272,0.42182481217711565,66,6
NP_068712.1,0.24779886710713567,0.7283745406195448,62,2
NP_068776.2,0.22514496474943768,,22,0
NP_071357.2,0.4428207700858354,0.24049514115694165,28,12
NP_071378.1,0.4270014004509661,0.40487501297861983,25,4
NP_071415.1,0.3811205869812581,,41,0
NP_071445.1,0.39745811487485955,0.3836261352106514,55,5
NP_071451.2,0.2886217984982732,0.21588475183285752,104,32
NP_071731.1,0.4832308709843647,0.4318049553702176,27,2
NP_071765.2,0.2745751433925077,0.2056326466632654,33,4
NP_071934.3,0.3281919434307017,0.5300495478891193,99,7
NP_073746.2,0.4659097441336356,,32,0
NP_075598.2,0.28542409348973474,0.2440173806579185,52,1
NP_076927.1,0.26625753685236064,,32,0
NP_077015.2,0.3185945666617925,0.41352208507815896,33,4
NP_077277.1,0.4455826018977568,0.46775527707717796,30,6
NP_077282.3,0.23192223209865157,0.18722485806155423,20,1
NP_077288.2,0.2776886737178996,0.18582845026081926,38,2
NP_077744.4,0.4570612289373195,0.5830163415769013,29,3
NP_078789.2,0.34148823150555063,,40,0
NP_078853.2,0.347058924835388,0.23058874711803318,36,1
NP_078875.4,0.5409388880865106,0.37752505552323107,27,6
NP_078941.2,0.4764613210092214,,41,0
NP_078951.2,0.48072480607450235,0.3198237025388033,27,2
NP_079005.3,0.3696119924906194,0.4071457654839789,45,3
NP_079033.4,0.3270823658990074,0.18598216742133888,270,4
NP_079272.4,0.2570506139983192,0.27902863663421634,29,2
NP_079375.3,0.58750186165681,0.35990715245244637,26,9
NP_079408.3,0.2585819496478877,0.37006957259687434,23,1
NP_079455.3,0.4911941927838036,0.330926852728952,24,7
NP_079492.2,0.24634609733150178,0.19371716928460853,28,1
NP_085135.1,0.4698699209081483,0.4513285005840981,94,12
NP_109587.1,0.394236243046678,0.4835768930166143,29,5
NP_109590.3,0.46020331018750454,0.28794219634965657,202,3
NP_110440.1,0.33206835010188457,0.26796207666896676,21,4
NP_112190.2,0.21836126477824527,,21,0
NP_113663.2,0.2888579922974576,0.3899454242846373,22,2
NP_114032.2,0.3096815165036606,0.26734035417648255,67,13
NP_114423.1,0.40615858996144694,0.25394910607877247,20,3
NP_114432.2,0.40604674746042513,0.19713350926001588,28,7
NP_115484.2,0.38151356759131644,0.22353880512296523,25,2
NP_115763.2,0.3322518820368142,0.2292723023796078,46,16
NP_115791.3,0.29492651520595925,,51,0
NP_116027.2,0.43843394641013334,,53,0
NP_116045.2,0.2542944321142216,,30,0
NP_116071.2,0.29248721288325447,0.1724512946597919,64,4
NP_116277.2,0.35787994243248594,,89,0
NP_116575.3,0.4921777234553545,0.18224012740261236,30,6
NP_127497.1,0.40896649793594164,0.26058616867538914,37,7
NP_149045.3,0.36032240173657815,0.3314702454144261,33,3
NP_149075.2,0.41181346043794964,0.12815337873243662,20,1
NP_149091.1,0.41383022426543603,,24,0
NP_443099.1,0.35542787091214834,0.2847030496113298,47,7
NP_443108.1,0.48151618407306496,0.32935126091225464,35,2
NP_443711.2,0.4289764523094074,0.1798183302416814,21,5
NP_536350.2,0.4362870630020542,,60,0
NP_542411.2,0.27086625420980703,0.21686842451216282,102,6
NP_570824.1,0.41057364362452764,0.15310395269920207,24,4
NP_570853.1,0.3147192160280243,0.23519282303328587,36,5
NP_570901.3,0.27631609558780335,0.25063763407153145,23,3
NP_573566.2,0.35113200557123514,0.12866659422083848,24,2
NP_579877.1,0.4108950094965407,0.23121439136867805,32,2
NP_598004.1,0.21330422124489382,0.3369703937659947,31,2
NP_612422.2,0.2649533958372833,0.16719006145625467,23,2
NP_612486.2,0.3338796418933095,0.3836741295685413,23,4
NP_612808.1,0.44856792620792396,,20,0
NP_620596.2,0.3219404900739892,0.14789901393295443,44,3
NP_620689.1,0.3976919527846932,0.41280619788094747,43,2
NP_644805.1,0.3753527495294935,0.2912194926409385,85,13
NP_647479.2,0.3241212432297194,,65,0
NP_653178.3,0.438841899358837,0.4106805338831397,28,5
NP_653213.6,0.2571307658368609,0.3571952543222467,22,1
NP_659403.4,0.2677388615336637,,41,0
NP_659505.1,0.3298818673924545,,31,0
NP_660208.2,0.3732305734256141,0.3488611551173351,26,2
NP_663304.1,0.33645112392166854,0.17531178017004123,21,2
NP_689509.1,0.43881256394602075,0.35798990027668287,98,7
NP_689632.2,0.36893316411306143,,25,0
NP_689656.2,0.292278178120929,0.6582738833357508,41,2
NP_689854.2,0.4233792930505735,0.35522705211710703,35,8
NP_689956.2,0.40809388218580206,0.15331743541978188,27,6
NP_694984.5,0.310890358661397,0.23502920756380372,23,2
NP_705902.2,0.25895028412968346,0.7632527476036182,28,2
NP_714915.3,0.29754643869494046,0.17934741447561717,50,5
NP_714928.1,0.4989680372621187,,34,0
NP_742105.1,0.4506290483638367,0.19376644091217185,271,26
NP_758872.1,0.3187891405213882,0.21910115943874273,74,13
NP_775754.2,0.37155081650436345,,22,0
NP_775901.3,0.47320104363527593,0.29033096348086707,32,12
NP_775960.4,0.35889471738400375,0.3396569031362229,43,6
NP_777576.1,0.34122593564428544,0.3146403376207941,24,1
NP_777596.2,0.29132103443159074,0.2782568583523227,28,6
NP_783328.1,0.3045363688245572,0.11371649833293736,41,1
NP_803187.1,0.4348259355381491,0.2781058087931902,59,2
NP_808592.2,0.294807651419936,0.29877916825580564,38,3
NP_821080.1,0.5153933584377256,0.8452397126593896,33,2
NP_821133.1,0.2846039743650155,0.5458553663352448,24,2
NP_835366.1,0.47974530399902565,,79,0
NP_848547.4,0.4381032731854139,,27,0
NP_852107.1,0.3849193565292468,0.24487527008842086,54,5
NP_852122.1,0.44413763415655305,0.584665984149097,42,3
NP_870998.2,0.4954498501991277,,22,0
NP_877437.2,0.3587651524716624,,20,0
NP_891847.1,0.28361222043601814,0.7411391255066215,48,1
NP_898871.1,0.3828185378983716,,43,0
NP_899200.1,0.31805244999279103,0.3517657404213804,57,3
NP_919224.1,0.30278058938034275,0.24048364002534187,46,3
NP_919253.1,0.2813011426688395,0.3291102626531883,37,3
NP_932173.1,0.3499632025004838,0.17328282269128584,116,7
NP_937799.1,0.7219333813307417,0.7257414805055099,98,46
NP_937983.2,0.3654385367344627,0.3803832007258702,60,6
NP_938011.1,0.42334081210042274,0.2907477937021682,57,15
NP_938149.2,0.30563355380254187,,22,0
NP_940927.2,0.4463869294038726,,21,0
NP_940978.2,0.36083406565253145,0.317030206280605,54,20
NP_945345.2,0.2865160681153528,,49,0
NP_954986.2,0.3044167912016201,0.28874231843316456,25,5
NP_957705.1,0.44723871810941185,0.26233260833513217,134,8
NP_982272.2,0.3052142475171302,0.1471283990161913,28,2
NP_982301.1,0.29112733836995996,0.36645747210396,23,2
NP_991331.1,0.5646486914346536,0.30545696256157956,26,1
NP_997005.1,0.2171316643409335,0.20404662667589624,29,4
NP_997229.2,0.43418493384019247,0.32239043976456216,24,4
NP_997235.3,0.3081987378142202,0.11243569692838004,20,1
NP_998764.1,0.28602411487043417,,26,0
