UniProt_ID,rho_evo_struct,rho_seq_struct
A0A140D2T1_ZIKV,-0.029588963266386364,-0.030531201145650753
A0A192B1T2_9HIV1,-0.37482329985156326,-0.24121537749692
A0A1I9GEU1_NEIME,0.18848465634877135,0.2967942483011818
A0A247D711_LISMN,-0.018763470013463072,-0.1652534071025446
A0A2Z5U3Z0_9INFA,-0.13271112431488757,-0.16511735631117258
A4D664_9INFA,-0.030267226513988794,-0.0672329977600478
A4GRB6_PSEAI,-0.13357745307070829,-0.021538682406134487
AACC1_PSEAI,0.14198891456275248,0.25863796815527634
ACE2_HUMAN,-0.13541541783081587,-0.07380709747861533
ADRB2_HUMAN,0.046591672814313964,0.09417427995229069
AMIE_PSEAE,-0.12439296104691336,-0.08621501000932043
ANCSZ,-0.1097941885830275,-0.07988932464506615
ARGR_ECOLI,0.11324753148748126,0.1422216539167675
BBC1_YEAST,0.014333799098781392,-0.020012364875934406
BCHB_CHLTE,0.1081773359173256,0.16615082533158296
BLAT_ECOLX,0.12535957180659055,0.09964725785793435
BRCA1_HUMAN,-0.03110440780145674,0.018606879978821933
BRCA2_HUMAN,0.08535085775919267,-0.01144999697855962
C6KNH7_9INFA,-0.13409354708581722,-0.10992221500831444
CALM1_HUMAN,-0.12689695764940587,-0.10017898358809847
CAR11_HUMAN,-0.1919210405543006,-0.1856493209791888
CAS9_STRP1,0.03622516717003788,0.06208091995673484
CASP3_HUMAN,-0.08368130141623843,-0.11874086042649284
CASP7_HUMAN,0.0020485961445067726,-0.07593745481622335
CATR_CHLRE,-0.05551848606589835,-0.08804495502370674
CBPA2_HUMAN,-0.18665787706213527,0.016786185171235184
CBS_HUMAN,-0.019738801390889526,-0.0012746454448622562
CBX4_HUMAN,0.08672685373042535,0.07409719562904005
CCDB_ECOLI,0.1489153590636989,0.06923700084127007
CCR5_HUMAN,0.042850221685015163,0.03137613381903932
CD19_HUMAN,-0.08692931125306462,0.07845466423163149
CP2C9_HUMAN,-0.04479575429500267,-0.04092676277555457
CSN4_MOUSE,0.19786951834203625,0.12380914116964725
CUE1_YEAST,-0.23232086111368822,-0.015667356859375887
D7PM05_CLYGR,-0.023404225019817777,0.025735093629967717
DLG4_HUMAN,-0.25559639159345454,-0.34094705830499433
DLG4_RAT,-0.3677170519701061,-0.3818959410648235
DN7A_SACS2,0.18575371131649737,0.011075235846604137
DNJA1_HUMAN,-0.26383592479639667,-0.2522973371800215
DOCK1_MOUSE,0.19908142070881746,0.24572025186061044
DYR_ECOLI,0.025014280950095995,0.056431597144305234
ENVZ_ECOLI,-0.013448180050013895,0.11686579605445958
ENV_HV1BR,-0.29540557829823894,-0.2032023010280479
EPHB2_HUMAN,-0.06162710612079941,0.0922945244444628
ESTA_BACSU,0.006990042149962177,-0.05689613341509137
FECA_ECOLI,0.07414077271860306,0.12040037001017126
FKBP3_HUMAN,0.06509248693703902,0.03622744922709749
GAL4_YEAST,0.07497796449626411,0.20217722273786515
GDIA_HUMAN,0.06102276162329251,0.0627372360601236
GFP_AEQVI,-0.09563966711961172,0.12391966550926134
GRB2_HUMAN,-0.11067821067821071,0.05000000000000001
HCP_LAMBD,-0.12489402769036978,-0.04545536536391274
HECD1_HUMAN,0.21626228057253621,0.1560786585514951
HEM3_HUMAN,-0.14627920374761177,-0.18431766159985521
HIS7_YEAST,-0.08654860958222922,-0.11835026579478479
HMDH_HUMAN,0.037918858397409404,0.10205004523916837
HSP82_YEAST,-0.034717795540090406,-0.026044696543729567
HXK4_HUMAN,0.0877734558723459,0.019136584259815053
I6TAH8_I68A0,-0.0420437934361713,-0.06173408652917294
IF1_ECOLI,-0.11583949122197856,0.031709533132945826
ILF3_HUMAN,-0.29951877131593585,-0.2696054595526469
ISDH_STAAW,-0.17472085455891653,0.046322853036062116
KCNE1_HUMAN,-0.08679897473490189,0.03254192603455924
KCNJ2_MOUSE,-0.02295983431737533,0.08446771087938165
KKA2_KLEPN,-0.06697297325324435,-0.037116804945510756
LGK_LIPST,-0.0683991164635013,-0.08598301653379074
MBD11_ARATH,0.058199125346300715,0.06062060975812672
MET_HUMAN,-0.20593730353982342,-0.24827007163229942
MK01_HUMAN,-0.10904270822194458,-0.2159626848466137
MLAC_ECOLI,-0.15273435694365367,-0.18483093411409435
MSH2_HUMAN,0.05030679026463904,0.01113399674111114
MTH3_HAEAE,-0.1522915134742425,-0.12461461582518421
MTHR_HUMAN,0.06975647279362594,0.05460186743199121
MYO3_YEAST,0.13946108936708485,0.1003516939984996
NCAP_I34A1,-0.04096204458167471,-0.03952472872167309
NKX31_HUMAN,0.03614633052805524,-0.2541348812766196
NPC1_HUMAN,-0.03441582267770288,-0.02031097731798858
NRAM_I33A0,-0.01552885737049205,0.040576952386053536
NUD15_HUMAN,0.13456598547734192,0.16562383099755953
NUSA_ECOLI,-0.0364649463728122,0.09931034493116589
NUSG_MYCTU,-0.16973610637873765,-0.16843738165405445
OBSCN_HUMAN,-0.18382867132867134,0.010183566433566434
OPSD_HUMAN,-0.004554784841300601,0.11414763434937977
OTC_HUMAN,-0.08443747756978216,-0.12200197128738863
OXDA_RHOTO,-0.04008296889226152,0.03979782164859387
P53_HUMAN,0.016387483252976533,0.25680201745410186
P84126_THETH,-0.05383767840625209,-0.027604557510717106
PABP_YEAST,0.08816626126441458,0.24365922704068368
PAI1_HUMAN,-0.06137239063545106,-0.05775570846712745
PA_I34A1,0.01910646385508888,0.040455387983027016
PHOT_CHLRE,-0.02528820855502074,0.05830093488789661
PITX2_HUMAN,-0.18376670928132702,0.027069724369043056
PKN1_HUMAN,-0.19114613968417615,-0.06670579381205832
POLG_CXB3N,-0.013429900765562563,0.21151521495008072
POLG_DEN26,0.02943276591328548,0.0013380651184603603
POLG_PESV,-0.18114379022770555,0.1065575423039897
PPARG_HUMAN,0.22414221204640283,0.11651740002756608
PPM1D_HUMAN,-0.19708393455258644,-0.06082821888960244
PR40A_HUMAN,-0.007416652667570929,0.16621462693504427
PRKN_HUMAN,-0.10927995203073777,0.05761753902541983
PSAE_PICP2,0.027141289317799154,-0.03406976190736392
PTEN_HUMAN,-0.1326535841372791,-0.05422723922181335
Q2N0S5_9HIV1,-0.34272031209720927,-0.20478604031924372
Q53Z42_HUMAN,0.09438208059632062,0.10324625249765283
Q59976_STRSQ,0.05952857340170745,0.10708336632849519
Q6WV12_9MAXI,0.03372532566917208,-0.07298015080305995
Q8WTC7_9CNID,-0.1467793756406674,-0.0007244698720467111
R1AB_SARS2,-0.16230576146942122,-0.034270646574319795
RAD_ANTMA,0.03777684606717116,0.08313955728809314
RASH_HUMAN,-0.022944027102465517,-0.1637057736289206
RASK_HUMAN,-0.06029967888800497,-0.1818116343501559
RBP1_HUMAN,-0.08478121672613152,-0.0057630736445255576
RCD1_ARATH,-0.04614985740212601,-0.10869847031371534
RCRO_LAMBD,-0.13984637606468558,-0.0023043687096137686
RDRP_I33A0,-0.02216153678992738,-0.05505224140348101
REV_HV1H2,-0.0449007853583739,0.14706182019340333
RFAH_ECOLI,-0.0907303522938417,-0.146755893889204
RL20_AQUAE,-0.25892426636213284,-0.3319841609338407
RL40A_YEAST,0.06155181121908753,0.059503403357856054
RNC_ECOLI,-0.033749870051711345,-0.06069549849769171
RPC1_BP434,-0.16372459813206558,0.011160035601959566
RPC1_LAMBD,-0.28743844886833475,-0.3862125396750622
RS15_GEOSE,-0.16374437454357132,-0.11686768684442228
S22A1_HUMAN,0.15297627399750283,0.11903149349900932
SBI_STAAM,-0.3736564193371829,0.054067909575727005
SC6A4_HUMAN,0.052371550296406534,0.13654714987875596
SCIN_STAAR,-0.031758530305272266,0.14894138289723283
SERC_HUMAN,-0.004980077002828926,-0.022869411410931562
SHOC2_HUMAN,0.01602120446378547,0.03452436867814607
SOX30_HUMAN,-0.11440609307580397,0.05010533141506882
SPA_STAAU,-0.2863739675011964,0.18121144353218815
SPG1_STRSG,-0.059235209235209245,-0.13340548340548344
SPG2_STRSG,-0.26980654926663705,-0.3188871427232992
SPIKE_SARS2,-0.038555618073422324,0.008378925450884598
SPTN1_CHICK,-0.042569745536450335,0.07155162843104412
SRBS1_HUMAN,-0.022608452745785233,0.03234625057450826
SRC_HUMAN,-0.07814397848130374,-0.08747911340894539
SUMO1_HUMAN,-0.06744484159705859,0.159001349714385
SYUA_HUMAN,-0.0699723176139603,0.014460081729278724
TADBP_HUMAN,0.10099527174665147,0.017353974513660213
TAT_HV1BR,0.11226615591872093,0.16091097527772544
TNKS2_HUMAN,0.15555912752208045,0.20065169445173858
TPK1_HUMAN,-0.09500678348874254,-0.09191545554725168
TPMT_HUMAN,-0.0021849204917111405,0.048309590868034206
TRPC_SACS2,0.11067865832991462,0.09574331136324675
TRPC_THEMA,-0.03339369755745519,0.0463104594768359
UBC9_HUMAN,-0.05384061868084122,-0.08107051424096602
UBE4B_HUMAN,-0.09978625076645703,-0.011473043844989931
UBE4B_MOUSE,-0.09453235661170291,-0.14428087159374395
UBR5_HUMAN,-0.15300613687461223,0.04278880908576309
VILI_CHICK,0.14681264891287385,-0.052383137755903336
VKOR1_HUMAN,-0.06397213497584482,0.021044133970720573
VRPI_BPT7,-0.13565288737344375,0.09973170202965706
YAIA_ECOLI,-0.39980362167589817,-0.13810621635040368
