DMS_id,UniProt_ID,n,rho,p
A0A140D2T1_ZIKV_Sourisseau_2019,A0A140D2T1_ZIKV,9576,-0.016642089084824112,0.10343040933003644
A0A192B1T2_9HIV1_Haddox_2018,A0A192B1T2_9HIV1,12577,-0.012486194234736896,0.161451211706366
A0A1I9GEU1_NEIME_Kennouche_2019,A0A1I9GEU1_NEIME,922,0.08285157292398931,0.011847385535753605
A0A247D711_LISMN_Stadelmann_2021,A0A247D711_LISMN,1653,0.12343646235026218,4.802624462880868e-07
A0A2Z5U3Z0_9INFA_Doud_2016,A0A2Z5U3Z0_9INFA,10715,-0.04030896893732997,2.996618458521785e-05
A0A2Z5U3Z0_9INFA_Wu_2014,A0A2Z5U3Z0_9INFA,2350,0.028725618922786526,0.16390047317559847
A4D664_9INFA_Soh_2019,A4D664_9INFA,14421,-0.006089837069482979,0.46462249354379714
A4GRB6_PSEAI_Chen_2020,A4GRB6_PSEAI,5004,0.05790692487981295,4.154924733278216e-05
A4_HUMAN_Seuma_2022,A4_HUMAN,796,-0.0017186617460144848,0.9613868995402686
AACC1_PSEAI_Dandage_2018,AACC1_PSEAI,1801,-0.06578411148929691,0.0052246576779617715
ACE2_HUMAN_Chan_2020,ACE2_HUMAN,2223,-0.0546248017754391,0.009996128629346285
ADRB2_HUMAN_Jones_2020,ADRB2_HUMAN,7800,-0.00023898449035500183,0.9831633671016166
AICDA_HUMAN_Gajula_2014_3cycles,AICDA_HUMAN,209,0.03348362164151638,0.6303040354799537
AMFR_HUMAN_Tsuboyama_2023_4G3O,AMFR_HUMAN,820,0.01893932128940626,0.5881210452181922
AMIE_PSEAE_Wrenbeck_2017,AMIE_PSEAE,6227,0.12347449480154024,1.3854231835684858e-22
ANCSZ_Hobbs_2022,ANCSZ,4670,-0.0029824857563258366,0.8385401076394111
ARGR_ECOLI_Tsuboyama_2023_1AOY,ARGR_ECOLI,1287,0.0954340191780181,0.000607653793952127
B2L11_HUMAN_Dutta_2010_binding-Mcl-1,B2L11_HUMAN,170,0.2565482624068002,0.000732807578233015
BBC1_YEAST_Tsuboyama_2023_1TG0,BBC1_YEAST,1084,0.04343305853132569,0.1529981211955586
BCHB_CHLTE_Tsuboyama_2023_2KRU,BCHB_CHLTE,890,0.09966594659154158,0.0029150557626713798
BLAT_ECOLX_Deng_2012,BLAT_ECOLX,4996,0.019889732825061568,0.15983073463954917
BLAT_ECOLX_Firnberg_2014,BLAT_ECOLX,4783,0.08708144808643994,1.6156822359146732e-09
BLAT_ECOLX_Jacquier_2013,BLAT_ECOLX,989,0.010457853282549294,0.7425521595482222
BLAT_ECOLX_Stiffler_2015,BLAT_ECOLX,4996,0.05508765021947481,9.791126209003551e-05
BRCA1_HUMAN_Findlay_2018,BRCA1_HUMAN,1837,-0.03616299433168938,0.1212840766135978
BRCA2_HUMAN_Erwood_2022_HEK293T,BRCA2_HUMAN,265,0.06984098324714015,0.2572401884287336
C6KNH7_9INFA_Lee_2018,C6KNH7_9INFA,10754,0.0600053469331786,4.738383071024641e-10
CALM1_HUMAN_Weile_2017,CALM1_HUMAN,1813,-0.012115285583750952,0.6061869209542043
CAPSD_AAV2S_Sinai_2021,CAPSD_AAV2S,532,0.05673029203848813,0.19139419928390855
CAR11_HUMAN_Meitlis_2020_gof,CAR11_HUMAN,2374,0.04254535095335555,0.03818957893362418
CAR11_HUMAN_Meitlis_2020_lof,CAR11_HUMAN,2395,0.041446573205085865,0.042544376535287934
CAS9_STRP1_Spencer_2017_positive,CAS9_STRP1,8117,-0.01749367353195656,0.11503507119803445
CASP3_HUMAN_Roychowdhury_2020,CASP3_HUMAN,1567,0.012450819254122295,0.6223688697690377
CASP7_HUMAN_Roychowdhury_2020,CASP7_HUMAN,1680,0.01883421061661451,0.44043031755968454
CATR_CHLRE_Tsuboyama_2023_2AMI,CATR_CHLRE,1340,0.07873596974295681,0.003926611657578373
CBPA2_HUMAN_Tsuboyama_2023_1O6X,CBPA2_HUMAN,1357,0.11464801740691935,2.301662012332205e-05
CBS_HUMAN_Sun_2020,CBS_HUMAN,7217,-0.02264784355952423,0.054365350997901886
CBX4_HUMAN_Tsuboyama_2023_2K28,CBX4_HUMAN,917,-0.003550258425594099,0.9145012841260967
CCDB_ECOLI_Adkar_2012,CCDB_ECOLI,1176,0.08141204406171855,0.005213769643330667
CCDB_ECOLI_Tripathi_2016,CCDB_ECOLI,1663,0.020344659767785378,0.40703927390856254
CCR5_HUMAN_Gill_2023,CCR5_HUMAN,6137,0.004742202629615466,0.7103203692140014
CD19_HUMAN_Klesmith_2019_FMC_singles,CD19_HUMAN,3761,0.05610821094844088,0.000576329876980209
CP2C9_HUMAN_Amorosi_2021_abundance,CP2C9_HUMAN,6370,0.08644687154136141,4.8088251040739286e-12
CP2C9_HUMAN_Amorosi_2021_activity,CP2C9_HUMAN,6142,0.07750523778838671,1.186407773870963e-09
CSN4_MOUSE_Tsuboyama_2023_1UFM,CSN4_MOUSE,1353,-0.00775649875989125,0.7756065779569363
CUE1_YEAST_Tsuboyama_2023_2MYX,CUE1_YEAST,955,0.10918894253402811,0.0007249504318989984
D7PM05_CLYGR_Somermeyer_2022,D7PM05_CLYGR,1169,0.1497918361489272,2.6744399781919517e-07
DLG4_HUMAN_Faure_2021,DLG4_HUMAN,1280,0.07279683932302204,0.009177465678191058
DLG4_RAT_McLaughlin_2012,DLG4_RAT,1576,0.039522479091989096,0.11679586036335876
DN7A_SACS2_Tsuboyama_2023_1JIC,DN7A_SACS2,1008,0.17603047655049814,1.8460130593052447e-08
DNJA1_HUMAN_Tsuboyama_2023_2LO1,DNJA1_HUMAN,1216,0.1656850310461537,6.176559994036203e-09
DOCK1_MOUSE_Tsuboyama_2023_2M0Y,DOCK1_MOUSE,1213,0.07610702966688841,0.008006847316075006
DYR_ECOLI_Nguyen_2023,DYR_ECOLI,2916,0.030711119182144496,0.09730122468202317
DYR_ECOLI_Thompson_2019,DYR_ECOLI,2363,-0.02358927205769721,0.2516943121900305
ENVZ_ECOLI_Ghose_2023,ENVZ_ECOLI,1121,0.002425013072592316,0.9353606607506885
ENV_HV1B9_DuenasDecamp_2016,ENV_HV1B9,375,0.01982000340311776,0.7020393911993719
ENV_HV1BR_Haddox_2016,ENV_HV1BR,12863,-0.030258898421500733,0.000598550556100274
EPHB2_HUMAN_Tsuboyama_2023_1F0M,EPHB2_HUMAN,1239,0.07983397810209433,0.004927077400330518
ERBB2_HUMAN_Elazar_2016,ERBB2_HUMAN,326,-0.039423996951998296,0.4781008374092044
ESTA_BACSU_Nutschel_2020,ESTA_BACSU,2172,0.03964610364781002,0.06469523798607049
F7YBW8_MESOW_Ding_2023,F7YBW8_MESOW,80,-0.05930614158462259,0.601279036690995
FECA_ECOLI_Tsuboyama_2023_2D1U,FECA_ECOLI,1219,0.11200836567268543,8.891481314964471e-05
FKBP3_HUMAN_Tsuboyama_2023_2KFV,FKBP3_HUMAN,1237,0.0646765002765591,0.022916719931247536
GAL4_YEAST_Kitzman_2015,GAL4_YEAST,1195,0.04776207481200521,0.0988835881620773
GDIA_HUMAN_Silverstein_2021,GDIA_HUMAN,1154,-0.029166052866531237,0.32221105017925544
GFP_AEQVI_Sarkisyan_2016,GFP_AEQVI,1084,0.14212072323847272,2.631455126143795e-06
GLPA_HUMAN_Elazar_2016,GLPA_HUMAN,245,-0.08493255758920923,0.1851706539719204
GRB2_HUMAN_Faure_2021,GRB2_HUMAN,1034,0.03176764632063631,0.3074732366121375
HCP_LAMBD_Tsuboyama_2023_2L6Q,HCP_LAMBD,1040,0.029947098702442203,0.33463503165544073
HECD1_HUMAN_Tsuboyama_2023_3DKM,HECD1_HUMAN,1244,0.03755063459787414,0.18564899292182285
HEM3_HUMAN_Loggerenberg_2023,HEM3_HUMAN,5689,-0.030160673339570798,0.0229119137984063
HIS7_YEAST_Pokusaeva_2019,HIS7_YEAST,168,-0.09446449451055625,0.22323006934489
HMDH_HUMAN_Jiang_2019,HMDH_HUMAN,16853,0.027381601809233897,0.0003778958923594139
HSP82_YEAST_Cote-Hammarlof_2020_growth-H2O2,HSP82_YEAST,2252,0.012235604683948029,0.5616833831776051
HSP82_YEAST_Flynn_2019,HSP82_YEAST,13294,0.023136186844106503,0.007637252597138947
HSP82_YEAST_Mishra_2016,HSP82_YEAST,4323,-0.009604748843504967,0.527818494864907
HXK4_HUMAN_Gersing_2022_activity,HXK4_HUMAN,8570,-0.06789415294127682,3.1421677641616783e-10
HXK4_HUMAN_Gersing_2023_abundance,HXK4_HUMAN,8396,0.016755053965647467,0.12474955139391602
I6TAH8_I68A0_Doud_2015,I6TAH8_I68A0,9462,-0.002214025550483295,0.8295051280787729
IF1_ECOLI_Kelsic_2016,IF1_ECOLI,1367,-0.03462746264812258,0.20072371117835655
ILF3_HUMAN_Tsuboyama_2023_2L33,ILF3_HUMAN,1329,0.05231048281739901,0.05658364793286263
ISDH_STAAW_Tsuboyama_2023_2LHR,ISDH_STAAW,940,0.13265672430160086,4.5072546815655186e-05
KCNE1_HUMAN_Muhammad_2023_expression,KCNE1_HUMAN,2339,0.0431208187667906,0.037040596895239884
KCNE1_HUMAN_Muhammad_2023_function,KCNE1_HUMAN,2315,0.05801527972737126,0.005234817390183182
KCNH2_HUMAN_Kozek_2020,KCNH2_HUMAN,200,-0.014343363962861568,0.8402413904821149
KCNJ2_MOUSE_Coyote-Maestas_2022_function,KCNJ2_MOUSE,6963,-0.033373995178321354,0.005350210063533527
KCNJ2_MOUSE_Coyote-Maestas_2022_surface,KCNJ2_MOUSE,6917,-0.020671124513629943,0.08560354758765257
KKA2_KLEPN_Melnikov_2014,KKA2_KLEPN,4960,-0.045163484624572245,0.001464829111145495
LGK_LIPST_Klesmith_2015,LGK_LIPST,7890,0.05722999324815951,3.640472284891963e-07
LYAM1_HUMAN_Elazar_2016,LYAM1_HUMAN,359,-0.06261573893963679,0.23664157891839688
MAFG_MOUSE_Tsuboyama_2023_1K1V,MAFG_MOUSE,762,0.16566175530003316,4.280446095249852e-06
MBD11_ARATH_Tsuboyama_2023_6ACV,MBD11_ARATH,1155,0.03271349083910929,0.2666238789487646
MET_HUMAN_Estevam_2023,MET_HUMAN,5393,-0.044079369801687654,0.0012042055102484293
MK01_HUMAN_Brenan_2016,MK01_HUMAN,6809,-0.06210213881235537,2.921050409053947e-07
MLAC_ECOLI_MacRae_2023,MLAC_ECOLI,4007,0.0648391348971466,4.001112193470864e-05
MSH2_HUMAN_Jia_2020,MSH2_HUMAN,16749,-0.03955485133426649,3.043572363512979e-07
MTH3_HAEAE_RockahShmuel_2015,MTH3_HAEAE,1777,0.04166549841772621,0.07910310723649931
MTHR_HUMAN_Weile_2021,MTHR_HUMAN,12464,0.007985240959314471,0.37270638372205256
MYO3_YEAST_Tsuboyama_2023_2BTT,MYO3_YEAST,947,0.0586286123763341,0.0713304148479896
NCAP_I34A1_Doud_2015,NCAP_I34A1,9462,0.005318936728046459,0.6049305351375107
NKX31_HUMAN_Tsuboyama_2023_2L9R,NKX31_HUMAN,1149,0.034289717296136064,0.2454826777688601
NPC1_HUMAN_Erwood_2022_HEK293T,NPC1_HUMAN,637,0.05828986255483515,0.14168915628319553
NPC1_HUMAN_Erwood_2022_RPE1,NPC1_HUMAN,63,0.2026209677419355,0.11124604573311983
NRAM_I33A0_Jiang_2016,NRAM_I33A0,298,0.10790107988824067,0.06284765064782695
NUD15_HUMAN_Suiter_2020,NUD15_HUMAN,2844,0.00839466319541492,0.6545202451460204
NUSA_ECOLI_Tsuboyama_2023_1WCL,NUSA_ECOLI,1306,0.04438936095772741,0.10884093623104593
NUSG_MYCTU_Tsuboyama_2023_2MI6,NUSG_MYCTU,1019,0.022818227626330508,0.46685901032806587
OBSCN_HUMAN_Tsuboyama_2023_1V1C,OBSCN_HUMAN,1213,0.1049462953721962,0.0002508097486232192
ODP2_GEOSE_Tsuboyama_2023_1W4G,ODP2_GEOSE,669,0.03147269479513631,0.4163778344969742
OPSD_HUMAN_Wan_2019,OPSD_HUMAN,165,0.1264365666657762,0.10560629123968492
OTC_HUMAN_Lo_2023,OTC_HUMAN,1570,0.10278593017488291,4.4982016631012e-05
OTU7A_HUMAN_Tsuboyama_2023_2L2D,OTU7A_HUMAN,635,0.0521259286230845,0.18957550275908364
OXDA_RHOTO_Vanella_2023_activity,OXDA_RHOTO,6396,0.02970694964107802,0.017507480622793763
OXDA_RHOTO_Vanella_2023_expression,OXDA_RHOTO,6769,0.08585120431802702,1.4936619948942316e-12
P53_HUMAN_Giacomelli_2018_Null_Etoposide,P53_HUMAN,7467,-0.011743469889099098,0.3102776929512231
P53_HUMAN_Giacomelli_2018_Null_Nutlin,P53_HUMAN,7467,-0.025394398817330063,0.02820937381661985
P53_HUMAN_Giacomelli_2018_WT_Nutlin,P53_HUMAN,7467,-0.006828846164661381,0.5551899730889118
P53_HUMAN_Kotler_2018,P53_HUMAN,1048,0.01410553267628499,0.6483082011638002
P84126_THETH_Chan_2017,P84126_THETH,1519,0.023522011547924004,0.3596001944576689
PABP_YEAST_Melamed_2013,PABP_YEAST,1187,0.019350096230607558,0.5053943252526053
PAI1_HUMAN_Huttinger_2021,PAI1_HUMAN,5345,0.006295412187334979,0.6454075581597749
PA_I34A1_Wu_2015,PA_I34A1,1820,0.08692405306257156,0.00020498840682389946
PHOT_CHLRE_Chen_2023,PHOT_CHLRE,2122,0.06065867498092697,0.0051870846959730516
PIN1_HUMAN_Tsuboyama_2023_1I6C,PIN1_HUMAN,686,-0.17439795913720912,4.333982106701959e-06
PITX2_HUMAN_Tsuboyama_2023_2L7M,PITX2_HUMAN,938,0.13727224504052976,2.458380003382256e-05
PKN1_HUMAN_Tsuboyama_2023_1URF,PKN1_HUMAN,1301,0.023546417134475948,0.39610062907842436
POLG_CXB3N_Mattenberger_2021,POLG_CXB3N,15711,-0.027164644434725414,0.00066098715310449
POLG_DEN26_Suphatrakul_2023,POLG_DEN26,16897,0.02278681597950993,0.0030546062494069474
POLG_HCVJF_Qi_2014,POLG_HCVJF,1630,-0.06965806909330581,0.004899260761375507
POLG_PESV_Tsuboyama_2023_2MXD,POLG_PESV,995,0.2466378955656744,2.966494144870147e-15
PPARG_HUMAN_Majithia_2016,PPARG_HUMAN,9576,0.021168328274264042,0.03831848175167477
PPM1D_HUMAN_Miller_2022,PPM1D_HUMAN,7889,-0.022396523614834518,0.04667974386568012
PR40A_HUMAN_Tsuboyama_2023_1UZC,PR40A_HUMAN,1163,0.0003867983784921304,0.9894868043239522
PRKN_HUMAN_Clausen_2023,PRKN_HUMAN,8756,0.10637713305416548,1.8461533033439382e-23
PSAE_PICP2_Tsuboyama_2023_1PSE,PSAE_PICP2,1219,0.12185538842085297,1.9898847371740397e-05
PTEN_HUMAN_Matreyek_2021,PTEN_HUMAN,5083,0.08232235277575219,4.159554415517124e-09
PTEN_HUMAN_Mighell_2018,PTEN_HUMAN,7260,-0.023421794260941493,0.04597759719396955
Q2N0S5_9HIV1_Haddox_2018,Q2N0S5_9HIV1,12729,0.046368053893192394,1.6616978530557351e-07
Q53Z42_HUMAN_McShan_2019_binding-TAPBPR,Q53Z42_HUMAN,3344,-0.038922572339555275,0.024398221804985784
Q53Z42_HUMAN_McShan_2019_expression,Q53Z42_HUMAN,3344,0.0010101933607845725,0.9534340302697922
Q59976_STRSQ_Romero_2015,Q59976_STRSQ,2999,0.02010845643680392,0.2709601342677376
Q6WV12_9MAXI_Somermeyer_2022,Q6WV12_9MAXI,1141,0.13851454137907274,2.648294779255432e-06
Q837P4_ENTFA_Meier_2023,Q837P4_ENTFA,697,-0.050002556051733794,0.18731598203691785
Q837P5_ENTFA_Meier_2023,Q837P5_ENTFA,747,-0.042922186948536785,0.24131967420388106
Q8WTC7_9CNID_Somermeyer_2022,Q8WTC7_9CNID,1201,0.06361790161000054,0.02747904850956662
R1AB_SARS2_Flynn_2022,R1AB_SARS2,5725,0.01572526769695566,0.23418550204198105
RAD_ANTMA_Tsuboyama_2023_2CJJ,RAD_ANTMA,774,-0.007419888703351631,0.8367152496358949
RAF1_HUMAN_Zinkus-Boltz_2019,RAF1_HUMAN,297,0.071358423707417,0.22014350663048982
RASH_HUMAN_Bandaru_2017,RASH_HUMAN,3134,0.07493710291446963,2.676572863353433e-05
RASK_HUMAN_Weng_2022_abundance,RASK_HUMAN,3066,0.07096352707089462,8.399310718019891e-05
RASK_HUMAN_Weng_2022_binding-DARPin_K55,RASK_HUMAN,3084,0.06925992967884366,0.00011844190966679076
RBP1_HUMAN_Tsuboyama_2023_2KWH,RBP1_HUMAN,975,0.0631513685142285,0.04868508913790647
RCD1_ARATH_Tsuboyama_2023_5OAO,RCD1_ARATH,988,-0.045586919361938406,0.1521896685456203
RCRO_LAMBD_Tsuboyama_2023_1ORC,RCRO_LAMBD,1195,0.1461682654926869,3.8780484729619845e-07
RD23A_HUMAN_Tsuboyama_2023_1IFY,RD23A_HUMAN,798,0.046015800804958526,0.19409987530088962
RDRP_I33A0_Li_2023,RDRP_I33A0,12003,0.02615312233541706,0.004163765407852811
REV_HV1H2_Fernandes_2016,REV_HV1H2,2147,0.05855113116405392,0.006652478476256048
RFAH_ECOLI_Tsuboyama_2023_2LCL,RFAH_ECOLI,969,-0.019020187277881517,0.554276417423486
RL20_AQUAE_Tsuboyama_2023_1GYZ,RL20_AQUAE,1121,0.10614786728789169,0.00037075636164347854
RL40A_YEAST_Mavor_2016,RL40A_YEAST,1253,-0.04121207751778976,0.1448466525967931
RL40A_YEAST_Roscoe_2013,RL40A_YEAST,1195,0.023097516321400446,0.42503091013214245
RL40A_YEAST_Roscoe_2014,RL40A_YEAST,1380,0.05936927925259616,0.027424791435080604
RNC_ECOLI_Weeks_2023,RNC_ECOLI,4277,0.06332124823455129,3.411796229954016e-05
RPC1_BP434_Tsuboyama_2023_1R69,RPC1_BP434,1124,0.0960373769887994,0.0012657650244397068
RPC1_LAMBD_Li_2019_high-expression,RPC1_LAMBD,351,0.04648573648573649,0.3852449854092692
RPC1_LAMBD_Li_2019_low-expression,RPC1_LAMBD,351,0.10078699078699077,0.05925267735095932
RS15_GEOSE_Tsuboyama_2023_1A32,RS15_GEOSE,1195,0.07806290530693043,0.006937379413677742
S22A1_HUMAN_Yee_2023_abundance,S22A1_HUMAN,9803,0.008394227297878032,0.40596123246394744
S22A1_HUMAN_Yee_2023_activity,S22A1_HUMAN,10094,-0.00029168179310959787,0.9766242737435269
SAV1_MOUSE_Tsuboyama_2023_2YSB,SAV1_MOUSE,679,-0.034679544409927494,0.3669118187299437
SBI_STAAM_Tsuboyama_2023_2JVG,SBI_STAAM,1025,0.11833730654472274,0.000146239656135109
SC6A4_HUMAN_Young_2021,SC6A4_HUMAN,11576,-0.03917895269615829,2.4812495907215868e-05
SCIN_STAAR_Tsuboyama_2023_2QFF,SCIN_STAAR,1212,0.13388827761701147,2.9050272415412563e-06
SCN5A_HUMAN_Glazer_2019,SCN5A_HUMAN,224,0.05637518684603887,0.4010799624952055
SDA_BACSU_Tsuboyama_2023_1PV0,SDA_BACSU,834,0.018222795946449058,0.5992276471492711
SERC_HUMAN_Xie_2023,SERC_HUMAN,1914,0.016276057314255958,0.47668287443520085
SHOC2_HUMAN_Kwon_2022,SHOC2_HUMAN,10972,0.0028679426189918682,0.7638906120380341
SOX30_HUMAN_Tsuboyama_2023_7JJK,SOX30_HUMAN,1010,0.2525219378095888,3.707960731776694e-16
SPA_STAAU_Tsuboyama_2023_1LP1,SPA_STAAU,1035,0.15740816924905734,3.586588831122296e-07
SPG1_STRSG_Olson_2014,SPG1_STRSG,1045,0.09166129608082986,0.0030191225762792786
SPG1_STRSG_Wu_2016,SPG1_STRSG,76,0.342282980177717,0.002474176907917065
SPG2_STRSG_Tsuboyama_2023_5UBS,SPG2_STRSG,1029,0.14025825428922067,6.299456873711897e-06
SPIKE_SARS2_Starr_2020_binding,SPIKE_SARS2,3802,0.058792589381210375,0.00028660259776616193
SPIKE_SARS2_Starr_2020_expression,SPIKE_SARS2,3798,0.1341282693888567,1.033627846725132e-16
SPTN1_CHICK_Tsuboyama_2023_1TUD,SPTN1_CHICK,1051,0.1460316428472283,1.9934008035808362e-06
SQSTM_MOUSE_Tsuboyama_2023_2RRU,SQSTM_MOUSE,707,-0.003889742627923607,0.917769651475668
SR43C_ARATH_Tsuboyama_2023_2N88,SR43C_ARATH,889,-0.003476918877060856,0.9175481939384575
SRBS1_HUMAN_Tsuboyama_2023_2O2W,SRBS1_HUMAN,1211,0.011478725381734178,0.6898536519046135
SRC_HUMAN_Ahler_2019,SRC_HUMAN,3372,0.018050534545346563,0.29469764449900193
SRC_HUMAN_Chakraborty_2023_binding-DAS_25uM,SRC_HUMAN,3637,0.014571480410127246,0.37966442175251325
SRC_HUMAN_Nguyen_2022,SRC_HUMAN,3366,-0.016105083847718558,0.3502595212978027
SUMO1_HUMAN_Weile_2017,SUMO1_HUMAN,1700,-0.04855415279619829,0.04532270095669169
SYUA_HUMAN_Newberry_2020,SYUA_HUMAN,2497,0.05417626437611078,0.006772662351928896
TADBP_HUMAN_Bolognesi_2019,TADBP_HUMAN,1196,0.22926131887000492,9.951052888278536e-16
TAT_HV1BR_Fernandes_2016,TAT_HV1BR,1577,-0.042310823196803855,0.09302652604444998
TCRG1_MOUSE_Tsuboyama_2023_1E0L,TCRG1_MOUSE,621,0.17065005684759182,1.9078675749745856e-05
THO1_YEAST_Tsuboyama_2023_2WQG,THO1_YEAST,656,0.11358541126905754,0.0035787098764376102
TNKS2_HUMAN_Tsuboyama_2023_5JRT,TNKS2_HUMAN,1118,0.17025066669742064,1.0156960846516606e-08
TPK1_HUMAN_Weile_2017,TPK1_HUMAN,3181,0.006325136065318277,0.7213888256529455
TPMT_HUMAN_Matreyek_2018,TPMT_HUMAN,3648,-0.013932452421300172,0.40020559222067953
TPOR_HUMAN_Bridgford_2020,TPOR_HUMAN,562,0.10055364121119548,0.017101527215653806
TRPC_SACS2_Chan_2017,TRPC_SACS2,1519,0.049337769023202804,0.05454345638711927
TRPC_THEMA_Chan_2017,TRPC_THEMA,1519,-0.0241426570561118,0.34706020084245237
UBC9_HUMAN_Weile_2017,UBC9_HUMAN,2563,-0.05529409019057091,0.005108681808221947
UBE4B_HUMAN_Tsuboyama_2023_3L1X,UBE4B_HUMAN,1118,0.1346938713821909,6.205520250006037e-06
UBE4B_MOUSE_Starita_2013,UBE4B_MOUSE,899,0.020418810807841515,0.5409110691276171
UBR5_HUMAN_Tsuboyama_2023_1I2T,UBR5_HUMAN,1094,0.197605009527093,4.293853638641669e-11
VG08_BPP22_Tsuboyama_2023_2GP8,VG08_BPP22,723,-0.01952089075498656,0.6002560708221734
VILI_CHICK_Tsuboyama_2023_1YU5,VILI_CHICK,1202,0.05519814645135315,0.055724980890576314
VKOR1_HUMAN_Chiasson_2020_abundance,VKOR1_HUMAN,2695,0.03142947915350713,0.10283613955322618
VKOR1_HUMAN_Chiasson_2020_activity,VKOR1_HUMAN,697,-0.050996554061322086,0.17868781576890164
VRPI_BPT7_Tsuboyama_2023_2WNM,VRPI_BPT7,1047,0.03592847634527645,0.24542332669675865
YAIA_ECOLI_Tsuboyama_2023_2KVT,YAIA_ECOLI,928,0.1611708985558638,7.996758259678902e-07
YAP1_HUMAN_Araya_2012,YAP1_HUMAN,362,0.08343830288425844,0.11301267914055847
YNZC_BACSU_Tsuboyama_2023_2JVD,YNZC_BACSU,714,0.16080035796230827,1.579443872084091e-05
