,Site_Independent,EVmutation,DeepSequence_ensemble,EVE_ensemble,Unirep,Unirep_evotune,MSA_Transformer_ensemble,ESM1b,ESM1v_ensemble,ESM2_650M,Wavenet,RITA_xl,Progen2_xlarge,GEMME,VESPA,VESPAl,VespaG,ProtGPT2,Tranception_L,TranceptEVE_L,CARP_640M,MIF,MIFST,ESM-IF1,ProteinMPNN,ProtSSN_ensemble,SaProt_650M_AF2,PoET,MULAN_small,ProSST-4096,ESCOTT,VenusREM,RSALOR,S2F,S3F,SiteRM,ESM3,ESMC-600M,xTrimoPGLM-100B-int4,Progen3_3b
Site_Independent,1.0,0.8012759303000675,0.7004508022321969,0.7683188211526605,0.37557234353603247,0.41302964294301975,0.6138208367025746,0.5046505887509626,0.5530545959481289,0.5508180186244499,0.5314527753471221,0.4405132441757474,0.44739100799033166,0.6672504310702404,0.557316256642359,0.5098900570505482,0.5846737871824214,0.2235673136702356,0.7409613823103474,0.7468931079002052,0.523767603147751,0.39498093222270325,0.4590341888230565,0.4006141322633422,0.2531873103607402,0.5455944154852568,0.5242710240413047,0.6550969659497583,0.4024037344870213,0.4590930606257376,0.6820507241806898,0.577723304261115,0.6017217873498847,0.5413660485194379,0.5383209856344182,0.7906210122532172,0.49239253484529194,0.5351605331944295,0.4423258146027418,0.4821956822959483
EVmutation,0.8012759303000676,1.0,0.8107452766789477,0.8418309648701952,0.3098972212895562,0.47566455846563793,0.6830557866343875,0.567273007089249,0.6004105132089732,0.58762059023904,0.6027817125591945,0.5054004696650968,0.5317830976095173,0.7021219269964656,0.6146827039535973,0.5469121955975753,0.6222829131143587,0.23644988349610652,0.7316818983572858,0.8160171722444519,0.5798053967126056,0.3948782105832794,0.5144977029557041,0.41800745874078105,0.2510234148972085,0.586813668586698,0.5808966664148567,0.7146822332636934,0.37691252636126127,0.44640302082258293,0.7236321478661248,0.5432798199390019,0.6505571840876759,0.576578621952175,0.5776831401527254,0.7425508052219334,0.5199003478316605,0.6019996648616175,0.5565443121747238,0.5459698613974321
DeepSequence_ensemble,0.7004508022321969,0.8107452766789475,1.0,0.9183772158170979,0.3115038221533874,0.5076251293965536,0.7246297084741579,0.6030730593305192,0.6407321784563927,0.6222151185253713,0.6428399919280657,0.5444288723228538,0.5688250505221009,0.7384137612906817,0.6483404911241942,0.5752464059302206,0.646799382313616,0.2632740322184214,0.7420223792278478,0.8745337722659154,0.6163199348793992,0.40520247298529416,0.542867041204757,0.44323664315974154,0.26843579346815616,0.6196838327355337,0.6088848038297003,0.7358085606532649,0.3819972327415118,0.46567125429134504,0.7417022139828755,0.5789249006045151,0.7184194516727536,0.616968279631112,0.6181320844236318,0.7387718559068214,0.545441989542301,0.6387696648132313,0.5893719841381753,0.5781069435960036
EVE_ensemble,0.7683188211526605,0.8418309648701952,0.9183772158170979,1.0,0.33434917531734026,0.5208214117748418,0.7558111987541415,0.6278447051892458,0.6682180596288624,0.6509362670717587,0.6583746112423671,0.5632432187175461,0.5851600920764273,0.7908236927524012,0.6747572452930936,0.5961534475629662,0.6750420757966189,0.27683761586185496,0.7830395065943978,0.9268425363857085,0.6425086849650776,0.4346253226363117,0.5709564931751336,0.4702260137753666,0.2886507270917045,0.6491232500541118,0.6362438353198993,0.776517143227315,0.40829423372059254,0.5004464742479311,0.7902208946390764,0.6262663240741455,0.7680028782683418,0.6491876289014215,0.6494155721979908,0.7930177073047121,0.5753309399571125,0.6623202867886301,0.6078986907135857,0.6007401179165077
Unirep,0.37557234353603247,0.3098972212895562,0.3115038221533874,0.33434917531734026,1.0,0.27769231847168746,0.37062847624000644,0.4442058359814984,0.49844924997673445,0.45324030208796107,0.3171177086002967,0.3747776060733848,0.3253650451295357,0.313709276329731,0.2969844395862216,0.22015111326423878,0.3537089258346442,0.17756937673216583,0.4134497490179779,0.3833280234574797,0.4454761503947346,0.32104647324489816,0.3233443039347976,0.31926814061632086,0.2094392762525781,0.37366456422163163,0.388371393129112,0.399554065068966,0.4501450547255394,0.3821371094442153,0.2959628055033813,0.37941856665969764,0.2925270710381697,0.38792152234932786,0.3709138515564089,0.36155197903265385,0.3616425462586152,0.4456198552238966,0.2979669669225859,0.36581623219810416
Unirep_evotune,0.41302964294301975,0.4756645584656379,0.5076251293965536,0.5208214117748418,0.27769231847168746,1.0,0.5846974379329367,0.4914087025024245,0.5243441170934916,0.49966244561139633,0.5439655187179202,0.5835006952062348,0.604624493965317,0.5512365388292864,0.5822786259610566,0.5314652067745601,0.5958308404032363,0.23849419496394952,0.6099433529457575,0.6001187743864388,0.5106830400613352,0.3639285607173609,0.47053341419286865,0.3983450180266313,0.22184565731133013,0.5249147267879511,0.49835506042243394,0.588152566423415,0.36102983227027213,0.4080616923595025,0.546245523966631,0.4815249378604917,0.4693946507777406,0.5181755013887913,0.5157095794321114,0.557936422531088,0.46819482516743616,0.4995965907933168,0.5009443841293656,0.5731284300284205
MSA_Transformer_ensemble,0.6138208367025746,0.6830557866343875,0.7246297084741579,0.7558111987541415,0.37062847624000644,0.5846974379329367,1.0,0.7000342297794114,0.7370978242726499,0.702963789251716,0.7050289504806222,0.6655976608465068,0.6967385003772611,0.7368274180129364,0.71855121279909,0.6094937791556311,0.7260212562277861,0.2880802379483915,0.770554784578227,0.8023910021638461,0.7113467890542144,0.4565891223346185,0.6120441462329118,0.4893904692073537,0.297506238883495,0.6841068788526663,0.6893857626574239,0.8308681232127076,0.46150965103947283,0.5149585386652122,0.7267410141613729,0.6419154110027356,0.6738359035078471,0.6843786024007409,0.6799878683184275,0.7377771164745817,0.6088419905436677,0.7281959526382973,0.6956483302295757,0.6802476473806731
ESM1b,0.5046505887509627,0.567273007089249,0.6030730593305192,0.6278447051892458,0.4442058359814984,0.4914087025024245,0.7000342297794114,1.0,0.8288760038250838,0.7742624168926933,0.5795266023771295,0.6447206803187329,0.6345929462166042,0.6217843973256305,0.6578796944178552,0.525920240823032,0.6626096112204184,0.3107251332010065,0.6731701398137798,0.6824153793506482,0.8214075260755991,0.4358723179830443,0.6243131301160771,0.4710162260183918,0.2811635930116568,0.6956377816290261,0.7188255864187405,0.7245168374082547,0.49832304692095747,0.508116664071086,0.6094573898652885,0.6031386486139797,0.5911325850296828,0.6955353036143869,0.6850931667052479,0.6096024900577014,0.5918319203553821,0.8240966221324773,0.6393534845355822,0.658336438324552
ESM1v_ensemble,0.5530545959481289,0.6004105132089733,0.6407321784563927,0.6682180596288624,0.4984492499767345,0.5243441170934916,0.7370978242726499,0.8288760038250838,1.0,0.7975446622402212,0.6194822157779409,0.6946027820203753,0.6748562845319499,0.6529771818645705,0.6918655767820713,0.5614306277375403,0.6969514720390528,0.3346129014116267,0.7288429032200366,0.7349395450000553,0.8300937746422944,0.4631016795482542,0.6319197320217884,0.5090232693985643,0.299390119323312,0.7186553874024323,0.7292801349563747,0.7692219062373419,0.5373587521852426,0.5496029735451647,0.6373485383185524,0.6451793652209373,0.6274288357378077,0.7227422762465139,0.7100556203369399,0.6579143987290244,0.6239179009536634,0.8272945117229709,0.6597021357720783,0.711802593369181
ESM2_650M,0.5508180186244499,0.58762059023904,0.6222151185253711,0.6509362670717587,0.45324030208796107,0.49966244561139633,0.702963789251716,0.7742624168926933,0.7975446622402212,1.0,0.598326725979772,0.6239729340986799,0.6253573926828536,0.6351095934159713,0.6828169415155035,0.558036813781306,0.7186763441519285,0.3063818808963706,0.6862564505861484,0.7013910946469575,0.7828844742378501,0.4745303678901632,0.6168548203629538,0.507294716751164,0.30755827223019866,0.8622326858884091,0.736117341313898,0.7657877293733586,0.5098500477980825,0.5539559932401618,0.6318758063788155,0.6543352837926179,0.6293130793571289,0.8579050702267108,0.8455578075035627,0.6335536049841609,0.6384786557170092,0.8158237665241764,0.6246207683596693,0.6498565540778241
Wavenet,0.5314527753471221,0.6027817125591945,0.6428399919280657,0.6583746112423671,0.3171177086002967,0.5439655187179202,0.7050289504806222,0.5795266023771295,0.6194822157779409,0.598326725979772,1.0,0.5846321012226917,0.6091367322290057,0.633104885333353,0.6314131042562989,0.5537376188364389,0.642960870645829,0.26009506795831416,0.6703832453879194,0.6982819899897149,0.5976243150880189,0.3954465122810461,0.5235997975945057,0.4333404542260434,0.25774146853276103,0.5933954605252894,0.5850191323224112,0.7078782400095496,0.3894527138419448,0.4456415675147515,0.6265783865586705,0.5357154442950199,0.5678743358356103,0.5908358567989319,0.5884265053903449,0.6450644444273739,0.5298862677198922,0.6093199366253347,0.5696312842873935,0.587656554862337
RITA_xl,0.4405132441757474,0.5054004696650968,0.5444288723228538,0.5632432187175461,0.3747776060733848,0.5835006952062348,0.6655976608465068,0.6447206803187328,0.6946027820203753,0.6239729340986799,0.5846321012226917,1.0,0.7983229523142746,0.6007875971841706,0.644631007300997,0.5397953589076618,0.6563358840883952,0.3013847143596718,0.7239276333438155,0.6853349928964181,0.6619407516674323,0.40953194325078596,0.5476352865431207,0.43996430341217674,0.25256307637698544,0.6061843612411901,0.5988931855121539,0.6738675800793391,0.4397608126489371,0.46584709181314393,0.5821477482504767,0.5431937202555832,0.5132391198566669,0.6022024967272444,0.5931196672332701,0.598434285849987,0.5243953166297309,0.6366012389113339,0.6340131239076525,0.7705892592693963
Progen2_xlarge,0.44739100799033166,0.5317830976095173,0.5688250505221009,0.5851600920764273,0.3253650451295357,0.604624493965317,0.6967385003772611,0.6345929462166042,0.6748562845319499,0.6253573926828536,0.6091367322290057,0.7983229523142746,1.0,0.6221553888029916,0.6796502467245233,0.5780840549328056,0.6902937519404295,0.29030473163733567,0.7429819073524034,0.7114476496531463,0.651594365720669,0.42082267116869865,0.5641378272115446,0.4557037935953141,0.26082310962755817,0.6223035837528679,0.6179812288439922,0.7006249565300612,0.42229157466540074,0.47800850652290533,0.6115547420543244,0.560902569882666,0.5246685066697384,0.6140076395129913,0.6090961041754905,0.6178130232404734,0.5483421884766925,0.6440872369477455,0.6862499170850916,0.7893981891627981
GEMME,0.6672504310702404,0.7021219269964656,0.7384137612906817,0.7908236927524012,0.31370927632973106,0.5512365388292865,0.7368274180129364,0.6217843973256306,0.6529771818645705,0.6351095934159712,0.6331048853333532,0.6007875971841706,0.6221553888029916,1.0,0.6888555265099225,0.6131865652640459,0.7453267238033262,0.28963375904249533,0.7572381963117847,0.799287933690836,0.6321392083866557,0.44872942835319785,0.5831645954282278,0.48513003157204865,0.2819946596509637,0.6442360380695692,0.6300863641309292,0.7462073005422863,0.4144029747640494,0.5015241740989385,0.9332446277713342,0.6309894542925505,0.7195714463779794,0.6481027230238561,0.6480040190333853,0.76834049017001,0.5847679472720557,0.6433321353965057,0.6103463688784039,0.6231901371047048
VESPA,0.557316256642359,0.6146827039535973,0.6483404911241942,0.6747572452930936,0.2969844395862216,0.5822786259610566,0.71855121279909,0.6578796944178552,0.6918655767820713,0.6828169415155035,0.6314131042562989,0.644631007300997,0.6796502467245233,0.6888555265099225,1.0,0.9453253816807975,0.7901616333274514,0.2943527048525545,0.7105309416877446,0.7332701283380961,0.6797035936548349,0.4454156433541005,0.6084895089387615,0.4973555568454595,0.286468614483339,0.68777042012712,0.667324520560527,0.7731418749469637,0.40090321156729836,0.5375963109828142,0.7103088391399304,0.6430197577955836,0.6671986240562343,0.6853607558923779,0.6873356642697854,0.7393242104921203,0.6046971808833888,0.6897673962070971,0.6422865995050547,0.6782389077210105
VESPAl,0.5098900570505482,0.5469121955975753,0.5752464059302206,0.5961534475629662,0.22015111326423883,0.5314652067745601,0.6094937791556311,0.5259202408230319,0.5614306277375403,0.558036813781306,0.5537376188364388,0.5397953589076618,0.5780840549328056,0.6131865652640459,0.9453253816807975,1.0,0.7260663297270458,0.25113291222452294,0.6159756590132618,0.6407459426586015,0.5443520811836905,0.3908908590124994,0.5152732622194193,0.4439056748507204,0.24991476829498693,0.5882944320608565,0.5570377860644148,0.6678759635535739,0.32070882836345765,0.4809017993992587,0.6483490224328207,0.5723414121432139,0.6056303683090928,0.5866019618369861,0.5924841257960582,0.6897218058903175,0.5300730707009317,0.5604403151881503,0.5116587222670972,0.5800857433936583
VespaG,0.5846737871824214,0.6222829131143587,0.646799382313616,0.6750420757966189,0.3537089258346442,0.5958308404032363,0.7260212562277861,0.6626096112204184,0.6969514720390528,0.7186763441519285,0.6429608706458289,0.6563358840883952,0.6902937519404295,0.7453267238033262,0.7901616333274514,0.7260663297270458,1.0,0.2995047802317301,0.7370528087309198,0.7406593568729584,0.6748287123437453,0.4954382079271819,0.6193153441258709,0.5281397052699083,0.3052400977934394,0.7281473039400493,0.6814645186916967,0.7815870954953593,0.4642793854401509,0.5619121679724328,0.7489779266446511,0.6655530501012961,0.6582759440545611,0.7236051990361744,0.7225710119039255,0.7222066871039846,0.6328693142167356,0.690618373253716,0.6184258438003377,0.688259131051293
ProtGPT2,0.2235673136702356,0.23644988349610652,0.2632740322184214,0.27683761586185496,0.17756937673216583,0.23849419496394952,0.2880802379483915,0.3107251332010065,0.3346129014116267,0.3063818808963706,0.26009506795831416,0.3013847143596718,0.29030473163733567,0.28963375904249533,0.2943527048525545,0.25113291222452294,0.2995047802317301,1.0,0.300804776788765,0.3028622104325829,0.3234685824773474,0.19399976267045826,0.26504399610319457,0.20497586458343559,0.1211697293625831,0.30128351816139803,0.2886108989734131,0.3226812010391148,0.2228054933220721,0.23166835036445138,0.278876129825456,0.2808731202359988,0.26850641956242866,0.3003573415921059,0.2984274552853377,0.27003612759407336,0.2569676027583264,0.31272330737916154,0.25139425748823174,0.30066645306192474
Tranception_L,0.7409613823103474,0.7316818983572858,0.7420223792278478,0.7830395065943978,0.4134497490179779,0.6099433529457574,0.770554784578227,0.6731701398137798,0.7288429032200366,0.6862564505861483,0.6703832453879194,0.7239276333438155,0.7429819073524034,0.7572381963117847,0.7105309416877446,0.6159756590132618,0.7370528087309198,0.300804776788765,1.0,0.9241061264837707,0.692912116347239,0.4774655012320699,0.606646032825093,0.5042786805524611,0.30240292500877985,0.6836431028916963,0.6656592739760978,0.7828095062166148,0.48302099974736007,0.5455152929376821,0.7498088035098031,0.6546948706364196,0.6657903162700438,0.6763976347649262,0.6713426501601599,0.7868163300571815,0.6079909254693174,0.6903272021620213,0.6430880387924778,0.7548939685350246
TranceptEVE_L,0.7468931079002052,0.8160171722444519,0.8745337722659154,0.9268425363857085,0.3833280234574797,0.6001187743864388,0.8023910021638461,0.682415379350648,0.7349395450000553,0.7013910946469575,0.698281989989715,0.6853349928964181,0.7114476496531463,0.799287933690836,0.7332701283380961,0.6407459426586015,0.7406593568729584,0.3028622104325829,0.9241061264837707,1.0,0.7016218578293058,0.47413732616719434,0.6166069181713444,0.5076822727808459,0.30601381336113354,0.6980378510432548,0.6830920810278286,0.8191044748849233,0.4620779705884903,0.5437357529426585,0.7968991287076347,0.6626663498827375,0.7422983472369095,0.6931394518385837,0.6906005337066918,0.8086525790529929,0.6191175921201632,0.7116657743511449,0.6640142589443147,0.7199347000546251
CARP_640M,0.523767603147751,0.5798053967126056,0.6163199348793992,0.6425086849650776,0.4454761503947346,0.5106830400613352,0.7113467890542144,0.8214075260755991,0.8300937746422944,0.7828844742378501,0.5976243150880189,0.6619407516674324,0.651594365720669,0.6321392083866558,0.6797035936548349,0.5443520811836905,0.6748287123437453,0.3234685824773474,0.692912116347239,0.7016218578293058,1.0,0.4470435022243545,0.714997281827753,0.47445396377222465,0.2864710131571504,0.7105642575149553,0.7219907724164808,0.7482941323473724,0.504421135344758,0.5144221600039746,0.6226765695024533,0.6159478726704709,0.6077633449248839,0.7106743045661815,0.700550187440439,0.6310655194687287,0.5991789567426326,0.8182019637224492,0.6521138461445461,0.6737951899432357
MIF,0.39498093222270325,0.3948782105832794,0.40520247298529416,0.4346253226363117,0.32104647324489816,0.3639285607173609,0.4565891223346185,0.4358723179830443,0.4631016795482542,0.4745303678901632,0.3954465122810461,0.40953194325078596,0.42082267116869865,0.44872942835319785,0.4454156433541005,0.3908908590124994,0.4954382079271819,0.19399976267045826,0.4774655012320699,0.47413732616719434,0.4470435022243545,1.0,0.7365285138566613,0.7766882610708435,0.49865117954766447,0.5755710910242727,0.5806323770687009,0.5005516363519955,0.45924413230611,0.5466959392880415,0.47598875872732366,0.5829225903197685,0.498195572153911,0.6072080880475186,0.6229370060443713,0.4424312050169119,0.7485489307174614,0.4631038395438483,0.3596826490605036,0.43040086447421
MIFST,0.4590341888230565,0.514497702955704,0.542867041204757,0.5709564931751336,0.3233443039347976,0.47053341419286865,0.6120441462329118,0.6243131301160771,0.6319197320217884,0.6168548203629538,0.5235997975945056,0.5476352865431207,0.5641378272115446,0.5831645954282278,0.6084895089387615,0.5152732622194193,0.6193153441258709,0.26504399610319457,0.606646032825093,0.6166069181713443,0.714997281827753,0.7365285138566613,1.0,0.6960025182314203,0.4201686218249466,0.6887123749552204,0.6976458501546171,0.6516325733153,0.467238808752285,0.53462654701395,0.5970922760456019,0.6229113497022698,0.6001604215727948,0.7110699685377807,0.7237435001695626,0.5690980098049159,0.7384781977994208,0.6324503871254485,0.5381529695269056,0.5694317676422078
ESM-IF1,0.4006141322633422,0.41800745874078105,0.44323664315974154,0.4702260137753666,0.3192681406163208,0.3983450180266313,0.4893904692073537,0.4710162260183918,0.5090232693985645,0.507294716751164,0.4333404542260434,0.43996430341217674,0.4557037935953141,0.48513003157204865,0.4973555568454595,0.4439056748507204,0.5281397052699083,0.20497586458343559,0.5042786805524611,0.5076822727808458,0.47445396377222465,0.7766882610708435,0.6960025182314203,1.0,0.48083443483489546,0.5993400053432639,0.6092124113381112,0.5382311065990639,0.4637108623908207,0.5691258362736952,0.5108459453567563,0.6140703854147362,0.5410179059849535,0.6286287422618185,0.6426116027135178,0.47480717874178263,0.7660021485246806,0.49647670182032816,0.42013208069077146,0.46273603643699307
ProteinMPNN,0.2531873103607402,0.2510234148972085,0.26843579346815616,0.2886507270917045,0.2094392762525781,0.2218456573113301,0.297506238883495,0.2811635930116568,0.299390119323312,0.30755827223019866,0.25774146853276103,0.25256307637698544,0.26082310962755817,0.2819946596509637,0.28646861448333893,0.24991476829498693,0.3052400977934394,0.12116972936258309,0.30240292500877985,0.30601381336113354,0.2864710131571504,0.49865117954766447,0.42016862182494646,0.48083443483489546,1.0,0.3614646642780837,0.36997594822006163,0.3213672442832899,0.27556607220175533,0.3616020733197465,0.2991975191758212,0.38454661236355037,0.3384372541107535,0.3785172790884483,0.39092500029713323,0.28782137626504145,0.46528695236988904,0.2971341485223588,0.2381556235510565,0.26803345740172885
ProtSSN_ensemble,0.5455944154852568,0.5868136685866979,0.6196838327355337,0.6491232500541118,0.37366456422163163,0.5249147267879511,0.6841068788526663,0.6956377816290261,0.7186553874024323,0.8622326858884091,0.5933954605252894,0.60618436124119,0.6223035837528679,0.6442360380695692,0.68777042012712,0.5882944320608566,0.7281473039400493,0.30128351816139803,0.6836431028916963,0.6980378510432548,0.7105642575149553,0.5755710910242727,0.6887123749552204,0.5993400053432639,0.3614646642780837,1.0,0.7525255209686887,0.7528249148932931,0.5131662432294654,0.5945965999655232,0.6467380563137543,0.6948435830334809,0.6384427547335401,0.895247165512586,0.8878732813377846,0.6414508533821162,0.7221015746664445,0.7347887503539868,0.5910404130166703,0.6388488683615379
SaProt_650M_AF2,0.5242710240413047,0.5808966664148566,0.6088848038297003,0.6362438353198993,0.388371393129112,0.49835506042243394,0.6893857626574239,0.7188255864187405,0.7292801349563747,0.736117341313898,0.5850191323224112,0.5988931855121539,0.6179812288439922,0.6300863641309291,0.667324520560527,0.5570377860644147,0.6814645186916967,0.2886108989734131,0.665659273976098,0.6830920810278286,0.7219907724164808,0.5806323770687009,0.6976458501546171,0.6092124113381112,0.36997594822006163,0.7525255209686887,1.0,0.748744871138365,0.546379297446861,0.5964461621323073,0.634377189225187,0.6978647979375613,0.6240918382124216,0.7697807114039579,0.7661278849639387,0.6191016558167974,0.759694503969164,0.7712386839704246,0.6070768369074625,0.6282438139483625
PoET,0.6550969659497583,0.7146822332636933,0.7358085606532649,0.776517143227315,0.39955406506896607,0.588152566423415,0.8308681232127076,0.7245168374082547,0.7692219062373418,0.7657877293733588,0.7078782400095496,0.6738675800793391,0.7006249565300612,0.7462073005422863,0.7731418749469637,0.6678759635535739,0.7815870954953592,0.3226812010391148,0.7828095062166148,0.8191044748849233,0.7482941323473724,0.5005516363519955,0.6516325733153,0.5382311065990639,0.32136724428328994,0.752824914893293,0.748744871138365,1.0,0.5053101044524939,0.5789367900382156,0.7509621481048742,0.7006874367890589,0.7226421636266529,0.7527120732678046,0.7502691322492964,0.7646438728252849,0.6704086943373113,0.7740033084823308,0.7017473939015829,0.7026948000781716
MULAN_small,0.4024037344870213,0.37691252636126127,0.3819972327415118,0.40829423372059254,0.4501450547255394,0.36102983227027213,0.46150965103947283,0.49832304692095747,0.5373587521852426,0.5098500477980825,0.3894527138419448,0.4397608126489371,0.42229157466540074,0.4144029747640494,0.40090321156729836,0.32070882836345765,0.4642793854401509,0.2228054933220721,0.48302099974736007,0.4620779705884903,0.504421135344758,0.45924413230611,0.467238808752285,0.4637108623908207,0.2755660722017553,0.5131662432294654,0.546379297446861,0.5053101044524939,1.0,0.480782180071605,0.3960708267154879,0.50854806155532,0.37569922957670443,0.5342405914923383,0.5190425656391833,0.4217439030636601,0.5346658854632707,0.5140441380828478,0.3628847510198402,0.4479826844259473
ProSST-4096,0.4590930606257376,0.44640302082258293,0.46567125429134504,0.5004464742479311,0.38213710944421536,0.4080616923595025,0.5149585386652122,0.508116664071086,0.5496029735451647,0.5539559932401618,0.4456415675147515,0.46584709181314393,0.47800850652290533,0.5015241740989385,0.5375963109828142,0.48090179939925864,0.5619121679724328,0.23166835036445138,0.5455152929376821,0.5437357529426585,0.5144221600039746,0.5466959392880415,0.53462654701395,0.5691258362736952,0.3616020733197465,0.5945965999655232,0.5964461621323073,0.5789367900382157,0.480782180071605,1.0,0.5287389616946879,0.7299437215778232,0.5321838091801138,0.6047233428541379,0.6066268406227491,0.5059329004769916,0.6281646595805066,0.5443948269920466,0.41549904868129334,0.5007383560855518
ESCOTT,0.6820507241806898,0.7236321478661248,0.7417022139828754,0.7902208946390764,0.2959628055033813,0.546245523966631,0.7267410141613729,0.6094573898652885,0.6373485383185523,0.6318758063788157,0.6265783865586705,0.5821477482504767,0.6115547420543244,0.9332446277713344,0.7103088391399304,0.6483490224328206,0.7489779266446511,0.278876129825456,0.7498088035098031,0.7968991287076347,0.6226765695024533,0.47598875872732366,0.5970922760456019,0.5108459453567563,0.2991975191758212,0.6467380563137543,0.634377189225187,0.7509621481048742,0.3960708267154879,0.5287389616946879,1.0,0.6553422615978243,0.7734756460955393,0.6492949278932318,0.6594151542587529,0.7779463941280176,0.6058949213212156,0.6371534693996884,0.5992346468724756,0.6139092310113412
VenusREM,0.577723304261115,0.5432798199390019,0.5789249006045151,0.6262663240741455,0.37941856665969764,0.4815249378604917,0.6419154110027357,0.6031386486139797,0.6451793652209371,0.6543352837926179,0.5357154442950199,0.5431937202555832,0.560902569882666,0.6309894542925505,0.6430197577955836,0.5723414121432139,0.6655530501012961,0.2808731202359988,0.6546948706364196,0.6626663498827376,0.6159478726704709,0.5829225903197685,0.6229113497022698,0.6140703854147362,0.38454661236355037,0.6948435830334809,0.6978647979375613,0.7006874367890589,0.50854806155532,0.7299437215778232,0.6553422615978243,1.0,0.6615557468237899,0.7045435485980844,0.7128522121145109,0.6345485002278395,0.7093533022214583,0.6414206315731759,0.5052146046946707,0.5856996108519587
RSALOR,0.6017217873498847,0.6505571840876759,0.7184194516727537,0.7680028782683418,0.2925270710381697,0.4693946507777406,0.6738359035078471,0.5911325850296828,0.6274288357378077,0.6293130793571289,0.5678743358356103,0.5132391198566669,0.5246685066697383,0.7195714463779794,0.6671986240562343,0.6056303683090928,0.6582759440545614,0.26850641956242866,0.6657903162700438,0.7422983472369095,0.6077633449248839,0.498195572153911,0.6001604215727948,0.5410179059849535,0.3384372541107535,0.6384427547335401,0.6240918382124216,0.7226421636266529,0.37569922957670454,0.5321838091801138,0.7734756460955392,0.6615557468237899,1.0,0.6537780013864347,0.671539347920205,0.6743105732535561,0.6192055657969557,0.61989875590458,0.5433285955242857,0.5466917258703432
S2F,0.5413660485194379,0.576578621952175,0.616968279631112,0.6491876289014215,0.38792152234932786,0.5181755013887913,0.6843786024007409,0.6955353036143869,0.7227422762465139,0.8579050702267108,0.5908358567989319,0.6022024967272444,0.6140076395129913,0.6481027230238561,0.6853607558923779,0.5866019618369861,0.7236051990361744,0.3003573415921059,0.6763976347649262,0.6931394518385837,0.7106743045661815,0.6072080880475186,0.7110699685377807,0.6286287422618185,0.3785172790884483,0.895247165512586,0.7697807114039579,0.7527120732678045,0.5342405914923383,0.6047233428541379,0.6492949278932318,0.7045435485980844,0.6537780013864347,1.0,0.9417709599655244,0.6341920659529536,0.7473580971436603,0.7375574815078576,0.586286288523412,0.6320016353130141
S3F,0.5383209856344182,0.5776831401527254,0.6181320844236318,0.649415572197991,0.3709138515564089,0.5157095794321114,0.6799878683184275,0.6850931667052479,0.7100556203369399,0.8455578075035627,0.5884265053903449,0.5931196672332701,0.6090961041754905,0.6480040190333856,0.6873356642697854,0.5924841257960582,0.7225710119039255,0.2984274552853377,0.6713426501601599,0.6906005337066918,0.700550187440439,0.6229370060443713,0.7237435001695626,0.6426116027135178,0.39092500029713323,0.8878732813377846,0.7661278849639387,0.7502691322492964,0.5190425656391833,0.6066268406227491,0.6594151542587527,0.7128522121145109,0.671539347920205,0.9417709599655244,1.0,0.6316346674115737,0.7597504532418692,0.7277365437539517,0.5778327790164889,0.6281875101199511
SiteRM,0.7906210122532172,0.7425508052219334,0.7387718559068214,0.7930177073047121,0.36155197903265385,0.557936422531088,0.7377771164745817,0.6096024900577014,0.6579143987290244,0.6335536049841609,0.6450644444273739,0.598434285849987,0.6178130232404734,0.76834049017001,0.7393242104921203,0.6897218058903175,0.7222066871039846,0.27003612759407336,0.7868163300571815,0.8086525790529929,0.6310655194687287,0.4424312050169119,0.5690980098049159,0.47480717874178263,0.28782137626504145,0.6414508533821162,0.6191016558167974,0.7646438728252849,0.4217439030636601,0.5059329004769916,0.7779463941280176,0.6345485002278395,0.6743105732535561,0.6341920659529536,0.6316346674115737,1.0,0.5661707422429515,0.6342374076738074,0.6024473535912752,0.628333028299281
ESM3,0.49239253484529194,0.5199003478316605,0.545441989542301,0.5753309399571125,0.3616425462586152,0.46819482516743616,0.6088419905436676,0.5918319203553821,0.6239179009536632,0.6384786557170092,0.5298862677198922,0.524395316629731,0.5483421884766925,0.5847679472720558,0.6046971808833886,0.5300730707009317,0.6328693142167356,0.2569676027583265,0.6079909254693177,0.6191175921201632,0.5991789567426326,0.7485489307174614,0.7384781977994209,0.7660021485246806,0.4652869523698891,0.7221015746664445,0.7596945039691639,0.6704086943373112,0.5346658854632707,0.6281646595805068,0.6058949213212156,0.7093533022214583,0.6192055657969557,0.7473580971436604,0.7597504532418692,0.5661707422429514,1.0,0.6397941261372214,0.49724836466122013,0.5616234852590184
ESMC-600M,0.5351605331944295,0.6019996648616175,0.6387696648132313,0.6623202867886301,0.4456198552238966,0.49959659079331664,0.7281959526382973,0.8240966221324773,0.8272945117229709,0.8158237665241764,0.6093199366253347,0.6366012389113339,0.6440872369477454,0.6433321353965057,0.6897673962070973,0.5604403151881503,0.690618373253716,0.31272330737916154,0.6903272021620213,0.7116657743511449,0.8182019637224494,0.4631038395438483,0.6324503871254485,0.496476701820328,0.2971341485223588,0.7347887503539869,0.7712386839704246,0.7740033084823309,0.5140441380828478,0.5443948269920466,0.6371534693996884,0.6414206315731759,0.61989875590458,0.7375574815078576,0.7277365437539516,0.6342374076738074,0.6397941261372214,1.0,0.6600595169176691,0.6674765908223909
xTrimoPGLM-100B-int4,0.4423258146027418,0.5565443121747238,0.5893719841381754,0.6078986907135857,0.2979669669225859,0.5009443841293656,0.6956483302295757,0.6393534845355822,0.6597021357720783,0.6246207683596691,0.5696312842873936,0.6340131239076525,0.6862499170850916,0.6103463688784039,0.6422865995050547,0.5116587222670972,0.6184258438003377,0.2513942574882317,0.6430880387924778,0.6640142589443147,0.6521138461445461,0.35968264906050357,0.5381529695269057,0.42013208069077146,0.2381556235510565,0.5910404130166703,0.6070768369074625,0.7017473939015829,0.3628847510198401,0.41549904868129334,0.5992346468724756,0.5052146046946706,0.5433285955242858,0.586286288523412,0.5778327790164889,0.6024473535912752,0.49724836466122013,0.6600595169176691,1.0,0.6374004523166109
Progen3_3b,0.4821956822959483,0.5459698613974321,0.5781069435960036,0.6007401179165078,0.3658162321981043,0.5731284300284205,0.6802476473806731,0.6583364383245521,0.711802593369181,0.6498565540778241,0.5876565548623371,0.7705892592693963,0.7893981891627981,0.6231901371047048,0.6782389077210106,0.5800857433936583,0.688259131051293,0.30066645306192474,0.7548939685350246,0.7199347000546251,0.6737951899432357,0.43040086447421,0.5694317676422078,0.46273603643699307,0.26803345740172885,0.638848868361538,0.6282438139483625,0.7026948000781716,0.4479826844259473,0.5007383560855518,0.6139092310113412,0.5856996108519587,0.5466917258703433,0.6320016353130141,0.6281875101199511,0.628333028299281,0.5616234852590184,0.6674765908223909,0.6374004523166109,1.0
