UniProt_ID,D_evo_struct_helix,D_evo_struct_sheet,D_evo_struct_loop,D_evo_struct_core,D_evo_struct_surface,rho_D_evo_struct_contact,D_seq_struct_helix,D_seq_struct_sheet,D_seq_struct_loop,D_seq_struct_core,D_seq_struct_surface,rho_D_seq_struct_contact,D_std_helix,D_std_sheet,D_std_loop,D_std_core,D_std_surface,rho_D_std_contact
A0A140D2T1_ZIKV,0.5312383377709669,0.5033528687540233,0.5580866457110528,0.5070352945291147,0.5270233755015836,-0.034243762525159004,0.5231396468878867,0.5241917071769825,0.5354323020910235,0.5159938325738638,0.5356250991270307,-0.03673947151916415,0.7167624306347223,0.7394419176860202,0.7177246774161654,0.7201731362939586,0.7312617837662498,-0.05299984573257583
A0A192B1T2_9HIV1,0.798938655331189,0.5775592004444452,0.7165515561107824,0.6132679278504385,0.7534414029569259,-0.11574354438481528,0.682957498514492,0.549860428621709,0.594133048394085,0.5643630756615419,0.6206231575084152,-0.06487312253872267,0.6694107733346909,0.63649266422164,0.6628065721969667,0.6579147511810691,0.6488320299526729,0.019889004645547912
A0A1I9GEU1_NEIME,0.8411249324926002,0.5515235430359446,0.5264125971696134,0.5763985546743038,0.5817387592443595,-0.04387416241707893,0.7594042166937092,0.5175496782990774,0.43432524098113917,0.5516504081840548,0.5271714364065178,0.025270171229552798,0.557690797708382,0.5548740284325459,0.546496177340659,0.5486478209182255,0.551731934894673,-0.04396530617883512
A0A247D711_LISMN,0.5681859648095516,0.49592446362262566,0.5211919876725954,0.5431859404444732,0.5705332047278966,0.012665195302404952,0.5857555884161162,0.4929755465638216,0.6541835412677884,0.6294326203825524,0.6282776090235415,0.02428384633600854,0.703739310054812,0.6266037955101028,0.6693115963968661,0.7004177496661139,0.6626270427906142,0.08672097250053237
A0A2Z5U3Z0_9INFA,0.6288081118888025,0.5547342389850485,0.5968848642281311,0.5699939432149744,0.6257842878361706,-0.047738172785767426,0.5661563775170722,0.4972708293134009,0.5188729666556281,0.5459046832553135,0.49304221256022424,0.004682862163757723,0.6635922003868501,0.6608527326601007,0.6649495696713615,0.6942510335069281,0.6536829584224799,0.0897880397365851
A4D664_9INFA,0.660721057456692,0.6398113720944028,0.6263245563637616,0.6400271119781407,0.6411407655828447,-0.003094465206856633,0.5306149586574858,0.5681345410921111,0.5490663619965745,0.5981703416409732,0.4961269051648999,0.07694288374279212,0.7804577895623882,0.7653453491106532,0.7550978178873173,0.790719671120127,0.7490394243095593,0.10425295026919316
A4GRB6_PSEAI,0.4800285945739927,0.45805541785738035,0.5129830319478124,0.5043984277917751,0.4797107340608187,0.02689033336316132,0.42156980884236317,0.41880896198808426,0.48213169215439955,0.4942651113973362,0.3987819114074568,0.07747668857340387,0.5201669697989304,0.5117608761058908,0.5544438005953047,0.5521567740928875,0.5428423902455461,-0.020024150403374984
A4_HUMAN,0.7377625217521319,,0.40716916193658115,,0.40716916193658115,0.25608396669403033,0.6912140405600037,,0.38303789582145414,,0.38303789582145414,0.2527321570088211,0.7179912245832121,,0.6151776956996039,,0.6151776956996039,0.32520579485900564
AACC1_PSEAI,0.47030224766713025,0.5928962658132435,0.6070498212812463,0.5873699559993961,0.5528575550006217,0.027412785134610193,0.459143153820882,0.5567932766701749,0.5319145713864148,0.560708336135223,0.4610616330357695,0.07987718339235425,0.5247895650512848,0.5592069474065806,0.5766384732988948,0.5486432404777342,0.5808027741821759,-0.1102389085256786
ACE2_HUMAN,0.6313718522104991,0.6463483654088356,0.8247765260504649,0.6677487371166908,0.6383190781261514,0.02275962277452643,0.5251791484065695,0.5210660141425317,0.6173560390365134,0.5984910996405562,0.49393070066327727,0.07771216788464325,0.5952744205176415,0.6390490428333335,0.6241092194239339,0.6214591390034765,0.5791919623616635,0.1285062718880508
ADRB2_HUMAN,0.49680388460242564,,0.45656437472051936,0.5154753410462076,0.4342926598564879,0.06228715477162583,0.49266507346935695,,0.4173836574303721,0.5062502427269195,0.3989033928912084,0.10168084583243048,0.5012846133305108,,0.525369591808946,0.5028100507151689,0.5161294765176546,-0.06576943391146094
AICDA_HUMAN,0.7838870705770489,,0.517855656187864,0.7838870705770489,0.45649636634238244,0.24866808276291583,0.8578420013671284,,0.4512202955265081,0.8578420013671284,0.41826047941477373,0.3002619643621224,0.780187561082618,,0.6445347689664553,0.780187561082618,0.6283651763885202,0.2682071931845923
AMFR_HUMAN,0.4539329566915672,,0.4920731742283732,0.5065451175577176,0.4385298937730043,0.05791672840499833,0.4134928413260585,,0.40356169136125164,0.41709889145914514,0.38609675506105895,0.07945902140218532,0.5850917251193711,,0.5570605580563389,0.5753079206965241,0.5962733903525677,-0.06854956341160977
AMIE_PSEAE,0.5704832479976931,0.5065887338758637,0.5346432019124905,0.5210569859475719,0.5422159462363112,-0.010162520045164042,0.5152619864888133,0.43824562640530224,0.5035427137824577,0.47395402692406774,0.47630570054390486,0.01706431300938769,0.6171515179467324,0.5870730326655247,0.6385810150554532,0.6093667622422769,0.6190889629332372,-0.023498101376994682
ANCSZ,0.42718605553894123,0.4414927300135376,0.46590789245484726,0.42201167048828164,0.4545947156339375,-0.0425004875779102,0.42634865542039474,0.4648649255002383,0.4828416555354077,0.4451537133516493,0.46075168758035345,-0.04874994049826545,0.542957368851855,0.5400568421898657,0.5389974696115819,0.5462995367230353,0.5320924257714819,0.05872999715100186
ARGR_ECOLI,0.5626300549767678,0.5243671978856241,0.5174281446475367,0.4984131181051307,0.5633623276093365,-0.00758693449389299,0.45505471058040603,0.5395336883111549,0.4222408397618031,0.5332033544653015,0.3612430864149795,0.15170436094224587,0.5641504518028613,0.5846029593987326,0.5483413629008266,0.5845019795280681,0.545639508983667,0.09442627930489836
B2L11_HUMAN,0.6186707906130448,,,0.6186707906130448,,,0.44371614163569034,,,0.44371614163569034,,,0.7234574249011552,,,0.7234574249011552,,
BBC1_YEAST,0.4965733292712362,0.5049375596440404,0.4834585200477811,0.47696208612851243,0.4848040243518169,0.07423565439040872,0.4809216464742087,0.4321611755392018,0.44555339643072855,0.40429780108124697,0.45799729305328996,0.05321572711309919,0.46203828938302,0.5552531785358557,0.5114462570435191,0.5403422755940326,0.5557243378081711,-0.028399157981110125
BCHB_CHLTE,0.49803449880141565,0.855649306276818,0.9056512350705221,0.7369140561989742,0.6928972817344219,0.0093133281945164,0.4681908365611091,0.7369655613420443,0.6615023419273058,0.6651196416115421,0.5522394039094315,0.061659143233210575,0.5856776661172146,0.5943961499767801,0.7024204307756154,0.6465827884235389,0.6442246510481842,-0.027131083988792506
BLAT_ECOLX,0.454575886344449,0.5263042712882142,0.4367062122997391,0.5289175165186155,0.38786865572534673,0.13550485833789513,0.4493778081182195,0.5293362513972776,0.4177881725445174,0.5055665788550081,0.3962912466301135,0.11434215400986979,0.5763523763606471,0.6098899006758643,0.5749888788684437,0.6066588333016084,0.5515890137010708,0.14829855230195874
BRCA1_HUMAN,0.5805453379016074,0.4614060214623413,0.4767570336609191,0.511699449438666,0.5485632252707099,-0.01193799333960725,0.48147376696679656,0.45802546188577037,0.4068576826401734,0.4449281961374297,0.2843616891822488,0.033286653453449055,0.6591493780143243,0.6562946959216842,0.6358459605339273,0.6441951440402159,0.6645118612888493,0.11321468312470608
BRCA2_HUMAN,0.8573169709593152,0.4970527353541542,0.7514061422429344,0.8170489400110541,,0.08344949480225601,0.7650217022851173,0.37864856231483335,0.7030453877159297,0.7077947516285459,,0.05234469210802054,0.7646483097896732,0.6822221431195831,0.7383191469665,0.7758692999260489,,0.31213005904456637
C6KNH7_9INFA,0.6416538249436867,0.59384061394071,0.6157419420239657,0.5976137920497118,0.6403478864797802,-0.04047278354916928,0.5688744720348263,0.5421726832918561,0.5425514919793449,0.5709722762254316,0.5411120991282488,0.02047835761580647,0.7178469447125361,0.722658702116053,0.6941697808365144,0.7394793111762513,0.7039480963277964,0.07787158526029961
CALM1_HUMAN,0.4194651431587565,0.4145249935370379,0.45367582987260685,0.40762851591603133,0.3861062066363078,0.009594751262822648,0.4615336290034221,0.4428568294960234,0.5326507896151745,0.43916817387652474,0.4718843658801909,-0.013567283162156078,0.5534440407104223,0.5334470713438927,0.5529512646460231,0.5547054001461487,0.5487658447785808,0.05437944918291405
CAPSD_AAV2S,0.7875386336271374,0.6236076534731589,0.42685250326703644,0.3709121096026073,0.3691840815057535,-0.07798465087390331,0.5603444569756666,0.592533724249938,0.5734915532196236,0.5702874090156428,0.5230738058620872,0.05091019970681009,0.8708226718663353,0.7677043645601198,0.7447765639664562,0.7423199216110083,0.7309554343749445,0.027199281748380152
CAR11_HUMAN,0.5276023358198508,,0.6448098064574238,0.5015209406780279,0.632351235073322,-0.09603904951255607,0.46409618802118036,,0.5065831210858338,0.472393200865603,0.526108521859854,-0.04091448136318037,0.6407319529602258,,0.6251251468078669,0.6505572474742162,0.6153648467392538,0.0864833861061847
CAS9_STRP1,0.5347480844156818,0.537188027386388,0.5587788869060254,0.5644211110641822,0.5550494897856133,0.027743608652277176,0.4505045938930556,0.4476400985855988,0.44033655550577366,0.4739551996420948,0.43291950402677815,0.056637162449518164,0.6598310409239723,0.7261463051935763,0.6854629411748548,0.7116976670478521,0.6618509532452194,0.12913648196435318
CASP3_HUMAN,0.38701772353116987,0.41277050831182993,0.4762514428660043,0.42202727607935947,0.4510788786082697,-0.03894262602521528,0.4201269688873993,0.42387735675661287,0.47674600308442266,0.42215991119392726,0.47533216127979555,-0.05210058213090935,0.537992878544794,0.537526767592915,0.5450708867075925,0.552744491501158,0.5368074589517935,-0.0055037416548068645
CASP7_HUMAN,0.42970177228386497,0.465127781417083,0.4619485272810736,0.44805188523189937,0.4628131722356581,0.020281977140660924,0.4534054154760957,0.44464401540439313,0.46236585875693026,0.4537490192149503,0.4518840791048879,0.030982260608460398,0.5080517247139654,0.5318892410801246,0.5340786535991533,0.5577983395727895,0.5233108886457287,0.08653666761827461
CATR_CHLRE,0.4844067448381127,0.5255059356592513,0.4687980519439401,0.5203869528850449,0.4559944003614744,0.07951148575910963,0.47155511164252084,0.39806335094296896,0.45957215023156783,0.4368590900176792,0.4459344512657306,0.00745187255273498,0.5357079250650765,0.5034979295688329,0.5348678572418941,0.5332852046607901,0.5456977072266624,-0.10929611465836182
CBPA2_HUMAN,0.4666408616817904,0.48704681047161935,0.7971285605867497,0.6355090171679123,0.5340082624488576,0.07241069721226125,0.4254154052696102,0.33335666639762274,0.6799922499903202,0.4781455924399022,0.4940454816034797,0.05614729757860719,0.5624910330235524,0.625562282567811,0.6346001275360547,0.6425890303296794,0.5930111866415725,0.0656702119352726
CBS_HUMAN,0.49339985770261563,0.498664808730808,0.48228925663105393,0.5110961279536326,0.4600080612469398,0.04258955983004894,0.4631335347292733,0.45495637634660974,0.44105783060985126,0.4647399747195903,0.4078830799598601,0.05190999725955858,0.5369870112031806,0.5285337213501136,0.5457012841692874,0.5533966716184279,0.5325525570820895,0.05030966681037634
CBX4_HUMAN,0.4265820703021619,0.592116768607525,0.5100577109777814,0.5062830577344564,0.4579869593910033,0.06313047074514688,0.4150166621006157,0.5411926977479025,0.47862138652394404,0.572961265592075,0.4826324247258068,0.07115627872307433,0.5542395418518644,0.5622136695551756,0.627520854925703,0.5621815967083583,0.5934203323284994,-0.018941199448722756
CCDB_ECOLI,0.4961768976755877,0.531530283211686,0.5653606523841916,0.5477889087085144,0.523475739803273,-0.04603841183695172,0.480925295943439,0.4994492368053664,0.5342298344167287,0.48461833205406324,0.5349865713109432,-0.07568171159093162,0.584246720939642,0.6154474617255912,0.6103435588525901,0.6259536730739663,0.5916905235411017,0.03818046591551433
CCR5_HUMAN,0.5480772144672015,0.5294315953157378,0.5185827381786945,0.6083720259168397,0.5189463172305417,0.08242934227204998,0.5231954204630895,0.5906443835698483,0.4992328035342566,0.5715652709171234,0.49894019072742085,0.08983001378682796,0.5179790382458433,0.48691359274389984,0.5727130198663563,0.5379825925494421,0.5696405992544126,-0.04914561845115516
CD19_HUMAN,0.670612888967461,0.528267807292936,0.5189153493574866,0.5237273801700401,0.5469452111767872,-0.007888824376183153,0.5380172816792825,0.5588102051909891,0.4658762340919741,0.5290769108726021,0.43395989949675845,0.08328093754182907,0.6668955615493619,0.6704477066990095,0.6185089991347695,0.6637549644897502,0.5890290630243912,0.21227848818615103
CP2C9_HUMAN,0.48299987760814844,0.4931973019623913,0.45722186268396137,0.5077633538323019,0.4468569521088591,0.058206390754875874,0.4754236490458229,0.4496765714844597,0.4444410252247964,0.4960807787918021,0.43585706387333595,0.05700727112744277,0.5227444650567221,0.5164552490806822,0.5153319238184442,0.5302693082113462,0.5087336668791063,0.056553878291000344
CSN4_MOUSE,0.46648039022228255,0.6762838576155311,0.4673383764542857,0.5233492829916583,0.4591609773689366,0.08292254020459612,0.487516567047759,0.6318727119258634,0.41200280360993835,0.5341342581439985,0.5723725799054191,0.03599326422212144,0.5542134262559352,0.6044983466712085,0.6296265642587139,0.5666190048241488,0.6784164189402462,-0.1858918159293333
CUE1_YEAST,0.4554622163384868,,0.6067054965015024,0.4479874092627963,0.5216792827109854,-0.10061595966778644,0.4922355169899857,,0.5010720762641491,0.4930937602975597,0.46739895240934975,0.03435478627176231,0.584887543211419,,0.5999885398278921,0.5842922028773923,0.5696976856757396,-0.04577891182673263
D7PM05_CLYGR,0.5749524797538053,0.48355208418674767,0.4310365009932132,0.516322578619314,0.4230133009293052,0.08646662748070606,0.5602143807284987,0.5424383167950404,0.5546538792802144,0.5981563387520289,0.5553210875311917,0.052611510746638605,0.7972575720860324,0.7122538740032909,0.7000224334485263,0.7527264632075397,0.7172425216953395,0.0687402303656067
DLG4_HUMAN,0.4968519041632721,0.45010774784823115,0.5484371419837296,0.4501681785956738,0.528193278149979,-0.11122585181041854,0.5169719356577704,0.43708974752822993,0.5346716386960917,0.4380158753830721,0.4904351583000885,-0.10088859787437411,0.5860241535587767,0.5787830195648379,0.5842132752714373,0.5926705093684804,0.5415345118185428,0.0927386551248154
DLG4_RAT,0.501652295067534,0.490024231818905,0.5626161189392939,0.49072532454509865,0.5351495785666737,-0.08320720338999098,0.5623767551822698,0.49706368163855486,0.5157549563706241,0.456354480451545,0.5499274257777833,-0.10046159374080584,0.5762456727353883,0.5693975559217438,0.5702548184984424,0.5789455633653616,0.5302398918944546,0.08116534768914396
DN7A_SACS2,0.39966421540537067,0.50480109288332,0.480032930345125,0.5544726727623274,0.5395085143220946,0.042127964940292584,0.4734986853637762,0.5767939007410745,0.5474790423389129,0.6268848370069879,0.5587442290873414,0.04297850219893489,0.6696986278616376,0.6576826577070077,0.6945726202891553,0.6569112518032023,0.6904872969041409,-0.06048199363503231
DNJA1_HUMAN,0.5015191067913508,,0.827536676795153,0.5774363664862328,0.6827087065208248,-0.10733178639484064,0.4761298740335875,,0.8286310154273463,0.5310353400567522,0.6263811668201854,-0.08299579890379427,0.48495342897602345,,0.5476702641764926,0.5352945472855524,0.49524111350151956,0.02574695303558694
DOCK1_MOUSE,0.4404004000890933,0.46988027850001945,0.44364578235651114,0.5576464937892743,0.4403275579939663,0.05956573110182368,0.423674183233102,0.42193083514831586,0.3765212587364201,0.42669177371427447,0.33166408206832443,0.11840164807538316,0.5078738533393656,0.5774995179703555,0.5384408151298741,0.55461934542652,0.5416097897558195,-0.008764549511403904
DYR_ECOLI,0.5694770157038697,0.5093034788298572,0.577201246825001,0.5320604332011953,0.5799990952477696,-0.03811399938004256,0.5358209149051779,0.4867239327871755,0.5269411771844501,0.48729529889263945,0.5354364949203838,-0.039414161609595384,0.5865237486248597,0.5872062085368154,0.5524474398457323,0.5886291623169599,0.5359329123364491,0.13292914538905742
ENVZ_ECOLI,0.5768066259197611,,1.1436530706851065,0.7369356534330906,0.654378013504173,0.05496695020857256,0.6041194087042074,,0.8460435968075826,0.6420286700339786,0.5330869933732287,0.06522256263892698,0.5673645241293017,,0.7499069314323704,0.5646494367271736,0.6493565916099094,-0.1561651629169056
ENV_HV1B9,0.6119767825627225,0.4065432655687069,0.5628747694279248,0.4905996072576144,0.4091251913756526,-0.01638213772106428,0.5592302305147645,0.3693985717529982,0.4243964382934016,0.40385345996116606,0.35739803331765263,-0.04598640159333668,0.5526282770006294,0.6120296923600218,0.6170858227443694,0.5982528553813966,0.5731577017492514,0.0711613269962737
ENV_HV1BR,0.7602604869238418,0.6033951836434228,0.682242174936299,0.6125702526175983,0.7509550020970914,-0.09116422037098089,0.6665817194866874,0.5610875877435363,0.5764454673182624,0.5683632863004782,0.6106996679117512,-0.0345835869044345,0.6743610995905343,0.646297116212735,0.6664079333782459,0.6666582612207534,0.6601302944327441,0.03541001045218528
EPHB2_HUMAN,0.4470035312246603,,0.5118869294142623,0.42138243634329453,0.49644489278320536,-0.10273421716078505,0.4352004655200086,,0.48940962254385134,0.4017707737897454,0.4405763236969946,-0.04192972315369513,0.5264961206708044,,0.5356243447511213,0.5412111693829063,0.5438074543486602,-0.06961343262282309
ERBB2_HUMAN,0.5556882268773169,,0.7377078142846788,,0.6119346961727523,-0.036728402045675755,0.6171887317146484,,0.5978016789564687,,0.44080896454971985,0.02084584365184683,0.5953830010006992,,0.60396172559663,,0.5277742142330158,0.0477953160576893
ESTA_BACSU,0.4830122995909013,0.41912274169815755,0.5033031000285615,0.5439833826591303,0.4201341187765639,0.1093454233928132,0.4551494903408755,0.39407428812733264,0.5079266306029583,0.4849856728765489,0.42140486587050363,0.10013057264753748,0.6193223116224404,0.5735807022791454,0.5967827653888285,0.6250077040564674,0.5989154390967846,0.10684747736591144
F7YBW8_MESOW,0.5835001059297584,,,0.5517459442029395,0.5943673493273489,-0.030200149335403912,0.5167716208161746,,,0.5167716208161746,0.4137101982949654,-0.06582083829511108,0.5617756248045682,,,0.5617756248045682,0.5599073272874817,-0.05779562378640236
FECA_ECOLI,0.4391185816279516,0.43766423099341667,0.4682389545078242,0.4947136784137467,0.5017074536514519,-0.01595796277040608,0.39544551922206356,0.379277839418939,0.39367953555728424,0.4587572385995567,0.40505750453924966,0.07507991750081551,0.5414217986846003,0.5493079761537303,0.5161490874878325,0.5688430130950044,0.539272550306062,0.0466013205960856
FKBP3_HUMAN,0.5120772574922909,0.7833898712792366,0.46791184115938356,0.5228566302300802,0.4868989890451942,0.053654806531121015,0.5512137966419871,1.6760006485673282,0.5831415000876691,0.5627295780101067,0.5240603705585718,0.041810757745973905,0.6779024925020661,0.980074425703225,0.6773485273817286,0.725851134773951,0.6638384550367713,0.1316364979372787
GAL4_YEAST,0.5458124492500251,,0.41107729367011664,0.419304347082498,0.41431232973988263,0.03023422348115705,0.5456336068235468,,0.4573841883177712,0.5300693699777042,0.42665087645035915,0.06988350914792056,0.5416004581189309,,0.5586346623803464,0.5491899158624848,0.6029266901880912,-0.12044299019223113
GDIA_HUMAN,0.5766246327521499,0.5837546733833312,0.5798572017229704,0.5805513945626823,0.5706761557923511,-0.0018834079705293718,0.5713487841232476,0.5556339875790843,0.5419466614280772,0.5690529111687873,0.5176921317945016,0.02629723725587853,0.5599353278869247,0.5645582041310282,0.568588494465299,0.5734259126387697,0.5510760939732969,0.07776650417455652
GFP_AEQVI,0.5131705155672731,0.46686296780829106,0.38855917738846424,0.4045201454094054,0.44431189723012965,-0.03966542549093232,0.5784430451590761,0.5619330475068205,0.4858361000244875,0.6010265407293679,0.48644266639445216,0.12365446030707276,0.7834321997434132,0.7185418383147085,0.6854583562219363,0.7490266660272366,0.7020413665826425,0.11846063666938786
GLPA_HUMAN,0.6109940420320805,,,0.6109940420320805,,,0.5088979834009743,,,0.5088979834009743,,,0.6257167799989031,,,0.6257167799989031,,
GRB2_HUMAN,0.7180108966732733,0.4373767100053173,0.49096869687431155,0.4730520898955959,0.5262787320503858,-0.05787605868175131,0.5915650596250539,0.44462870785011965,0.4211769190874532,0.4676868548241657,0.4795051368951795,0.012908271175946848,0.5477619298026135,0.5082493826718036,0.47338339767675497,0.5152140261261203,0.47696586948771547,0.0646760166362774
HCP_LAMBD,0.4819046887288206,0.5750202656156165,0.5035294896987703,0.5751866373839805,0.4678837559675756,0.07042559473590741,0.40678339655140894,0.5074459626080933,0.44983385397658615,0.49729401988887173,0.4614010399239998,0.0643007581288475,0.6069760013948533,0.5648185632032701,0.612438870216574,0.6290551320873183,0.599837862327044,-0.009193067539858666
HECD1_HUMAN,0.39540828617883605,0.46660870057050274,0.6314609903438512,0.5762539307727459,0.5370615325091346,-0.02840696077599715,0.37697670071260003,0.42551470210332965,0.6005994796147447,0.5033771117719822,0.5595288436302963,-0.0894368224044858,0.6857015604774457,0.6247804756141946,0.6289617299429069,0.6268830280361853,0.6666312838439254,-0.05699851438022342
HEM3_HUMAN,0.5600164456428193,0.5305800752882857,0.5610869865457703,0.5288654775577621,0.5288281901895568,0.0309698134156877,0.5707224962262066,0.5095709471753913,0.5479083133148146,0.5266330904271825,0.5242184287536127,0.03122619979873811,0.5964904625896366,0.5746927141754207,0.5625244341538627,0.5840241128959794,0.5625098958303325,0.09441237923856853
HIS7_YEAST,0.4121895816864316,0.4910329449963469,0.593473941642972,0.37866311852843937,0.7228645167503913,-0.1942797904122737,0.4313421647377943,0.5582807508931144,0.6523180260160131,0.3753466203455409,0.6372051111693784,-0.13092452878231353,0.657387339072572,0.6303210021311617,0.5744072605015642,0.5923926980261813,0.5864614950277285,-0.04243041281205679
HMDH_HUMAN,0.5407394043673031,0.5813833016292206,0.6290883122743898,0.5587406448028559,0.582533747603025,-0.008777044551769513,0.5095481524042786,0.4756219864075466,0.5117694894175706,0.5071611890326879,0.47257094997300025,0.029740810694768947,0.6178963934496132,0.5958417651292801,0.5952952800940376,0.6314800919047621,0.5749848924396603,0.162032907006558
HSP82_YEAST,0.5814796962423132,0.5470639326794698,0.5582645107698977,0.5781207176771102,0.5288368618133459,0.03820811704743726,0.5759104011981422,0.525916364785423,0.5492241214291989,0.5726350962514417,0.5245545423926876,0.04228618287919892,0.5459608116762482,0.5476100445668455,0.5553097815295464,0.5660494928148182,0.5381603651145347,0.06937419770505833
HXK4_HUMAN,0.48005839331586453,0.5005833245175423,0.4832702850752675,0.5435474875492553,0.42768531225752704,0.11124435438333702,0.46511992026049154,0.5157588257790839,0.49823469774485996,0.5477075178215269,0.4313092179499418,0.10068463715570997,0.5516361225814246,0.5585690444057121,0.5469140164120598,0.5705853831940115,0.5429830076049277,0.0784351630708396
I6TAH8_I68A0,0.6249762161758918,0.5943184300373844,0.6429783251230711,0.6127880913363042,0.643767751647828,-0.010377254260097554,0.5430425451559749,0.5551290666123594,0.6043764738700386,0.6220726483983506,0.5586224808275125,0.022994037314142967,0.7495871845878855,0.7849409014143307,0.7451207016260222,0.7898040627499325,0.7314284514235737,0.09715954353647963
IF1_ECOLI,0.4675904571188331,0.47137576308939266,0.5220400522480799,0.47097290748235776,0.513596778733169,-0.0345059000363818,0.6381989203341782,0.5137763827435481,0.5294397422691255,0.5844027449359002,0.5208291959493072,0.01877500451335971,0.5548354839880477,0.5087197744266856,0.5454435188559112,0.5099839121976293,0.5557940678915895,-0.14117029277008392
ILF3_HUMAN,0.5737830184838169,0.3726622457413483,0.5461976367910598,0.4568299496777807,0.5249487527310297,-0.04041099345236739,0.5805047229998389,0.4137392377025653,0.5744065827386204,0.5187285839214368,0.6164147465605327,-0.05724694139372929,0.6425268135569321,0.5352975150935005,0.6403267020997576,0.5897255992528336,0.6756233353461142,-0.18490477639380126
ISDH_STAAW,0.5379818500490592,,1.1053298468650938,0.6659802024295015,0.6782626858309102,-0.03810916403395797,0.4454580148901801,,0.4084363863519225,0.5063833488093861,0.4589467991528896,0.06796395555281962,0.6068454573236287,,0.9141681258296728,0.6446436033400285,0.6456648689942647,-0.11915897886149014
KCNE1_HUMAN,0.6429045400727982,,0.678924679813804,0.6325493083826254,0.6307148328253074,0.014852903936166444,0.580379314845139,,0.5621807387989828,0.5860702052842508,0.5115623909092575,0.08810387952965157,0.6217454600425181,,0.6459365435151159,0.6336270280795183,0.6324757678693802,0.028855588785926544
KCNH2_HUMAN,0.6053848033011298,,0.34049897311064303,0.682797274155363,,0.07783839960338065,0.6549799148779809,,0.2729201923875193,0.5550371711548475,,0.0003309807573227624,0.6743345660722175,,0.7343765454595589,0.6451906297877278,,-0.03306911491601051
KCNJ2_MOUSE,0.5960251818994644,0.5210049653925626,0.5519439792110163,0.5383390290302466,0.5268812254672823,0.006584832386690852,0.5722972088886109,0.5137873544198909,0.5234209271993374,0.5510582737262264,0.463722730302161,0.07269744127086952,0.5671382836272449,0.5519328978816436,0.5726079587510342,0.5725532911390461,0.5616333241095709,0.023706408718612872
KKA2_KLEPN,0.4272012413438555,0.457014641769481,0.5167881979965763,0.5021692361348198,0.421826681450238,0.06452642351397699,0.3904004977042237,0.4103381780307299,0.4831605126613137,0.4659143501106049,0.38982077013843275,0.06267987885874006,0.5281044823843787,0.5237828865110139,0.5300858952769008,0.5437399755674696,0.5172532464963447,0.012370610469601518
LGK_LIPST,0.48859784074915946,0.602863806598038,0.5136620902960406,0.5718752190495296,0.44804244619545763,0.08361986323351267,0.4322037830022573,0.5633659086329139,0.49463821155077814,0.5319885444187851,0.39977338708804017,0.09853176067129057,0.535644918124196,0.6121468430702431,0.5649082342713375,0.5870766203254276,0.535644918124196,0.11031068447927425
LYAM1_HUMAN,0.5055187616211654,,0.9137887851531703,,0.6427442727127651,-0.05595710313802387,0.49380268527112214,,1.5910956760867836,,0.8485508799296578,-0.13650377882370404,0.5889013825559123,,0.7065157054770478,,0.6005900921455563,0.0064404348212459194
MAFG_MOUSE,0.49614661780684044,,0.8265344186560681,0.6497589666910023,0.7194221583918734,-0.1443767975723471,0.45662379735980685,,0.48773454056916904,0.6098873932721153,0.4805041142101647,0.014180775680340834,0.6243361448684823,,0.7030070940404116,0.6908566723446481,0.662360677990212,-0.03374994969143015
MBD11_ARATH,0.46508906114297494,0.588523038672963,0.4693131696353554,0.5832331103132298,0.42087033307980093,0.10689717034763972,0.5731359588416663,0.4627762194119125,0.43981890014026237,0.5520807226464883,0.3794820636266788,0.14152674432227974,0.5765986019479246,0.6095269983121119,0.6375495733803181,0.6357874060864274,0.6233419219222729,-0.049456610518879056
MET_HUMAN,0.4182266288158625,0.5075794441127889,0.4695324971993118,0.4302698472751363,0.432822181039901,0.012247027473556667,0.41891666228899194,0.510467816681496,0.47627756769838403,0.43298715377935365,0.46549984788142673,-0.02251577712384669,0.49596682202939046,0.505231858565137,0.4836453972417833,0.49849433901728013,0.500660979394469,-0.003883522706419004
MK01_HUMAN,0.48495198847757165,0.4803803914433324,0.5024026901651586,0.4901882831011245,0.47228699462333934,0.006342685735839394,0.48502536629457305,0.45134676776661736,0.5376424993555882,0.46530579602048694,0.5301615922199807,-0.0735932772107388,0.524506889359832,0.5343282437760479,0.5370278632638443,0.5385567104766322,0.5347146481423626,-0.03012916305031974
MLAC_ECOLI,0.555025546313529,0.4965472948393662,0.6054558620423053,0.5337528704842529,0.6041070185130377,-0.01699322754258063,0.4879100720044607,0.4871118310372783,0.5793319228217044,0.5271983544651043,0.5586180942565788,-0.001984965531222464,0.5783388760217585,0.5954490114273476,0.5896417794562347,0.5948944678142122,0.5786577210883593,0.029102158929742394
MSH2_HUMAN,0.5437610292157182,0.5617223839065514,0.603837917062909,0.6151111847700794,0.5398080708244115,0.05396289485837024,0.523555309641981,0.5053664383603652,0.564689966729128,0.5570657374529382,0.5179010266483092,0.0184322976902537,0.5784465903073165,0.6017228574553829,0.6018319879915099,0.6092734193559843,0.5737260057567746,0.08800059259149673
MTH3_HAEAE,0.4696511789788559,0.6108159949697258,0.5428296946434207,0.5361919172447343,0.5067468247877371,0.021776706478222458,0.44071021917200326,0.5126875369467425,0.5060830374446668,0.49166958843398373,0.4657951288116846,0.0436524665409729,0.5243452556794922,0.5173984909516853,0.5366140576942596,0.5235914494131454,0.514317559409031,0.024221767370948753
MTHR_HUMAN,0.5088299264882619,0.5976527018443497,0.5085411133516814,0.5876671645939257,0.4700570937793904,0.09943356543945304,0.4582245408698362,0.5643663663041507,0.49142225471029793,0.5482298249500706,0.4490405196181023,0.09878655434026418,0.5777939730756307,0.622875484356947,0.5992741010304552,0.6220763806511783,0.5831617460086416,0.09594685559277477
MYO3_YEAST,0.9105921190884714,0.5615591052657408,0.5073387049339613,0.5166008229059651,0.5262870203194286,0.00826303063081863,0.9152362817405921,0.5414497762378254,0.5313599245597875,0.5165841987712007,0.49697760266423585,0.0414504485607944,0.581533494328838,0.6111842532963212,0.5762538203445428,0.597229504205815,0.5618658883602573,0.002944184184515421
NCAP_I34A1,0.6434794749473611,0.5517712379115292,0.6210569991817502,0.5772664121124734,0.6228107054389282,-0.019609385976735748,0.5447020060482419,0.519171272389326,0.5746682482200207,0.5969202894331074,0.5425706022622441,0.019829275802103464,0.7536694554227557,0.7567837955152966,0.7385062652190145,0.7833965593940257,0.7252467420521742,0.11607820710493548
NKX31_HUMAN,0.49720865515369017,,0.44276102451778865,0.4517826988976311,0.392477472999834,0.04611996235443129,0.5559284224355759,,0.6638329382219128,0.48426360277822944,0.5711752279959383,-0.08251039596662973,0.5110688377938029,,0.5780348910971366,0.4786614272371146,0.5941281903743344,-0.30385609220624665
NPC1_HUMAN,0.5829658772368893,0.5145221463126034,0.5274532154742984,0.5287640702531854,0.5615401978820102,-0.03551033578375449,0.5050189031278144,0.5511239083378983,0.557609395074949,0.4656132790657274,0.5875278937610162,-0.06704379988827366,0.6232035641818467,0.6441179621020854,0.6317307928426579,0.6473994084126905,0.6189825280725325,0.08724412341202276
NRAM_I33A0,,0.5920497056836818,0.5383745947732013,0.5565529635927486,0.5250654461456021,-0.00494644248371916,,0.5843832019913886,0.46818392605950887,0.5454063661876092,0.45638538820942615,0.00871421551930251,,0.7118420416691882,0.7109226297602863,0.6890757991244585,0.7171347029394636,-0.12554004414142
NUD15_HUMAN,0.507633327693557,0.6228613813230631,0.5144900935251217,0.6313707046865618,0.48374974694600437,0.09486123198489725,0.4899946839502827,0.6081194004830248,0.5068663723589762,0.6073655111271085,0.48165304763776834,0.10698415141250699,0.6002951872509485,0.6099534411295684,0.6114069519766744,0.6109210093202858,0.6279438191336449,-0.1027206818645948
NUSA_ECOLI,0.4877078929961973,,0.42902776105371654,0.5295381083079602,0.48176302918975655,0.0007633259269905663,0.4425084081286233,,0.42009608900658235,0.499000390767504,0.41452494458459527,0.10908571723047597,0.5567178931148197,,0.5555875520125884,0.5501183719351419,0.6031464032360861,-0.09133680045578849
NUSG_MYCTU,,0.49361330329686415,0.4278740154389232,0.3875392894154428,0.5717105504250635,-0.10628507678087523,,0.500213142960662,0.4557542017468319,0.4240899957650196,0.4195968294213215,-0.06410385624991316,,0.48597940128124123,0.549454520887356,0.49336910027290604,0.5832228569635721,-0.2572367816657019
OBSCN_HUMAN,0.6029810832911,0.47887456927420347,0.4372791021962864,0.3858145099959439,0.5224221179562032,-0.0776446576680006,0.4889220953745236,0.4885720000721363,0.4261836665443506,0.4292169557283889,0.4208720132204016,0.048177341607117466,0.6151264087370361,0.6575324937654183,0.558219237859567,0.5996989994918043,0.5775423827780162,0.03127774791224604
ODP2_GEOSE,0.42505337186533443,0.4921213472396301,0.5444763932820577,0.5477381833576456,0.5203007834866804,-0.049180921562119256,0.36041259393809366,0.542313615590306,0.4447834055599488,0.5511239016794813,0.40930700469935244,0.08547735318219973,0.5687350531606733,0.5951593956936146,0.6070911849487332,0.6259680745746676,0.6109894913790501,-0.13591558953632277
OPSD_HUMAN,0.5664960994967865,0.4997036504782164,0.6035298772090358,0.5581994556100118,0.5626064196741046,0.0100883637926339,0.5405369753495697,0.6309668333570401,0.5656082101023261,0.5693634563362638,0.30847378938902326,0.11157112425579244,0.5898109917247464,0.5903286408069885,0.6631913442944568,0.6157947848449754,0.661987369055483,0.0014051169809713793
OTC_HUMAN,0.48060575890555823,0.5565235308150893,0.5513513941242381,0.463897494725991,0.5084223867356319,0.01159505394805402,0.44339502145811693,0.5218762071995653,0.526985570582684,0.4428585888715007,0.47910262960999306,-0.008569744017506094,0.5593010314937976,0.5816631689642577,0.5575172079402666,0.5778153733542558,0.5391035080997398,0.08433993076765672
OTU7A_HUMAN,0.4517173623341659,,0.8020015448076964,0.6118153110894999,0.6414369166285567,-0.10542290558240963,0.4533009897570696,,0.372048797616919,0.38390086694211684,0.40049155430888417,-0.02923199518636376,0.6406331763962935,,0.7766336134842734,0.6998675835441402,0.738625186520611,-0.1494120126865479
OXDA_RHOTO,0.519434849170045,0.5507139492225388,0.5609432923733796,0.5896225249118691,0.4961787110792339,0.07589862204047534,0.4584255908243267,0.5620917095443883,0.5054092560669263,0.5949368004391942,0.4126495077951734,0.13944394052516162,0.5676953035171093,0.5631140086399402,0.5666219983063636,0.5756142370953189,0.5475210457930746,0.06221707541716725
P53_HUMAN,0.5945384152098069,0.4790678144671857,0.575862683908037,0.531217345025498,0.5801712274773709,-0.01499217874715324,0.5270492955855008,0.4528306211571092,0.4802983762096463,0.5217347757762478,0.42530679671427696,0.09788723259241519,0.6154303193472291,0.6269366567879802,0.6086236483683313,0.6448414007224788,0.6005971839102056,0.13758428857698654
P84126_THETH,0.43208138240741145,0.6901016405564,0.6946551091130908,0.6267244152427287,0.7849202842319108,-0.11168078761331074,0.36454098286906556,0.6300956385803689,0.6353491377367474,0.5987231449717119,0.6329639209950245,-0.05675214427603139,0.4788529687469325,0.5476156213321385,0.5470358392421002,0.5427692370933239,0.5533416650572004,-0.04517637838133319
PABP_YEAST,0.36470255072105795,0.5960176133828026,0.4247697029495609,0.5057507307086775,0.4107756437216753,0.14402497128834799,0.4057073482682516,0.5634665146355924,0.4154869069701595,0.5244908543385466,0.42221904048193737,0.16239857624887857,0.4642620072590872,0.5189122412704039,0.4603124397760238,0.512752587166763,0.45054359335242367,0.22496341494968192
PAI1_HUMAN,0.46468133270064865,0.4517665411477464,0.5092596799734116,0.5421619837410963,0.4076602910575086,0.10357629892178412,0.4412908335244209,0.4152956645584046,0.4620885946706902,0.489850823056569,0.3859386263436155,0.09661326769878353,0.5657288458932077,0.5376281859360932,0.5292297763725342,0.5591250514195673,0.5414283016621397,0.08550457888203256
PA_I34A1,0.656387925194853,0.5709031561577753,0.5847716277411744,0.6203398858998208,0.553376517175261,0.0285019235585117,0.5019992507263561,0.5666500628946336,0.47343648963552104,0.5622189384173619,0.4351392327235198,0.0976936763637776,0.7310335251716916,0.7862293052954543,0.7353228526403904,0.7645984837175325,0.7018177239851072,0.147537200734813
PHOT_CHLRE,0.46144756746652305,0.4671438799944364,0.413748749489211,0.48216717641617884,0.40421457111324965,0.017270289347992716,0.5318819264892667,0.5485032434998346,0.38335994260810863,0.5429492047066795,0.37384333027134076,0.101484261106584,0.5087678702936083,0.5419959351362513,0.5406290929803627,0.5618498224919699,0.5285322448052547,-0.008554307149008572
PIN1_HUMAN,,0.4181965852467239,0.4111661253877022,0.3222106100968273,0.42853738991895196,-0.08536426072725894,,0.4664328733124225,0.41821703124409026,0.42666169559202965,0.4178482582939994,-0.012895768833174531,,0.5291605226989107,0.5690472829506228,0.5491655362939198,0.5913750300728774,-0.13016632738402037
PITX2_HUMAN,0.558370107967453,,0.7233564341744235,0.5406207610977983,0.6285918496552908,-0.10052238120479112,0.5524084097130619,,0.5462885088761477,0.5063310519127806,0.5460931058590252,0.004185919091352138,0.5162938234875073,,0.5372780788281364,0.5138394798994479,0.5316170593358231,-0.10226156090529225
PKN1_HUMAN,0.5350295980680974,,0.6763653334153318,0.5866956444231395,0.6226064980379025,0.059793648849097415,0.5832455134335811,,0.9060808928144246,0.6081863643399883,0.6667933198193146,-0.001924504438967916,0.5908581905005376,,0.8092722218196844,0.5883149431494938,0.7520489358231701,-0.08971814859834779
POLG_CXB3N,0.686103755535567,0.5975496724556176,0.6815201578129372,0.6314571108806313,0.6690414757892018,-0.014319329896214478,0.5828700389762489,0.5344603215203757,0.5236825125268995,0.581821755046649,0.45031282207563617,0.11901940779856868,0.6903075521430735,0.7090362209919295,0.6856815368892789,0.7084294850518298,0.6692212331542173,0.061746170811926744
POLG_DEN26,0.5899861679878589,0.6021190270850979,0.6057668452011988,0.5987090573720741,0.5548556885158589,0.03431161783991801,0.4531582107641256,0.5428561717010637,0.4940533231119863,0.5280677574144546,0.4189413630454216,0.10076951549495258,0.7192273750513727,0.7359256211074574,0.7309559702594783,0.7509873026451441,0.6988484303508066,0.1314875472104743
POLG_PESV,0.573322842196842,,0.7779989806356069,0.6131962554002632,0.7942404071350928,-0.06657420583494335,0.5825212105274085,,0.5609846707805495,0.6311782270544404,0.4898019104608874,0.1319051307911906,0.6869434818709698,,0.7347900933183509,0.7167075516416112,0.7530169969226924,-0.08156247371282845
PPARG_HUMAN,0.5222784669560618,0.6451999141743606,0.4397916335548311,0.5650770050325473,0.4174251023188284,0.11554353721289576,0.5012340661639147,0.6584927829585244,0.4520558559519547,0.5461880128770362,0.42712360283325274,0.09878172638685859,0.5611188569105979,0.6250109670284179,0.594722358182667,0.5913878755070612,0.6106587394567461,-0.06825214757619322
PPM1D_HUMAN,0.4130776321239685,0.42614108389336,0.5262408185647177,0.42875889098537645,0.549043260938883,-0.11024328851929568,0.3774683364378746,0.41992027269123533,0.456035010953445,0.4235290404208819,0.42527495191665865,-0.003051355783174714,0.5377387693222874,0.5919097799564879,0.5833129858166444,0.5856410875226342,0.5845691273121306,0.030799397661510398
PR40A_HUMAN,0.4773023857108363,,0.5280150956719114,0.5139948593414844,0.44681901548717895,0.05328399394856849,0.49198191914770106,,0.4450750385805414,0.608855712838183,0.40323211636800316,0.15848990433342391,0.5971807051164326,,0.6304298818056431,0.6077381960460919,0.6063955963875518,-0.04455622052919891
PRKN_HUMAN,0.4822982956452909,0.45079571411231745,0.47949308966427473,0.47653323466145703,0.48334866054006365,-0.014348707373319768,0.43838868538607034,0.47222181451884626,0.4350998324997034,0.4853076299883359,0.39663498809722925,0.08239959817917672,0.5928244384190529,0.5802371009596897,0.5672367004158325,0.6133024806611245,0.546119412286763,0.17810054030000522
PSAE_PICP2,0.4674170743839234,0.7410464491670846,0.6776383266449277,0.6314678725208398,0.5974656695047209,0.018655525000397195,0.24848232083505584,0.5133090776034004,0.520651491775501,0.5087246047224541,0.4576429054963404,0.04738082582996064,0.6382206269579922,0.6235532574626077,0.6126045738226991,0.5942675751599213,0.6106170924518907,-0.049430697779405494
PTEN_HUMAN,0.48622226725222245,0.5371781523153271,0.5005478991266744,0.5191997889138815,0.4807122167133827,0.012857855862779386,0.4487001080905339,0.45733521828949364,0.4753033964383742,0.46582612225550235,0.4618338176971413,-0.009215204695259237,0.5974446397102355,0.5989321736922941,0.6023078105424415,0.6211191589518256,0.5960150730437048,0.02353606502699497
Q2N0S5_9HIV1,0.7908445561581275,0.5727948164126425,0.6724754545972093,0.6154950656254905,0.6943461014943293,-0.08100892492456453,0.6388608573550805,0.51460338721275,0.5512007531390208,0.5492430533211554,0.5590215634290577,-0.02924904103447234,0.702224829941768,0.6562225685891325,0.6878859865551825,0.6860625169051096,0.6792144257042785,0.02512654697296991
Q53Z42_HUMAN,0.5593493451783773,0.6651532203572397,0.5704815590257712,0.6590323032444672,0.5696855473701472,0.07956754673628796,0.4963148330649158,0.6095405798572914,0.5186475365330904,0.5976557403802092,0.4805625965426851,0.08590863131569453,0.571135911293623,0.6168038585706547,0.5933362918271068,0.6179269281734279,0.5736390081332076,0.1612341478862607
Q59976_STRSQ,0.49525671417689765,0.5632163525945413,0.5043109982147658,0.6047562043089907,0.4450770874627581,0.12635260680839253,0.4515585036510329,0.533681063827371,0.4654074618748551,0.6006030795473101,0.412076552669849,0.14954585893045874,0.5063557319981579,0.5267932599849743,0.5198558098713961,0.5289679929113568,0.5042787487946078,0.033855051732616735
Q6WV12_9MAXI,0.552560968761461,0.5356940047040568,0.5240142608964243,0.5818151785635131,0.5240142608964243,0.028905076109990078,0.6688941449122532,0.5558791361876433,0.6543925460162838,0.598397694721342,0.6539626651270131,0.0010869100174094916,0.740656719048094,0.740129657464256,0.7334568997162606,0.7665197277283616,0.7334568997162606,0.06086373895399413
Q837P4_ENTFA,0.5294839807928542,,0.6092833835704632,0.6152138822860904,0.5034100220423099,0.16712056767974928,0.535716753646361,,0.6318357504667189,0.6148608366226969,0.4509497008103585,0.15410215177811568,0.5781585630196462,,0.5779289308239614,0.6026481214670493,0.5458548443460226,0.2603623699729419
Q837P5_ENTFA,0.5031295810508464,,0.5798414174566587,0.49546335754796855,0.569598568876063,0.0001518827957878954,0.4834732349300571,,0.42435445593258025,0.44651563048689374,0.47309925040173995,-0.01776828629174574,0.5583035847279874,,0.552835245782657,0.5839217484704977,0.5706177135728261,0.09921837703032774
Q8WTC7_9CNID,0.6014390316550456,0.47754553342323547,0.4353053417595414,0.5013054228994134,0.4607657325487162,0.016646297162833792,0.5003953101324914,0.5988701488680404,0.5434034842957156,0.5766480835705792,0.5227795771924219,0.07039323325089755,0.7687345710360896,0.7338506215132317,0.7355552815102397,0.7500944430277952,0.7533163369638294,0.0611881549833526
R1AB_SARS2,0.5162609475636325,0.4757625155704894,0.5167198290680581,0.5001699702677225,0.5234549084208593,-0.03340792371908115,0.5637103272143347,0.5143567114067755,0.5211852637177875,0.5545259926608008,0.5542914649688632,-0.00430311881249191,0.7338479626788579,0.7685151665184907,0.7330179730815227,0.7910206422176664,0.7272073107076332,0.14610425854365566
RAD_ANTMA,0.6451495621684159,,0.5112693669876249,0.8005290209118071,0.511631332559157,0.14239180211089525,0.6057937774606461,,0.5120490171194814,0.8291120039876672,0.49701679436278345,0.18431791918665913,0.5897375844197416,,0.6337854451287988,0.6618388746834583,0.5892534683017748,0.026012239792003265
RAF1_HUMAN,0.5244161928127088,0.45895997922202736,0.6578431469457591,0.6209571605122401,0.6061034456675034,0.02452231748646428,0.3708148813861609,0.5402764458822442,0.6218933722615025,0.6276934755870789,0.7077308269358755,0.006659531992562506,0.5566555121408328,0.5738733443161402,0.559421753278248,0.5789138740849853,0.5509661505814294,0.14600895585693022
RASH_HUMAN,0.4556531701096674,0.5175565384339829,0.4923664058616236,0.47781793458777466,0.5075847391348516,-0.012455726797702954,0.4800374013048251,0.44355390622327057,0.4932371522307615,0.45287154393114953,0.5455972686759352,-0.05894809893185429,0.5321222176463415,0.5745428181561598,0.5673287857626854,0.5701272187317916,0.5406446893461124,0.11623358056870768
RASK_HUMAN,0.474866023229653,0.4659359396455626,0.49507782671055744,0.4678947331453249,0.5534795052297408,-0.044098259990921526,0.4945896789641948,0.4240209303983524,0.5222089073892762,0.45718359432266936,0.5840083490220461,-0.08655416214775627,0.5354393625900367,0.5787741347711286,0.5702156859862345,0.5767031394444849,0.5564470559391161,0.08798487042269044
RBP1_HUMAN,0.4692942333153147,,0.43818231565361887,0.6176781713564397,0.4699042796126023,0.07120804454739918,0.380092533885488,,0.40703415407588983,0.4688585024889092,0.3567031319515479,0.09888031071965421,0.5993199650135036,,0.7246652317293696,0.634202032940245,0.6646933916216096,-0.07679914020200053
RCD1_ARATH,0.528050533253442,,0.6937778767749487,0.5924998617661873,0.583807939829735,-0.06865373984193536,0.46911773096495313,,0.47056899287636855,0.5460777987103167,0.46614722551854104,0.047824474708936734,0.58726519319364,,0.6399001150746562,0.623338072499579,0.6293781045369078,-0.04584665720462753
RCRO_LAMBD,0.483574330308768,0.5931932510970046,0.42277910943549446,0.5218303918963467,0.4578554375181225,0.034373032764044,0.49107332859075603,0.45705762920036336,0.43108143049592895,0.45895650283138656,0.4249027356704636,0.023815712012426465,0.5772622910118625,0.6012655021766674,0.5755578310031767,0.5781334288762225,0.5862905728975244,-0.09561022797667715
RD23A_HUMAN,0.4178035971005495,,0.432355834314085,0.42667876802077953,0.44681163986464056,-0.007475430908955995,0.38610809715885486,,0.6949356281044811,0.4211516754356828,0.49796961979150745,-0.10883047781350226,0.521746955178566,,0.6403402054335458,0.5217558073006909,0.6200224046627503,-0.3100551917350221
RDRP_I33A0,0.5812246904368175,0.6409783943259255,0.6628531232601337,0.6128156505188522,0.6196569534166172,-0.007046738296122177,0.4827309767284925,0.5587753866900812,0.5499334324149281,0.5464909757261037,0.4957325801353585,0.048366661571784694,0.7349988712749336,0.7415484493488605,0.751815414823614,0.7603928638469688,0.7308453797154246,0.0831638577310151
REV_HV1H2,0.6363798355771816,,0.6426077348604331,0.6550519208017024,0.6318147153720928,0.0008400214195407015,0.5616961860146836,,0.5347363258866366,0.5975778678356332,0.5138468366927533,0.11321038550205804,0.6484068516992436,,0.597308079805051,0.6624265070050974,0.598200375369376,0.172575853975047
RFAH_ECOLI,,0.4197251513350614,0.5307749939986952,0.5500175826883699,0.559347794252531,0.003256383621880234,,0.3865351680515991,0.49463545962028244,0.4377990682166856,0.5000497576902764,-0.02229791412463811,,0.5520855234285627,0.6026676285650011,0.5836662242211206,0.5992600641279073,-0.03978771422853358
RL20_AQUAE,0.577323252589742,,0.6591290573078419,0.6098059848568465,0.5162360717368915,0.021160624334551254,0.5586954205542761,,0.679214712074723,0.6779284178924072,0.5505023411959035,0.03361542187991773,0.5731487953010865,,0.6172087838592273,0.6212218023253053,0.6039183291241537,-0.01553397598466605
RL40A_YEAST,0.49554593719838225,0.58242884691229,0.564867013780985,0.5658863886504346,0.514314897608674,0.023054779403025052,0.5606310282249185,0.5907284431909621,0.5949015741437257,0.6141263376782397,0.5614152477032613,0.0019091597892500404,0.6100786184026953,0.6266320891559382,0.6154586534469515,0.6388382119822882,0.6073315239421726,0.05547988367412175
RNC_ECOLI,0.5653961643870247,0.4974687239828366,0.5711760788064829,0.565280225832171,0.5404239137494189,0.01656386745549995,0.5332128551015676,0.4766603610059165,0.539614885941196,0.5400760266242371,0.5057287156519171,0.03230470542059052,0.53339418050228,0.522705751366215,0.5251822292097726,0.5387970688293423,0.5260930964226872,0.02130319546741824
RPC1_BP434,0.40632780555915127,,0.43870540912720557,0.4678467510033914,0.4710642332354227,0.023444612402381167,0.34234650079064327,,0.37351715112934036,0.41365580243435457,0.3925415292074969,0.006178931393905885,0.4829886325865823,,0.47909056181412907,0.4944333700719874,0.5693068557672807,-0.09876861351455196
RPC1_LAMBD,0.5196679307915357,,0.4709422940308046,0.4723030636387997,0.4982479316677427,0.04118612934101807,0.45994398480469356,,0.41274065673915716,0.4386354986912046,0.3898339768608038,0.05622608888275754,0.538724066846439,,0.5378231051828402,0.5287292167392617,0.5261351098331688,0.020445500783097054
RS15_GEOSE,0.5777236356171482,,0.4390428490357827,0.5595853797691737,0.5772807755336875,-0.04276493121252706,0.49280416714346503,,0.4133122643529409,0.4856334650302092,0.49530881638887425,-0.0033133205649252886,0.5080404388096799,,0.5785329864339211,0.5036590175973971,0.5022960226020813,-0.028914167336741268
S22A1_HUMAN,0.5225765538261005,0.4291667029720574,0.5079362356832196,0.5541714503984849,0.47426116245107,0.0731513990022749,0.5126143850083402,0.420256065850871,0.49796016995829795,0.5495358056758757,0.44367794759566326,0.09476215323534704,0.5822789617251585,0.5884992243874735,0.5759058856221214,0.6029006173562221,0.5576286922494338,0.1229939765890238
SAV1_MOUSE,0.2837377538281571,0.49706652275962593,0.51530297945108,0.44468684531764513,0.4663331501826956,-0.04219202343256424,0.5583887096918323,0.501163339684275,0.657913348602994,0.5579752831055241,0.6552216488760576,-0.10750370623398779,0.5623640313569035,0.5706387304165831,0.6145729974105941,0.6023879638366455,0.665275106486447,-0.21962872661571464
SBI_STAAM,0.4566828336346338,,0.729598588453099,0.5158121606350968,0.5599540559307387,-0.06701543345807895,0.37167607105544076,,0.5879886761268334,0.4446800292510409,0.3388065202920858,0.14485479134190532,0.5854886574668559,,0.7827962174937872,0.5976997709582474,0.6518696145437028,-0.09088493805191308
SC6A4_HUMAN,0.5009710191593317,0.483565980541929,0.47723299925325974,0.5251080391330085,0.46245499677003243,0.04822537868556518,0.46978077262961626,0.43084696704220127,0.42328162269668823,0.4974257838192884,0.39269431221712575,0.09832848403811305,0.5196444111284237,0.47149764779584474,0.5261371523157254,0.5403669056366971,0.516528032971614,0.03161788152860678
SCIN_STAAR,0.5298701502831857,,0.5100492743154013,0.8238562290276532,0.5540349078338305,0.16267559629116995,0.5076385284142733,,0.5053411525495298,0.7224108805708118,0.5106177844303742,0.1954187779527416,0.6356738145612688,,0.7386888616939099,0.7054644294258869,0.6615143701468487,0.050770948949711535
SCN5A_HUMAN,0.8008434664307217,,,0.7601483766936268,,-0.05831462631717553,0.7351616172582607,,,0.6267984119283865,,-0.05745543375935564,0.6607536724945278,,,0.6533442343231695,,0.03339357880243608
SDA_BACSU,0.5143019084312788,,0.4553053706068351,0.5534821018038288,0.3759297947886257,0.11091873615127225,0.4521874589366069,,0.4226865759944864,0.5022307128706411,0.4151831428030941,0.07869001859036116,0.5161761775949041,,0.5261417271608186,0.5565960406213981,0.5103623385576845,0.05129798136639776
SERC_HUMAN,0.45263150501842864,0.5292169095163274,0.5130685650940447,0.552650985819938,0.4134145083359454,0.07811792816276611,0.43090614899270974,0.48582027075670464,0.5211382930666009,0.5269417900401548,0.41189118740751296,0.08102496710131137,0.5253994123026164,0.5624923566837189,0.5426585035801554,0.5625173664613708,0.5200436236540714,0.08723140557148044
SHOC2_HUMAN,0.4235861794654707,0.4841163171743267,0.4392898439180076,0.46947075904757307,0.4217671722397264,0.04168390519239047,0.4033406879388586,0.4393912616558284,0.4200891696191234,0.4471069195463573,0.3901043982338599,0.05389940465879315,0.5215661634142639,0.5353146153457762,0.540779416796804,0.5326270226062478,0.5859824738242042,-0.1638425558694894
SOX30_HUMAN,0.4689442555596921,,0.7157641964910461,0.47467434656589225,0.5473532092269017,-0.09397988857770431,0.5152700696365003,,0.6004468272821036,0.5137358808292922,0.5345137849259147,-0.03633872112693268,0.5323929548697626,,0.6044680289885106,0.5419132422747469,0.5375428414004642,-0.08663565806850218
SPA_STAAU,0.42671014056052736,,0.5987560289288866,0.5599342166570291,0.5756720644288643,-0.012644326960819394,0.5613098161958328,,0.5774639387716505,0.6701786320665077,0.5627396573336136,0.12554666575481857,0.6350025564476942,,0.7672547304219464,0.6703738147693024,0.6606519820625131,-0.009436176407835577
SPG1_STRSG,0.4543979908194661,0.42999677863747787,0.5054658775882548,0.4635621330581079,,0.010490529452485842,0.40778616872031803,0.4759319637078473,0.5241835769790875,0.47788802476691944,,0.04688364016537707,0.6566058478565053,0.6489024945516295,0.6783857597887145,0.6640391931992959,,0.027644783316056926
SPG2_STRSG,0.5590130850506805,0.45306613775750376,0.5960405377800503,0.4908851846769098,0.5525795718943876,-0.019229036734480103,0.4816155537434634,0.37772391917842546,0.5436591000266606,0.40310566998238223,0.4844888026311778,-0.07468977105803315,0.6498486411748579,0.6856962039436634,0.6877055369509054,0.7308519317549682,0.6621400438324484,0.17684011481662087
SPIKE_SARS2,0.5533426238266264,0.5369225325770516,0.5573792480192468,0.556775877635664,0.5376011519862327,0.010612813288328074,0.5212322425402903,0.5358650944284639,0.5535305240181382,0.5303292163974049,0.5724553681646048,-0.03939402137799487,0.7220795445099819,0.7631667738029744,0.7258873264018209,0.7587146441689749,0.7243175675932307,0.09918734922547354
SPTN1_CHICK,0.37842649627506775,0.540190946136563,0.40010351272273503,0.44391442179826185,0.39072507155873104,0.03563290724052536,0.40310500825313833,0.5096185464304277,0.4150094671222475,0.4283637566720137,0.39183635361063124,0.09720850963588429,0.5514452490392974,0.6236308297735896,0.5374793965053851,0.5922674210408302,0.5697726500018132,0.04321803232465198
SQSTM_MOUSE,0.46337148335155187,,0.4691818663553518,0.48826624695049425,0.4755861386605371,-0.02683725383110867,0.42642705368992395,,0.39861579651751156,0.42589332914082023,0.33645263831465333,0.04187394254517809,0.553145985566866,,0.6121197159098722,0.5663430380977066,0.6128427960571964,-0.09934871152840813
SR43C_ARATH,0.4042645610937814,0.5995671855977063,0.4648477943252839,0.5900987004094786,0.42944449085469505,0.032966409408401565,0.2973629276958633,0.6455066008575666,0.4004487338535162,0.5539536149060806,0.34620867987118603,0.12637762753664888,0.5874549986424721,0.5683064773001024,0.5198287903554151,0.5435880004156319,0.5414561447281337,-0.0725249390306557
SRBS1_HUMAN,0.728894192930699,0.48457737534520334,0.49737228929563193,0.5408016969278485,0.4840314748408022,0.07871225429130083,0.9924433364114297,0.5132594076735457,0.5648189959398218,0.565415016610771,0.5732042978638692,-0.029016543883314528,0.5931147601885322,0.562072261271012,0.5796572512156735,0.5782457579082799,0.608979773288188,-0.11867332354454556
SRC_HUMAN,0.4926789667884019,0.46633280986294173,0.4858149455319481,0.49561714070798046,0.4539211931682223,0.008071531705203168,0.4766591219847343,0.44869460042133247,0.4815436237454427,0.48198696394834917,0.446365622162893,0.0002934961233532089,0.5341285944441662,0.5528122773434413,0.51769248082523,0.5577588908309458,0.5010673211635928,0.1511533891799554
SUMO1_HUMAN,0.3723014231912066,0.4540989551827121,0.48168059534370866,0.46429342921519057,0.45832083566861054,-0.0023334274462085253,0.4263074348491991,0.5076599556027255,0.5056379935033144,0.5391275261023506,0.4287733643505244,0.088914149787475,0.5564387843336706,0.5807604074217886,0.6059988320549304,0.5996978285308916,0.6508459663820219,-0.11434656206918477
SYUA_HUMAN,0.7296316088808361,,0.6318188328549827,0.6420970441168624,0.5869880258318163,0.059556490901867855,0.5168737176038773,,0.6374350773907633,0.597669966494623,0.6487948723538259,-0.0397184606255152,0.6841471904225549,,0.5984602098392067,0.6008618904552584,0.5994667561520709,0.019779216987045354
TADBP_HUMAN,0.576308141550964,,0.53752807709602,,0.5229285760225786,0.09581950109204096,0.5677094310240713,,0.5058535674351325,,0.4851545841441763,0.08466654505459556,0.7699531837563545,,0.6021254361568013,,0.5864761759734948,0.4050506543388718
TAT_HV1BR,0.713504011513205,,0.6397937629799234,0.6794885215799609,0.6628526632499032,-0.002856246456312508,0.6372035204451305,,0.46320676929951254,0.5522596302278049,0.46320676929951254,0.09133538378499666,0.7423317548453061,,0.6313004112675167,0.7250797636356555,0.6282688918835232,0.2018856787326112
TCRG1_MOUSE,0.34764381602237204,0.41286074608930023,0.4191610059804765,0.41714190765672443,0.3916672929508742,-0.012134062788713474,0.4118594820377483,0.38864851265698047,0.2828883038794896,0.41786072234039917,0.2828171233729616,0.117963643549555,0.478985481077137,0.47723998312572685,0.5282632265363314,0.5231717776213457,0.5031380351354955,-0.04854075373241647
THO1_YEAST,0.4573610990684372,,0.5913276930462075,0.5493376008771023,0.475505236848379,0.05186383097145403,0.41638504005344135,,0.3866004073379048,0.5852333115130471,0.32312002944459406,0.16009662550316775,0.5311851238150068,,0.6231838918474192,0.5430166427724278,0.6224922560156585,-0.2077909752413191
TNKS2_HUMAN,0.46133950532028245,,0.4827198913871135,0.5741284251424613,0.5135435724504431,0.050157400384344825,0.44716276645556274,,0.401685466720084,0.5537001244741345,0.4272054351077581,0.10496196012102818,0.5348876980735368,,0.5341748371850529,0.5577793544449889,0.5653052884736096,-0.04159382237236515
TPK1_HUMAN,0.4659667015842656,0.46796994751988163,0.5515350587576624,0.48339800566975916,0.4883077296888574,-0.00988396915963476,0.47679243593916426,0.4577874653725539,0.5239965683427443,0.4611181924342669,0.47849911387714655,-0.028927657523848894,0.5928296177178531,0.5729276160216548,0.56975535342792,0.5913946606607383,0.5572382829411493,0.06750138713625108
TPMT_HUMAN,0.4543587818777901,0.39270818460788537,0.5270304019653144,0.48710267750734265,0.48003450925080193,0.03444094534072282,0.4091492539776261,0.39513131862854994,0.5081757567435513,0.4891902859481094,0.4034413069881607,0.0934766488035674,0.5066881407166945,0.5152517513841159,0.5436711838269135,0.5297727516206093,0.522647923271717,0.005493416284697788
TPOR_HUMAN,0.5350753566337836,,0.46480100204386976,0.47198570395696055,0.4512945453962521,-0.07448911645131849,0.48286469875276866,,0.4124962625647991,0.45789482015855687,0.40220510264379783,0.03232455916598471,0.5852605835729112,,0.5569760307059528,0.6704226362056527,0.5750203776155295,-0.024318515542165076
TRPC_SACS2,0.4021393616629373,0.6989144205034703,0.577798902551669,0.6277085738276236,0.348032957560328,0.01835859369459707,0.46484661872796873,0.6962059376326843,0.5218003790298416,0.6353309705568198,0.3270701382375334,0.052650444272022395,0.4965147792760723,0.5612702776320608,0.5183946683902909,0.5490143464892911,0.5021784006538481,0.07821984672802108
TRPC_THEMA,0.6426280747626858,0.6562432854801121,0.6224419902735265,0.6229105016621067,0.4234811924023319,0.03946560151662468,0.6819034322930939,0.6524520132940042,0.5162835943213517,0.6061755693157639,0.36248979514900437,0.0673419532939035,0.4757395723777145,0.529069251513409,0.5116631065457733,0.5262326719767475,0.4730226197409856,0.06338722913017329
UBC9_HUMAN,0.4152493169751046,0.41885442054269706,0.45595804797183226,0.4509643525222924,0.4217971240492125,0.006681938926514869,0.4288503097857459,0.4157952594246559,0.46650716703002904,0.4739422533504969,0.4435365608353278,-0.009757810079572996,0.5815084047124084,0.6053442309280572,0.6072527962590902,0.6142709782270044,0.5910571006533345,0.03322088842535622
UBE4B_HUMAN,0.4392937587917499,0.43170106224591615,0.48598354455412285,0.4608717959042274,0.559802261245294,-0.1162404656227674,0.41187855459453937,0.41860086901397764,0.4597427181897683,0.422671544239694,0.43394902599582635,-0.00747411777570677,0.5502144095581003,0.5378214771388632,0.5839566863331347,0.5663876886692496,0.5756185169887267,-0.05582547857499339
UBE4B_MOUSE,0.5642162624056429,0.5260307233330688,0.6570494540500033,0.5160124628025197,0.6536169887127596,-0.11469712607484409,0.4875164320578942,0.4221045796414489,0.5480063788297975,0.4427720001418025,0.5911021345020769,-0.12415830677550467,0.6209041378873742,0.6395358338314306,0.6761944909848208,0.640691030646133,0.650408871501103,-0.03851694448469069
UBR5_HUMAN,0.5349117332768372,,0.5254896978302681,0.503450213426899,0.5396343313686159,-0.057101586551291446,0.44058412198183916,,0.5863480560434405,0.44137868335380703,0.39202300305797744,0.01106313736349635,0.5681665772939135,,0.6381490769715729,0.579646855399236,0.6074026594101434,-0.10229244322896025
VG08_BPP22,0.5027615934746967,,1.037574154501292,0.5350110171647963,0.7571149433831063,-0.13369204128679663,0.2737710989423444,,0.3829860433992196,0.29929022188709165,0.32104632834613744,0.021877799813405745,0.5897007552593462,,0.7043511009182947,0.6187405785737272,0.6404901014396169,-0.04126619221802663
VILI_CHICK,0.46290357704215807,,0.5233203872813761,0.6274514649272842,0.4031412707372385,0.19731885043600686,0.4130140460077421,,0.48289275782691005,0.5056379049785238,0.39062487271415924,0.12560856611198726,0.5770444783382265,,0.6479458532636228,0.6195289689495749,0.6380249294046795,-0.006733423227339394
VKOR1_HUMAN,0.5010275493185432,0.4994329642298696,0.5843559763499968,0.5507976740757246,0.483287152744581,0.05366837845484506,0.4673569348626871,0.6134161707125894,0.49193682527519395,0.528105085018072,0.4146242167571523,0.10923211230420292,0.5609379954224628,0.6091962997073733,0.6134390463100391,0.5862407288881955,0.573191138343733,0.042808901517195005
VRPI_BPT7,0.6306485903837145,0.6953845217121652,0.6298199922319114,0.7423362069059564,0.7228922615455813,0.021486813067647704,0.4752823935457044,0.37237505047962527,0.3872073388757492,0.39125320414266285,0.39473561108182553,-0.016614520380219367,0.6626905425677552,0.6460066244292274,0.693067114074398,0.6826304044653192,0.6987682864263939,-0.05402533829353482
YAIA_ECOLI,0.5316734535614389,0.5337253709295451,0.6897239324624819,0.43670610586595504,0.6637037645184248,-0.15784355909738645,0.431684798910204,0.44365966168447757,0.448076615041121,0.4465183602749246,0.4995800080706796,-0.056175686506033884,0.6919453373640796,0.70514265562538,0.6960653005651043,0.7170277575987644,0.7008365855410442,-0.005423523861219317
YAP1_HUMAN,0.4178254401184132,0.518597934698564,0.43158896407859126,0.5007576804837447,0.3896147729336157,0.06909112495431455,0.25034615285146955,0.573909313813399,0.3837637742499592,0.48391260424693516,0.3233872406218439,0.09935152181882567,0.6232332762917854,0.5870664741931788,0.5657650845218896,0.5845195668663496,0.6099885986407578,0.10264523191131178
YNZC_BACSU,0.5049657196963449,,0.958513451721978,0.4447166136034645,0.7842430357700045,-0.27332727528620243,0.3476213761410677,,0.7513116819794704,0.39990715221699985,0.5632704524841281,-0.0792162807738307,0.518082101551852,,0.6457434461190097,0.5472067657223194,0.5535808037931609,-0.08472846795197007
