UniProt_ID,dD_evo_struct,dD_std
A0A140D2T1_ZIKV,0.05549351815561521,-0.0022365629353020555
A0A192B1T2_9HIV1,0.38678752721589305,0.033806079517296195
A0A1I9GEU1_NEIME,-0.2322261374902933,-0.03196266649290158
A0A247D711_LISMN,0.0647403985141356,-0.018800855716210263
A0A2Z5U3Z0_9INFA,0.07270467390544477,0.027743015714890573
A4D664_9INFA,0.04951722954092741,0.019023150445667047
A4GRB6_PSEAI,0.09696097824690197,0.06259583533099183
AACC1_PSEAI,-0.13120269888846448,0.008182217303385864
ACE2_HUMAN,0.09785760505805208,0.047677014187077926
ADRB2_HUMAN,-0.008322001135305901,0.009459335565383142
AMIE_PSEAE,0.0741261590511676,0.06151045182212134
ANCSZ,0.034978172183969536,-0.00596769067299685
ARGR_ECOLI,-0.190231449424887,-0.023237987716320685
BBC1_YEAST,-0.04380168174657406,0.020642595039190748
BCHB_CHLTE,-0.15655216330863997,-0.05062383143609728
BLAT_ECOLX,-0.07591563149888386,0.026280159110629864
BRCA1_HUMAN,0.033853000986818815,0.0012399789868832167
BRCA2_HUMAN,-0.2511980543058757,-0.09289288268252571
C6KNH7_9INFA,0.0795409011587156,0.0361989977325734
CALM1_HUMAN,0.025816724061192287,0.025294577630531223
CAR11_HUMAN,0.09385923519736039,0.010847211452660654
CAS9_STRP1,0.002852999387940258,-0.018534599239627414
CASP3_HUMAN,0.045796642988599034,-0.011204036622601277
CASP7_HUMAN,-0.030142035092854014,0.003202023829105727
CATR_CHLRE,-0.0367661627278153,0.05889932978534185
CBPA2_HUMAN,0.2326733922678731,0.011014959633437682
CBS_HUMAN,-0.003797615111219288,-0.0003150067015129654
CBX4_HUMAN,-0.08456462415456834,0.06122183542967585
CCDB_ECOLI,-0.1298908801610693,-0.006017120900633999
CCR5_HUMAN,-0.024991949498195887,0.03368718753989797
CD19_HUMAN,0.05912799929483359,-0.03924360493522161
CP2C9_HUMAN,0.025704522175457822,0.007436071329531835
CSN4_MOUSE,-0.1303976778602276,0.07168722146738205
CUE1_YEAST,0.0875496374219541,0.0466513007617827
D7PM05_CLYGR,-0.028059270184245533,-0.005552155456129304
DLG4_HUMAN,0.033737972837662056,-0.025045826000515747
DLG4_RAT,0.1888656987448214,-0.0016642721956123818
DN7A_SACS2,-0.11867872108227884,0.04157820501758602
DNJA1_HUMAN,0.16855991945162185,0.06715882105717619
DOCK1_MOUSE,-0.08697016668228674,-0.022796820663971706
DYR_ECOLI,-0.025407439186289404,0.014920620685965447
ENVZ_ECOLI,-0.04202821604023954,0.14880241142378192
ENV_HV1BR,0.28131463643650867,0.05680406479289035
EPHB2_HUMAN,0.08339046992949861,0.003996550661742093
ESTA_BACSU,-0.01877627407461907,-0.005384176001563934
FECA_ECOLI,-0.0778316307289661,-0.021636085131332083
FKBP3_HUMAN,-0.02796324769470615,-0.045750350030492326
GAL4_YEAST,-0.11503893804113541,0.06042026295322667
GDIA_HUMAN,-0.024408717181269468,0.010085836719673447
GFP_AEQVI,0.03194759008230241,-0.004507371950537298
GRB2_HUMAN,0.01562767383335356,-0.014429925854954617
HCP_LAMBD,0.044647634370684475,0.07415108344980825
HECD1_HUMAN,-0.28960089307850967,0.03391967782036864
HEM3_HUMAN,0.15833891342518047,0.0543750278921471
HIS7_YEAST,0.0829716966297423,-0.031754818522795714
HMDH_HUMAN,-0.008392410786104643,-0.01617652338278941
HSP82_YEAST,0.027091339395794556,0.018044138772419727
HXK4_HUMAN,-0.055944777412356705,0.022001128635866563
I6TAH8_I68A0,0.06421920566812367,-0.025812633892421277
IF1_ECOLI,0.11345211356399487,0.06498118907845407
ILF3_HUMAN,0.1795442343723168,0.061831944825463836
ISDH_STAAW,0.24193513218015417,0.13482241113586135
KCNE1_HUMAN,0.12829327128165768,-0.036791533871609716
KCNJ2_MOUSE,-0.015884119440874422,0.028780263581977716
KKA2_KLEPN,0.06722536162755799,0.018162417811536824
LGK_LIPST,0.005620963613019003,0.033366957960392796
MBD11_ARATH,-0.011866163661785611,0.05811750014416195
MET_HUMAN,0.13464963842873096,0.04348652473984438
MK01_HUMAN,0.04154602849110833,0.12334172140046373
MLAC_ECOLI,0.21718765497219739,0.01838275710065662
MSH2_HUMAN,-0.0498534413300179,-0.021024066117696694
MTH3_HAEAE,0.04230209477103225,0.013329849383943548
MTHR_HUMAN,-0.018397494027149852,-0.018803409544057015
MYO3_YEAST,-0.1627954700872521,-0.001140715635254974
NCAP_I34A1,-0.007428348569019194,-0.01966225509327635
NKX31_HUMAN,-0.025076038355520802,0.06004363225430365
NPC1_HUMAN,-0.04775957359427779,-0.022560445845124733
NRAM_I33A0,-0.03862861590885747,-0.003320660130630926
NUD15_HUMAN,-0.11409720330383522,0.021729448852763178
NUSA_ECOLI,-0.09013045419130372,-0.002693703931348934
NUSG_MYCTU,0.10426838931420135,0.10097718828429092
OBSCN_HUMAN,0.1664154346047455,-0.004359411890816678
OPSD_HUMAN,-0.04830621784456113,-0.04247062526880341
OTC_HUMAN,0.059908853822673414,0.032253632047404945
OXDA_RHOTO,0.07694014548369021,0.024508577955435595
P53_HUMAN,0.020029431618598714,-0.029629058258577312
P84126_THETH,0.10696010160795422,0.06658079736797945
PABP_YEAST,0.0025120205017422625,-0.05134237349338844
PAI1_HUMAN,0.03491120501581957,0.0046554446470065125
PA_I34A1,-0.02025340855514879,-0.006076440702251773
PHOT_CHLRE,0.003911597341717921,0.0928634330152992
PITX2_HUMAN,0.2740819122284994,-0.012528205287307581
PKN1_HUMAN,0.2132582935485695,0.09381480040717471
POLG_CXB3N,0.034841828057477264,-0.0639382390724319
POLG_DEN26,-0.03748014608207195,-0.010801462867099154
POLG_PESV,0.11744860346936692,0.02237179332329342
PPARG_HUMAN,-0.10404099654827004,0.035065105195438595
PPM1D_HUMAN,0.08903947431028902,0.022709665846340044
PR40A_HUMAN,-0.07162268108774245,-0.02371127593747091
PRKN_HUMAN,0.06276572759385912,-0.021666657041946702
PSAE_PICP2,-0.05797041564077099,-0.0003090682319591975
PTEN_HUMAN,0.06957248020460133,0.035203702037264195
Q2N0S5_9HIV1,0.30060482192358795,0.04665698562864917
Q53Z42_HUMAN,-0.07368510116558713,-0.03034897577067497
Q59976_STRSQ,-0.06796106344191433,-0.00026254181600116056
Q6WV12_9MAXI,-0.017961082679000318,0.029648200913295786
Q8WTC7_9CNID,0.10302104750389157,0.05264983510990684
R1AB_SARS2,0.0661274241902221,-0.0577135208689864
RAD_ANTMA,-0.10180203449066072,-0.022224866231356333
RASH_HUMAN,-0.04069279407789239,0.047837053326953316
RASK_HUMAN,0.09563128236922136,0.05059834951855069
RBP1_HUMAN,0.011891739455897388,-1.3317868313822423e-05
RCD1_ARATH,0.07713770984745472,-0.027950556166578155
RCRO_LAMBD,0.18867151389987113,0.06091463444300049
RDRP_I33A0,0.03070119194453802,-0.008254355391342005
REV_HV1H2,0.05281246414850249,-0.0582341330216003
RFAH_ECOLI,0.010630254681965656,0.09063954653272632
RL20_AQUAE,0.33795291552034523,0.06691791538308256
RL40A_YEAST,0.0014806183431328446,0.02009812020093049
RNC_ECOLI,0.03246835126155234,-0.0003020870308249046
RPC1_BP434,0.03645092117387555,0.152243065340254
RPC1_LAMBD,0.1501691996848486,0.05793923264054657
RS15_GEOSE,0.008318108438531868,0.0104444301783288
S22A1_HUMAN,-0.06844713839132027,0.0033122938076448616
SBI_STAAM,0.12424428955669098,0.08869403650102436
SC6A4_HUMAN,-0.03534032795484682,0.006097459769326963
SCIN_STAAR,0.15518357672220606,-0.01514226556523679
SERC_HUMAN,-0.03564864198837919,0.012616593040640556
SHOC2_HUMAN,-0.007960858871356613,0.09856367557210699
SOX30_HUMAN,0.10895582489348915,0.05024414182852499
SPA_STAAU,0.14047184081442865,-0.044184790091593484
SPG1_STRSG,0.012416222962304213,0.028148853954928166
SPG2_STRSG,0.1994756067753049,-0.005171111284504093
SPIKE_SARS2,-0.006064917882896204,-0.02395814885102754
SPTN1_CHICK,0.1102335325376902,-0.07812382705924659
SRBS1_HUMAN,0.06500093928443268,0.14354918791887428
SRC_HUMAN,0.058710055229153624,0.0025677196249513923
SUMO1_HUMAN,-0.005472433643059216,0.04126310239999975
SYUA_HUMAN,0.11371600093628897,0.007609440037933957
TADBP_HUMAN,-0.03667793781634443,-0.1223024664753325
TAT_HV1BR,-0.12986540120403411,-0.12164369191165947
TNKS2_HUMAN,0.02054769015654001,0.013571906734025863
TPK1_HUMAN,0.046178221279919496,0.020707120804430046
TPMT_HUMAN,0.01253447725420781,-0.0028648537981447175
TRPC_SACS2,-0.07407919662852175,0.04652950495507813
TRPC_THEMA,0.04048376879019222,0.006093793106700662
UBC9_HUMAN,0.0382126330810898,0.007467011397594869
UBE4B_HUMAN,0.08560853512624078,0.016239155472787203
UBE4B_MOUSE,0.0024385255549160822,-0.032425683143716966
UBR5_HUMAN,0.060762864543044304,0.022736347897060583
VILI_CHICK,-0.16868256323032949,0.027518582793016555
VKOR1_HUMAN,0.010977952686622716,0.021010107686403434
VRPI_BPT7,0.051301258049331944,0.07563702552933405
YAIA_ECOLI,0.40567308389873247,0.00463971075953129
