UniProt_ID,n,rho
A0A140D2T1_ZIKV,214,-0.02033985471563224
A0A192B1T2_9HIV1,662,-0.008489786789880504
A0A1I9GEU1_NEIME,161,0.023737788734177114
A0A247D711_LISMN,87,0.08863210750409997
A0A2Z5U3Z0_9INFA,564,0.0789036872623121
A4D664_9INFA,759,-0.08248999515093221
A4GRB6_PSEAI,266,-0.15938818820234707
AACC1_PSEAI,161,0.22706810164805277
ACE2_HUMAN,117,0.031309944854253216
ADRB2_HUMAN,412,0.009489719013507704
AMIE_PSEAE,341,-0.09850752373083073
ANCSZ,274,-0.06280470615377406
ARGR_ECOLI,69,-0.050659042557636
BBC1_YEAST,64,-0.21333547316828472
BCHB_CHLTE,52,0.06424897022714089
BLAT_ECOLX,263,0.05993238853911245
BRCA1_HUMAN,326,0.12651531282428266
C6KNH7_9INFA,566,0.12921083822505555
CALM1_HUMAN,148,-0.15846262765555655
CAR11_HUMAN,141,0.1388704269196346
CAS9_STRP1,1368,-0.10078834990228643
CASP3_HUMAN,257,-0.11615804926295058
CASP7_HUMAN,280,0.042178940978746776
CATR_CHLRE,72,-0.21696103416543072
CBPA2_HUMAN,72,-0.11779271318435723
CBS_HUMAN,549,0.05670047337082735
CBX4_HUMAN,50,-0.10166154448909771
CCDB_ECOLI,100,-0.0886435236979755
CCR5_HUMAN,323,0.03224663466595214
CD19_HUMAN,272,-0.06650196220175385
CP2C9_HUMAN,490,-0.09447514188528543
CSN4_MOUSE,72,0.08203561535682342
CUE1_YEAST,52,-0.29098360682254215
D7PM05_CLYGR,234,-0.003953156909438545
DLG4_HUMAN,84,-0.1999412771316118
DLG4_RAT,83,-0.19156818707631318
DN7A_SACS2,55,0.12081747508233633
DNJA1_HUMAN,65,-0.14842819524700787
DOCK1_MOUSE,66,0.015553235992876361
DYR_ECOLI,158,-0.02699193498130227
ENVZ_ECOLI,60,-0.16282300639066408
ENV_HV1BR,677,0.09809063778471853
EPHB2_HUMAN,66,-0.21488069217526704
ESTA_BACSU,168,-0.043496970597483274
FECA_ECOLI,72,-0.15842746336942004
FKBP3_HUMAN,69,-0.2667092946376179
GAL4_YEAST,64,-0.2028182557167645
GDIA_HUMAN,445,-0.06273581260399007
GFP_AEQVI,233,-0.04951264869447774
GRB2_HUMAN,55,-0.0126984126984127
HCP_LAMBD,55,-0.07168238966515446
HECD1_HUMAN,72,0.021401122337698565
HEM3_HUMAN,342,-0.15369954921952755
HIS7_YEAST,91,-0.12987468265918947
HMDH_HUMAN,887,0.26981089667820585
HSP82_YEAST,707,0.042313765319362824
HXK4_HUMAN,464,0.0409265344615278
I6TAH8_I68A0,498,0.04842946915248864
IF1_ECOLI,72,-0.2309714675058995
ILF3_HUMAN,71,-0.2730092724943216
ISDH_STAAW,55,-0.13940148296833646
KCNE1_HUMAN,127,-0.08018747711495407
KCNJ2_MOUSE,391,0.12242053050322305
KKA2_KLEPN,264,-0.06684613090054445
LGK_LIPST,439,0.02667339611893497
MBD11_ARATH,66,0.023630594522378093
MET_HUMAN,287,-0.20162364424678697
MK01_HUMAN,359,-0.19960149339616126
MLAC_ECOLI,211,-0.09849596351541724
MSH2_HUMAN,934,-0.08333352050063796
MTH3_HAEAE,329,-0.028497287116209923
MTHR_HUMAN,656,-0.02309475743241399
MYO3_YEAST,61,0.08771187588748963
NCAP_I34A1,498,0.07388122390872827
NKX31_HUMAN,61,-0.25992569794497666
NPC1_HUMAN,115,-0.14933776271623656
NRAM_I33A0,50,0.17586551164476757
NUD15_HUMAN,163,-0.13595090819898675
NUSA_ECOLI,69,-0.1302215118964957
NUSG_MYCTU,55,-0.03127762045278758
OBSCN_HUMAN,65,-0.19881993006993007
OPSD_HUMAN,109,-0.0729043587924961
OTC_HUMAN,322,0.05120533683721912
OXDA_RHOTO,364,-0.1861289924355165
P53_HUMAN,393,0.12065862302902373
P84126_THETH,80,-0.16025881540829057
PABP_YEAST,75,0.031067298257741443
PAI1_HUMAN,379,-0.1324595175980695
PA_I34A1,674,0.012926593350703822
PHOT_CHLRE,118,-0.07342857206797977
PITX2_HUMAN,52,-0.15315315664315055
PKN1_HUMAN,71,-0.2704452093013767
POLG_CXB3N,851,0.06487203232968615
POLG_DEN26,900,0.006188363954497099
POLG_PESV,53,0.026125345218685328
PPARG_HUMAN,504,0.13584012809588333
PPM1D_HUMAN,420,0.1343404571005606
PR40A_HUMAN,63,-0.09010392917171932
PRKN_HUMAN,465,0.046952175191739075
PTEN_HUMAN,403,-0.09396308530065893
Q2N0S5_9HIV1,670,0.027090096032317337
Q53Z42_HUMAN,180,-0.14186687841947576
Q59976_STRSQ,500,-0.00885044982503297
Q8WTC7_9CNID,234,0.052696180633256
R1AB_SARS2,303,-0.1379201234034313
RAD_ANTMA,54,-0.10982350506510608
RASH_HUMAN,165,-0.0711282679849762
RASK_HUMAN,185,0.0337092547182968
RBP1_HUMAN,52,-0.16905016023941635
RCD1_ARATH,57,0.010111485610578171
RCRO_LAMBD,63,-0.09428708636836336
RDRP_I33A0,754,0.022175379938280365
REV_HV1H2,113,-0.040168258384415435
RFAH_ECOLI,55,-0.33416908679835217
RL20_AQUAE,59,-0.047167467935494624
RL40A_YEAST,75,-0.17368791656691904
RNC_ECOLI,226,-0.19993169768013275
RPC1_BP434,61,-0.23332936994333944
RPC1_LAMBD,59,-0.09918321425977308
RS15_GEOSE,63,0.062358235863998586
S22A1_HUMAN,547,0.13409775303321989
SBI_STAAM,56,-0.3491857345987376
SC6A4_HUMAN,612,0.09637018204193802
SCIN_STAAR,70,0.007331583580115196
SERC_HUMAN,366,-0.08881818187070081
SHOC2_HUMAN,578,-0.2014881069725285
SOX30_HUMAN,57,-0.10714632966249518
SPA_STAAU,55,0.0428586890137845
SPG1_STRSG,55,-0.020562770562770567
SPG2_STRSG,56,-0.23631143674050276
SPIKE_SARS2,201,-0.10414102899025385
SPTN1_CHICK,60,-0.05317124006008136
SRBS1_HUMAN,67,-0.0668675420574813
SRC_HUMAN,247,-0.035814745850778866
SUMO1_HUMAN,96,0.09694856856278716
SYUA_HUMAN,139,0.08958235119521483
TADBP_HUMAN,84,-0.016300991229284096
TAT_HV1BR,83,-0.011754519456760534
TNKS2_HUMAN,59,0.08124260276373918
TPK1_HUMAN,241,-0.13197202303116184
TPMT_HUMAN,241,-0.1775478308533213
TRPC_SACS2,80,-0.021969262335585212
TRPC_THEMA,80,-0.11302818977434999
UBC9_HUMAN,158,-0.07857100486025843
UBE4B_HUMAN,69,-0.07121325622256489
UBE4B_MOUSE,102,-0.1012900872784988
UBR5_HUMAN,58,-0.40444806747635736
VILI_CHICK,65,-0.1165016718300879
VKOR1_HUMAN,162,-0.08955794726790578
VRPI_BPT7,56,-0.2038040230304472
YAIA_ECOLI,52,-0.1336663256238374
